time (UTC),depth (m),latitude (degrees_north),longitude (degrees_east),sst (Celsius)
2020-03-01T12:00:00Z,0.0,-27.875,311.125,NaN
2020-03-01T12:00:00Z,0.0,-27.875,311.375,NaN
2020-03-01T12:00:00Z,0.0,-27.875,311.625,24.519999
2020-03-01T12:00:00Z,0.0,-27.625,311.125,NaN
2020-03-01T12:00:00Z,0.0,-27.625,311.375,NaN
2020-03-01T12:00:00Z,0.0,-27.625,311.625,24.6
2020-03-01T12:00:00Z,0.0,-27.375,311.125,NaN
2020-03-01T12:00:00Z,0.0,-27.375,311.375,NaN
2020-03-01T12:00:00Z,0.0,-27.375,311.625,24.75
2020-03-02T12:00:00Z,0.0,-27.875,311.125,NaN
2020-03-02T12:00:00Z,0.0,-27.875,311.375,NaN
2020-03-02T12:00:00Z,0.0,-27.875,311.625,24.38
2020-03-02T12:00:00Z,0.0,-27.625,311.125,NaN
2020-03-02T12:00:00Z,0.0,-27.625,311.375,NaN
2020-03-02T12:00:00Z,0.0,-27.625,311.625,24.529999
2020-03-02T12:00:00Z,0.0,-27.375,311.125,NaN
2020-03-02T12:00:00Z,0.0,-27.375,311.375,NaN
2020-03-02T12:00:00Z,0.0,-27.375,311.625,24.699999
2020-03-03T12:00:00Z,0.0,-27.875,311.125,NaN
2020-03-03T12:00:00Z,0.0,-27.875,311.375,NaN
2020-03-03T12:00:00Z,0.0,-27.875,311.625,24.3
2020-03-03T12:00:00Z,0.0,-27.625,311.125,NaN
2020-03-03T12:00:00Z,0.0,-27.625,311.375,NaN
2020-03-03T12:00:00Z,0.0,-27.625,311.625,24.47
2020-03-03T12:00:00Z,0.0,-27.375,311.125,NaN
2020-03-03T12:00:00Z,0.0,-27.375,311.375,NaN
2020-03-03T12:00:00Z,0.0,-27.375,311.625,24.619999
2020-03-04T12:00:00Z,0.0,-27.875,311.125,NaN
2020-03-04T12:00:00Z,0.0,-27.875,311.375,NaN
2020-03-04T12:00:00Z,0.0,-27.875,311.625,24.0
2020-03-04T12:00:00Z,0.0,-27.625,311.125,NaN
2020-03-04T12:00:00Z,0.0,-27.625,311.375,NaN
2020-03-04T12:00:00Z,0.0,-27.625,311.625,24.029999
2020-03-04T12:00:00Z,0.0,-27.375,311.125,NaN
2020-03-04T12:00:00Z,0.0,-27.375,311.375,NaN
2020-03-04T12:00:00Z,0.0,-27.375,311.625,24.09
2020-03-05T12:00:00Z,0.0,-27.875,311.125,NaN
2020-03-05T12:00:00Z,0.0,-27.875,311.375,NaN
2020-03-05T12:00:00Z,0.0,-27.875,311.625,24.359999
2020-03-05T12:00:00Z,0.0,-27.625,311.125,NaN
2020-03-05T12:00:00Z,0.0,-27.625,311.375,NaN
2020-03-05T12:00:00Z,0.0,-27.625,311.625,24.269999
2020-03-05T12:00:00Z,0.0,-27.375,311.125,NaN
2020-03-05T12:00:00Z,0.0,-27.375,311.375,NaN
2020-03-05T12:00:00Z,0.0,-27.375,311.625,24.289999
2020-03-06T12:00:00Z,0.0,-27.875,311.125,NaN
2020-03-06T12:00:00Z,0.0,-27.875,311.375,NaN
2020-03-06T12:00:00Z,0.0,-27.875,311.625,24.41
2020-03-06T12:00:00Z,0.0,-27.625,311.125,NaN
2020-03-06T12:00:00Z,0.0,-27.625,311.375,NaN
2020-03-06T12:00:00Z,0.0,-27.625,311.625,24.32
2020-03-06T12:00:00Z,0.0,-27.375,311.125,NaN
2020-03-06T12:00:00Z,0.0,-27.375,311.375,NaN
2020-03-06T12:00:00Z,0.0,-27.375,311.625,24.38
2020-03-07T12:00:00Z,0.0,-27.875,311.125,NaN
2020-03-07T12:00:00Z,0.0,-27.875,311.375,NaN
2020-03-07T12:00:00Z,0.0,-27.875,311.625,24.39
2020-03-07T12:00:00Z,0.0,-27.625,311.125,NaN
2020-03-07T12:00:00Z,0.0,-27.625,311.375,NaN
2020-03-07T12:00:00Z,0.0,-27.625,311.625,24.39
2020-03-07T12:00:00Z,0.0,-27.375,311.125,NaN
2020-03-07T12:00:00Z,0.0,-27.375,311.375,NaN
2020-03-07T12:00:00Z,0.0,-27.375,311.625,24.519999
2020-03-08T12:00:00Z,0.0,-27.875,311.125,NaN
2020-03-08T12:00:00Z,0.0,-27.875,311.375,NaN
2020-03-08T12:00:00Z,0.0,-27.875,311.625,24.369999
2020-03-08T12:00:00Z,0.0,-27.625,311.125,NaN
2020-03-08T12:00:00Z,0.0,-27.625,311.375,NaN
2020-03-08T12:00:00Z,0.0,-27.625,311.625,24.47
2020-03-08T12:00:00Z,0.0,-27.375,311.125,NaN
2020-03-08T12:00:00Z,0.0,-27.375,311.375,NaN
2020-03-08T12:00:00Z,0.0,-27.375,311.625,24.58
2020-03-09T12:00:00Z,0.0,-27.875,311.125,NaN
2020-03-09T12:00:00Z,0.0,-27.875,311.375,NaN
2020-03-09T12:00:00Z,0.0,-27.875,311.625,24.359999
2020-03-09T12:00:00Z,0.0,-27.625,311.125,NaN
2020-03-09T12:00:00Z,0.0,-27.625,311.375,NaN
2020-03-09T12:00:00Z,0.0,-27.625,311.625,24.539999
2020-03-09T12:00:00Z,0.0,-27.375,311.125,NaN
2020-03-09T12:00:00Z,0.0,-27.375,311.375,NaN
2020-03-09T12:00:00Z,0.0,-27.375,311.625,24.699999
2020-03-10T12:00:00Z,0.0,-27.875,311.125,NaN
2020-03-10T12:00:00Z,0.0,-27.875,311.375,NaN
2020-03-10T12:00:00Z,0.0,-27.875,311.625,24.67
2020-03-10T12:00:00Z,0.0,-27.625,311.125,NaN
2020-03-10T12:00:00Z,0.0,-27.625,311.375,NaN
2020-03-10T12:00:00Z,0.0,-27.625,311.625,24.9
2020-03-10T12:00:00Z,0.0,-27.375,311.125,NaN
2020-03-10T12:00:00Z,0.0,-27.375,311.375,NaN
2020-03-10T12:00:00Z,0.0,-27.375,311.625,25.119999
2020-03-11T12:00:00Z,0.0,-27.875,311.125,NaN
2020-03-11T12:00:00Z,0.0,-27.875,311.375,NaN
2020-03-11T12:00:00Z,0.0,-27.875,311.625,24.699999
2020-03-11T12:00:00Z,0.0,-27.625,311.125,NaN
2020-03-11T12:00:00Z,0.0,-27.625,311.375,NaN
2020-03-11T12:00:00Z,0.0,-27.625,311.625,24.98
2020-03-11T12:00:00Z,0.0,-27.375,311.125,NaN
2020-03-11T12:00:00Z,0.0,-27.375,311.375,NaN
2020-03-11T12:00:00Z,0.0,-27.375,311.625,25.24
2020-03-12T12:00:00Z,0.0,-27.875,311.125,NaN
2020-03-12T12:00:00Z,0.0,-27.875,311.375,NaN
2020-03-12T12:00:00Z,0.0,-27.875,311.625,24.89
2020-03-12T12:00:00Z,0.0,-27.625,311.125,NaN
2020-03-12T12:00:00Z,0.0,-27.625,311.375,NaN
2020-03-12T12:00:00Z,0.0,-27.625,311.625,25.17
2020-03-12T12:00:00Z,0.0,-27.375,311.125,NaN
2020-03-12T12:00:00Z,0.0,-27.375,311.375,NaN
2020-03-12T12:00:00Z,0.0,-27.375,311.625,25.46
2020-03-13T12:00:00Z,0.0,-27.875,311.125,NaN
2020-03-13T12:00:00Z,0.0,-27.875,311.375,NaN
2020-03-13T12:00:00Z,0.0,-27.875,311.625,25.33
2020-03-13T12:00:00Z,0.0,-27.625,311.125,NaN
2020-03-13T12:00:00Z,0.0,-27.625,311.375,NaN
2020-03-13T12:00:00Z,0.0,-27.625,311.625,25.539999
2020-03-13T12:00:00Z,0.0,-27.375,311.125,NaN
2020-03-13T12:00:00Z,0.0,-27.375,311.375,NaN
2020-03-13T12:00:00Z,0.0,-27.375,311.625,25.81
2020-03-14T12:00:00Z,0.0,-27.875,311.125,NaN
2020-03-14T12:00:00Z,0.0,-27.875,311.375,NaN
2020-03-14T12:00:00Z,0.0,-27.875,311.625,25.05
2020-03-14T12:00:00Z,0.0,-27.625,311.125,NaN
2020-03-14T12:00:00Z,0.0,-27.625,311.375,NaN
2020-03-14T12:00:00Z,0.0,-27.625,311.625,25.269999
2020-03-14T12:00:00Z,0.0,-27.375,311.125,NaN
2020-03-14T12:00:00Z,0.0,-27.375,311.375,NaN
2020-03-14T12:00:00Z,0.0,-27.375,311.625,25.539999
2020-03-15T12:00:00Z,0.0,-27.875,311.125,NaN
2020-03-15T12:00:00Z,0.0,-27.875,311.375,NaN
2020-03-15T12:00:00Z,0.0,-27.875,311.625,25.019999
2020-03-15T12:00:00Z,0.0,-27.625,311.125,NaN
2020-03-15T12:00:00Z,0.0,-27.625,311.375,NaN
2020-03-15T12:00:00Z,0.0,-27.625,311.625,25.56
2020-03-15T12:00:00Z,0.0,-27.375,311.125,NaN
2020-03-15T12:00:00Z,0.0,-27.375,311.375,NaN
2020-03-15T12:00:00Z,0.0,-27.375,311.625,25.84
2020-03-16T12:00:00Z,0.0,-27.875,311.125,NaN
2020-03-16T12:00:00Z,0.0,-27.875,311.375,NaN
2020-03-16T12:00:00Z,0.0,-27.875,311.625,25.14
2020-03-16T12:00:00Z,0.0,-27.625,311.125,NaN
2020-03-16T12:00:00Z,0.0,-27.625,311.375,NaN
2020-03-16T12:00:00Z,0.0,-27.625,311.625,25.58
2020-03-16T12:00:00Z,0.0,-27.375,311.125,NaN
2020-03-16T12:00:00Z,0.0,-27.375,311.375,NaN
2020-03-16T12:00:00Z,0.0,-27.375,311.625,25.8
2020-03-17T12:00:00Z,0.0,-27.875,311.125,NaN
2020-03-17T12:00:00Z,0.0,-27.875,311.375,NaN
2020-03-17T12:00:00Z,0.0,-27.875,311.625,25.06
2020-03-17T12:00:00Z,0.0,-27.625,311.125,NaN
2020-03-17T12:00:00Z,0.0,-27.625,311.375,NaN
2020-03-17T12:00:00Z,0.0,-27.625,311.625,25.42
2020-03-17T12:00:00Z,0.0,-27.375,311.125,NaN
2020-03-17T12:00:00Z,0.0,-27.375,311.375,NaN
2020-03-17T12:00:00Z,0.0,-27.375,311.625,25.689999
2020-03-18T12:00:00Z,0.0,-27.875,311.125,NaN
2020-03-18T12:00:00Z,0.0,-27.875,311.375,NaN
2020-03-18T12:00:00Z,0.0,-27.875,311.625,25.109999
2020-03-18T12:00:00Z,0.0,-27.625,311.125,NaN
2020-03-18T12:00:00Z,0.0,-27.625,311.375,NaN
2020-03-18T12:00:00Z,0.0,-27.625,311.625,25.439999
2020-03-18T12:00:00Z,0.0,-27.375,311.125,NaN
2020-03-18T12:00:00Z,0.0,-27.375,311.375,NaN
2020-03-18T12:00:00Z,0.0,-27.375,311.625,25.779999
2020-03-19T12:00:00Z,0.0,-27.875,311.125,NaN
2020-03-19T12:00:00Z,0.0,-27.875,311.375,NaN
2020-03-19T12:00:00Z,0.0,-27.875,311.625,25.14
2020-03-19T12:00:00Z,0.0,-27.625,311.125,NaN
2020-03-19T12:00:00Z,0.0,-27.625,311.375,NaN
2020-03-19T12:00:00Z,0.0,-27.625,311.625,25.529999
2020-03-19T12:00:00Z,0.0,-27.375,311.125,NaN
2020-03-19T12:00:00Z,0.0,-27.375,311.375,NaN
2020-03-19T12:00:00Z,0.0,-27.375,311.625,25.92
2020-03-20T12:00:00Z,0.0,-27.875,311.125,NaN
2020-03-20T12:00:00Z,0.0,-27.875,311.375,NaN
2020-03-20T12:00:00Z,0.0,-27.875,311.625,24.99
2020-03-20T12:00:00Z,0.0,-27.625,311.125,NaN
2020-03-20T12:00:00Z,0.0,-27.625,311.375,NaN
2020-03-20T12:00:00Z,0.0,-27.625,311.625,25.35
2020-03-20T12:00:00Z,0.0,-27.375,311.125,NaN
2020-03-20T12:00:00Z,0.0,-27.375,311.375,NaN
2020-03-20T12:00:00Z,0.0,-27.375,311.625,25.76
2020-03-21T12:00:00Z,0.0,-27.875,311.125,NaN
2020-03-21T12:00:00Z,0.0,-27.875,311.375,NaN
2020-03-21T12:00:00Z,0.0,-27.875,311.625,24.66
2020-03-21T12:00:00Z,0.0,-27.625,311.125,NaN
2020-03-21T12:00:00Z,0.0,-27.625,311.375,NaN
2020-03-21T12:00:00Z,0.0,-27.625,311.625,24.939999
2020-03-21T12:00:00Z,0.0,-27.375,311.125,NaN
2020-03-21T12:00:00Z,0.0,-27.375,311.375,NaN
2020-03-21T12:00:00Z,0.0,-27.375,311.625,25.269999
2020-03-22T12:00:00Z,0.0,-27.875,311.125,NaN
2020-03-22T12:00:00Z,0.0,-27.875,311.375,NaN
2020-03-22T12:00:00Z,0.0,-27.875,311.625,24.59
2020-03-22T12:00:00Z,0.0,-27.625,311.125,NaN
2020-03-22T12:00:00Z,0.0,-27.625,311.375,NaN
2020-03-22T12:00:00Z,0.0,-27.625,311.625,24.789999
2020-03-22T12:00:00Z,0.0,-27.375,311.125,NaN
2020-03-22T12:00:00Z,0.0,-27.375,311.375,NaN
2020-03-22T12:00:00Z,0.0,-27.375,311.625,25.07
2020-03-23T12:00:00Z,0.0,-27.875,311.125,NaN
2020-03-23T12:00:00Z,0.0,-27.875,311.375,NaN
2020-03-23T12:00:00Z,0.0,-27.875,311.625,24.779999
2020-03-23T12:00:00Z,0.0,-27.625,311.125,NaN
2020-03-23T12:00:00Z,0.0,-27.625,311.375,NaN
2020-03-23T12:00:00Z,0.0,-27.625,311.625,24.96
2020-03-23T12:00:00Z,0.0,-27.375,311.125,NaN
2020-03-23T12:00:00Z,0.0,-27.375,311.375,NaN
2020-03-23T12:00:00Z,0.0,-27.375,311.625,25.119999
2020-03-24T12:00:00Z,0.0,-27.875,311.125,NaN
2020-03-24T12:00:00Z,0.0,-27.875,311.375,NaN
2020-03-24T12:00:00Z,0.0,-27.875,311.625,24.539999
2020-03-24T12:00:00Z,0.0,-27.625,311.125,NaN
2020-03-24T12:00:00Z,0.0,-27.625,311.375,NaN
2020-03-24T12:00:00Z,0.0,-27.625,311.625,24.779999
2020-03-24T12:00:00Z,0.0,-27.375,311.125,NaN
2020-03-24T12:00:00Z,0.0,-27.375,311.375,NaN
2020-03-24T12:00:00Z,0.0,-27.375,311.625,24.96
2020-03-25T12:00:00Z,0.0,-27.875,311.125,NaN
2020-03-25T12:00:00Z,0.0,-27.875,311.375,NaN
2020-03-25T12:00:00Z,0.0,-27.875,311.625,24.42
2020-03-25T12:00:00Z,0.0,-27.625,311.125,NaN
2020-03-25T12:00:00Z,0.0,-27.625,311.375,NaN
2020-03-25T12:00:00Z,0.0,-27.625,311.625,24.67
2020-03-25T12:00:00Z,0.0,-27.375,311.125,NaN
2020-03-25T12:00:00Z,0.0,-27.375,311.375,NaN
2020-03-25T12:00:00Z,0.0,-27.375,311.625,24.93
2020-03-26T12:00:00Z,0.0,-27.875,311.125,NaN
2020-03-26T12:00:00Z,0.0,-27.875,311.375,NaN
2020-03-26T12:00:00Z,0.0,-27.875,311.625,24.789999
2020-03-26T12:00:00Z,0.0,-27.625,311.125,NaN
2020-03-26T12:00:00Z,0.0,-27.625,311.375,NaN
2020-03-26T12:00:00Z,0.0,-27.625,311.625,24.97
2020-03-26T12:00:00Z,0.0,-27.375,311.125,NaN
2020-03-26T12:00:00Z,0.0,-27.375,311.375,NaN
2020-03-26T12:00:00Z,0.0,-27.375,311.625,25.18
2020-03-27T12:00:00Z,0.0,-27.875,311.125,NaN
2020-03-27T12:00:00Z,0.0,-27.875,311.375,NaN
2020-03-27T12:00:00Z,0.0,-27.875,311.625,24.92
2020-03-27T12:00:00Z,0.0,-27.625,311.125,NaN
2020-03-27T12:00:00Z,0.0,-27.625,311.375,NaN
2020-03-27T12:00:00Z,0.0,-27.625,311.625,25.06
2020-03-27T12:00:00Z,0.0,-27.375,311.125,NaN
2020-03-27T12:00:00Z,0.0,-27.375,311.375,NaN
2020-03-27T12:00:00Z,0.0,-27.375,311.625,25.269999
2020-03-28T12:00:00Z,0.0,-27.875,311.125,NaN
2020-03-28T12:00:00Z,0.0,-27.875,311.375,NaN
2020-03-28T12:00:00Z,0.0,-27.875,311.625,25.0
2020-03-28T12:00:00Z,0.0,-27.625,311.125,NaN
2020-03-28T12:00:00Z,0.0,-27.625,311.375,NaN
2020-03-28T12:00:00Z,0.0,-27.625,311.625,25.16
2020-03-28T12:00:00Z,0.0,-27.375,311.125,NaN
2020-03-28T12:00:00Z,0.0,-27.375,311.375,NaN
2020-03-28T12:00:00Z,0.0,-27.375,311.625,25.369999
2020-03-29T12:00:00Z,0.0,-27.875,311.125,NaN
2020-03-29T12:00:00Z,0.0,-27.875,311.375,NaN
2020-03-29T12:00:00Z,0.0,-27.875,311.625,24.699999
2020-03-29T12:00:00Z,0.0,-27.625,311.125,NaN
2020-03-29T12:00:00Z,0.0,-27.625,311.375,NaN
2020-03-29T12:00:00Z,0.0,-27.625,311.625,25.09
2020-03-29T12:00:00Z,0.0,-27.375,311.125,NaN
2020-03-29T12:00:00Z,0.0,-27.375,311.375,NaN
2020-03-29T12:00:00Z,0.0,-27.375,311.625,25.51
2020-03-30T12:00:00Z,0.0,-27.875,311.125,NaN
2020-03-30T12:00:00Z,0.0,-27.875,311.375,NaN
2020-03-30T12:00:00Z,0.0,-27.875,311.625,24.359999
2020-03-30T12:00:00Z,0.0,-27.625,311.125,NaN
2020-03-30T12:00:00Z,0.0,-27.625,311.375,NaN
2020-03-30T12:00:00Z,0.0,-27.625,311.625,24.98
2020-03-30T12:00:00Z,0.0,-27.375,311.125,NaN
2020-03-30T12:00:00Z,0.0,-27.375,311.375,NaN
2020-03-30T12:00:00Z,0.0,-27.375,311.625,25.43
2020-03-31T12:00:00Z,0.0,-27.875,311.125,NaN
2020-03-31T12:00:00Z,0.0,-27.875,311.375,NaN
2020-03-31T12:00:00Z,0.0,-27.875,311.625,24.57
2020-03-31T12:00:00Z,0.0,-27.625,311.125,NaN
2020-03-31T12:00:00Z,0.0,-27.625,311.375,NaN
2020-03-31T12:00:00Z,0.0,-27.625,311.625,25.05
2020-03-31T12:00:00Z,0.0,-27.375,311.125,NaN
2020-03-31T12:00:00Z,0.0,-27.375,311.375,NaN
2020-03-31T12:00:00Z,0.0,-27.375,311.625,25.46
2020-04-01T12:00:00Z,0.0,-27.875,311.125,NaN
2020-04-01T12:00:00Z,0.0,-27.875,311.375,NaN
2020-04-01T12:00:00Z,0.0,-27.875,311.625,24.56
2020-04-01T12:00:00Z,0.0,-27.625,311.125,NaN
2020-04-01T12:00:00Z,0.0,-27.625,311.375,NaN
2020-04-01T12:00:00Z,0.0,-27.625,311.625,25.039999
2020-04-01T12:00:00Z,0.0,-27.375,311.125,NaN
2020-04-01T12:00:00Z,0.0,-27.375,311.375,NaN
2020-04-01T12:00:00Z,0.0,-27.375,311.625,25.42
2020-04-02T12:00:00Z,0.0,-27.875,311.125,NaN
2020-04-02T12:00:00Z,0.0,-27.875,311.375,NaN
2020-04-02T12:00:00Z,0.0,-27.875,311.625,24.14
2020-04-02T12:00:00Z,0.0,-27.625,311.125,NaN
2020-04-02T12:00:00Z,0.0,-27.625,311.375,NaN
2020-04-02T12:00:00Z,0.0,-27.625,311.625,24.779999
2020-04-02T12:00:00Z,0.0,-27.375,311.125,NaN
2020-04-02T12:00:00Z,0.0,-27.375,311.375,NaN
2020-04-02T12:00:00Z,0.0,-27.375,311.625,25.39
2020-04-03T12:00:00Z,0.0,-27.875,311.125,NaN
2020-04-03T12:00:00Z,0.0,-27.875,311.375,NaN
2020-04-03T12:00:00Z,0.0,-27.875,311.625,24.22
2020-04-03T12:00:00Z,0.0,-27.625,311.125,NaN
2020-04-03T12:00:00Z,0.0,-27.625,311.375,NaN
2020-04-03T12:00:00Z,0.0,-27.625,311.625,24.619999
2020-04-03T12:00:00Z,0.0,-27.375,311.125,NaN
2020-04-03T12:00:00Z,0.0,-27.375,311.375,NaN
2020-04-03T12:00:00Z,0.0,-27.375,311.625,24.97
2020-04-04T12:00:00Z,0.0,-27.875,311.125,NaN
2020-04-04T12:00:00Z,0.0,-27.875,311.375,NaN
2020-04-04T12:00:00Z,0.0,-27.875,311.625,23.529999
2020-04-04T12:00:00Z,0.0,-27.625,311.125,NaN
2020-04-04T12:00:00Z,0.0,-27.625,311.375,NaN
2020-04-04T12:00:00Z,0.0,-27.625,311.625,23.609999
2020-04-04T12:00:00Z,0.0,-27.375,311.125,NaN
2020-04-04T12:00:00Z,0.0,-27.375,311.375,NaN
2020-04-04T12:00:00Z,0.0,-27.375,311.625,23.83
2020-04-05T12:00:00Z,0.0,-27.875,311.125,NaN
2020-04-05T12:00:00Z,0.0,-27.875,311.375,NaN
2020-04-05T12:00:00Z,0.0,-27.875,311.625,23.88
2020-04-05T12:00:00Z,0.0,-27.625,311.125,NaN
2020-04-05T12:00:00Z,0.0,-27.625,311.375,NaN
2020-04-05T12:00:00Z,0.0,-27.625,311.625,24.06
2020-04-05T12:00:00Z,0.0,-27.375,311.125,NaN
2020-04-05T12:00:00Z,0.0,-27.375,311.375,NaN
2020-04-05T12:00:00Z,0.0,-27.375,311.625,24.26
2020-04-06T12:00:00Z,0.0,-27.875,311.125,NaN
2020-04-06T12:00:00Z,0.0,-27.875,311.375,NaN
2020-04-06T12:00:00Z,0.0,-27.875,311.625,24.019999
2020-04-06T12:00:00Z,0.0,-27.625,311.125,NaN
2020-04-06T12:00:00Z,0.0,-27.625,311.375,NaN
2020-04-06T12:00:00Z,0.0,-27.625,311.625,24.33
2020-04-06T12:00:00Z,0.0,-27.375,311.125,NaN
2020-04-06T12:00:00Z,0.0,-27.375,311.375,NaN
2020-04-06T12:00:00Z,0.0,-27.375,311.625,24.63
2020-04-07T12:00:00Z,0.0,-27.875,311.125,NaN
2020-04-07T12:00:00Z,0.0,-27.875,311.375,NaN
2020-04-07T12:00:00Z,0.0,-27.875,311.625,24.13
2020-04-07T12:00:00Z,0.0,-27.625,311.125,NaN
2020-04-07T12:00:00Z,0.0,-27.625,311.375,NaN
2020-04-07T12:00:00Z,0.0,-27.625,311.625,24.49
2020-04-07T12:00:00Z,0.0,-27.375,311.125,NaN
2020-04-07T12:00:00Z,0.0,-27.375,311.375,NaN
2020-04-07T12:00:00Z,0.0,-27.375,311.625,24.84
2020-04-08T12:00:00Z,0.0,-27.875,311.125,NaN
2020-04-08T12:00:00Z,0.0,-27.875,311.375,NaN
2020-04-08T12:00:00Z,0.0,-27.875,311.625,23.33
2020-04-08T12:00:00Z,0.0,-27.625,311.125,NaN
2020-04-08T12:00:00Z,0.0,-27.625,311.375,NaN
2020-04-08T12:00:00Z,0.0,-27.625,311.625,23.519999
2020-04-08T12:00:00Z,0.0,-27.375,311.125,NaN
2020-04-08T12:00:00Z,0.0,-27.375,311.375,NaN
2020-04-08T12:00:00Z,0.0,-27.375,311.625,23.64
2020-04-09T12:00:00Z,0.0,-27.875,311.125,NaN
2020-04-09T12:00:00Z,0.0,-27.875,311.375,NaN
2020-04-09T12:00:00Z,0.0,-27.875,311.625,23.1
2020-04-09T12:00:00Z,0.0,-27.625,311.125,NaN
2020-04-09T12:00:00Z,0.0,-27.625,311.375,NaN
2020-04-09T12:00:00Z,0.0,-27.625,311.625,23.25
2020-04-09T12:00:00Z,0.0,-27.375,311.125,NaN
2020-04-09T12:00:00Z,0.0,-27.375,311.375,NaN
2020-04-09T12:00:00Z,0.0,-27.375,311.625,23.31
2020-04-10T12:00:00Z,0.0,-27.875,311.125,NaN
2020-04-10T12:00:00Z,0.0,-27.875,311.375,NaN
2020-04-10T12:00:00Z,0.0,-27.875,311.625,22.81
2020-04-10T12:00:00Z,0.0,-27.625,311.125,NaN
2020-04-10T12:00:00Z,0.0,-27.625,311.375,NaN
2020-04-10T12:00:00Z,0.0,-27.625,311.625,22.88
2020-04-10T12:00:00Z,0.0,-27.375,311.125,NaN
2020-04-10T12:00:00Z,0.0,-27.375,311.375,NaN
2020-04-10T12:00:00Z,0.0,-27.375,311.625,22.939999
2020-04-11T12:00:00Z,0.0,-27.875,311.125,NaN
2020-04-11T12:00:00Z,0.0,-27.875,311.375,NaN
2020-04-11T12:00:00Z,0.0,-27.875,311.625,22.66
2020-04-11T12:00:00Z,0.0,-27.625,311.125,NaN
2020-04-11T12:00:00Z,0.0,-27.625,311.375,NaN
2020-04-11T12:00:00Z,0.0,-27.625,311.625,22.71
2020-04-11T12:00:00Z,0.0,-27.375,311.125,NaN
2020-04-11T12:00:00Z,0.0,-27.375,311.375,NaN
2020-04-11T12:00:00Z,0.0,-27.375,311.625,22.74
2020-04-12T12:00:00Z,0.0,-27.875,311.125,NaN
2020-04-12T12:00:00Z,0.0,-27.875,311.375,NaN
2020-04-12T12:00:00Z,0.0,-27.875,311.625,22.39
2020-04-12T12:00:00Z,0.0,-27.625,311.125,NaN
2020-04-12T12:00:00Z,0.0,-27.625,311.375,NaN
2020-04-12T12:00:00Z,0.0,-27.625,311.625,22.43
2020-04-12T12:00:00Z,0.0,-27.375,311.125,NaN
2020-04-12T12:00:00Z,0.0,-27.375,311.375,NaN
2020-04-12T12:00:00Z,0.0,-27.375,311.625,22.55
2020-04-13T12:00:00Z,0.0,-27.875,311.125,NaN
2020-04-13T12:00:00Z,0.0,-27.875,311.375,NaN
2020-04-13T12:00:00Z,0.0,-27.875,311.625,22.58
2020-04-13T12:00:00Z,0.0,-27.625,311.125,NaN
2020-04-13T12:00:00Z,0.0,-27.625,311.375,NaN
2020-04-13T12:00:00Z,0.0,-27.625,311.625,22.59
2020-04-13T12:00:00Z,0.0,-27.375,311.125,NaN
2020-04-13T12:00:00Z,0.0,-27.375,311.375,NaN
2020-04-13T12:00:00Z,0.0,-27.375,311.625,22.769999
2020-04-14T12:00:00Z,0.0,-27.875,311.125,NaN
2020-04-14T12:00:00Z,0.0,-27.875,311.375,NaN
2020-04-14T12:00:00Z,0.0,-27.875,311.625,22.76
2020-04-14T12:00:00Z,0.0,-27.625,311.125,NaN
2020-04-14T12:00:00Z,0.0,-27.625,311.375,NaN
2020-04-14T12:00:00Z,0.0,-27.625,311.625,22.81
2020-04-14T12:00:00Z,0.0,-27.375,311.125,NaN
2020-04-14T12:00:00Z,0.0,-27.375,311.375,NaN
2020-04-14T12:00:00Z,0.0,-27.375,311.625,22.98
2020-04-15T12:00:00Z,0.0,-27.875,311.125,NaN
2020-04-15T12:00:00Z,0.0,-27.875,311.375,NaN
2020-04-15T12:00:00Z,0.0,-27.875,311.625,22.76
2020-04-15T12:00:00Z,0.0,-27.625,311.125,NaN
2020-04-15T12:00:00Z,0.0,-27.625,311.375,NaN
2020-04-15T12:00:00Z,0.0,-27.625,311.625,22.81
2020-04-15T12:00:00Z,0.0,-27.375,311.125,NaN
2020-04-15T12:00:00Z,0.0,-27.375,311.375,NaN
2020-04-15T12:00:00Z,0.0,-27.375,311.625,22.98
2020-04-16T12:00:00Z,0.0,-27.875,311.125,NaN
2020-04-16T12:00:00Z,0.0,-27.875,311.375,NaN
2020-04-16T12:00:00Z,0.0,-27.875,311.625,22.72
2020-04-16T12:00:00Z,0.0,-27.625,311.125,NaN
2020-04-16T12:00:00Z,0.0,-27.625,311.375,NaN
2020-04-16T12:00:00Z,0.0,-27.625,311.625,22.769999
2020-04-16T12:00:00Z,0.0,-27.375,311.125,NaN
2020-04-16T12:00:00Z,0.0,-27.375,311.375,NaN
2020-04-16T12:00:00Z,0.0,-27.375,311.625,22.869999
2020-04-17T12:00:00Z,0.0,-27.875,311.125,NaN
2020-04-17T12:00:00Z,0.0,-27.875,311.375,NaN
2020-04-17T12:00:00Z,0.0,-27.875,311.625,22.56
2020-04-17T12:00:00Z,0.0,-27.625,311.125,NaN
2020-04-17T12:00:00Z,0.0,-27.625,311.375,NaN
2020-04-17T12:00:00Z,0.0,-27.625,311.625,22.56
2020-04-17T12:00:00Z,0.0,-27.375,311.125,NaN
2020-04-17T12:00:00Z,0.0,-27.375,311.375,NaN
2020-04-17T12:00:00Z,0.0,-27.375,311.625,22.63
2020-04-18T12:00:00Z,0.0,-27.875,311.125,NaN
2020-04-18T12:00:00Z,0.0,-27.875,311.375,NaN
2020-04-18T12:00:00Z,0.0,-27.875,311.625,22.46
2020-04-18T12:00:00Z,0.0,-27.625,311.125,NaN
2020-04-18T12:00:00Z,0.0,-27.625,311.375,NaN
2020-04-18T12:00:00Z,0.0,-27.625,311.625,22.46
2020-04-18T12:00:00Z,0.0,-27.375,311.125,NaN
2020-04-18T12:00:00Z,0.0,-27.375,311.375,NaN
2020-04-18T12:00:00Z,0.0,-27.375,311.625,22.48
2020-04-19T12:00:00Z,0.0,-27.875,311.125,NaN
2020-04-19T12:00:00Z,0.0,-27.875,311.375,NaN
2020-04-19T12:00:00Z,0.0,-27.875,311.625,22.46
2020-04-19T12:00:00Z,0.0,-27.625,311.125,NaN
2020-04-19T12:00:00Z,0.0,-27.625,311.375,NaN
2020-04-19T12:00:00Z,0.0,-27.625,311.625,22.42
2020-04-19T12:00:00Z,0.0,-27.375,311.125,NaN
2020-04-19T12:00:00Z,0.0,-27.375,311.375,NaN
2020-04-19T12:00:00Z,0.0,-27.375,311.625,22.439999
2020-04-20T12:00:00Z,0.0,-27.875,311.125,NaN
2020-04-20T12:00:00Z,0.0,-27.875,311.375,NaN
2020-04-20T12:00:00Z,0.0,-27.875,311.625,22.449999
2020-04-20T12:00:00Z,0.0,-27.625,311.125,NaN
2020-04-20T12:00:00Z,0.0,-27.625,311.375,NaN
2020-04-20T12:00:00Z,0.0,-27.625,311.625,22.4
2020-04-20T12:00:00Z,0.0,-27.375,311.125,NaN
2020-04-20T12:00:00Z,0.0,-27.375,311.375,NaN
2020-04-20T12:00:00Z,0.0,-27.375,311.625,22.41
2020-04-21T12:00:00Z,0.0,-27.875,311.125,NaN
2020-04-21T12:00:00Z,0.0,-27.875,311.375,NaN
2020-04-21T12:00:00Z,0.0,-27.875,311.625,22.609999
2020-04-21T12:00:00Z,0.0,-27.625,311.125,NaN
2020-04-21T12:00:00Z,0.0,-27.625,311.375,NaN
2020-04-21T12:00:00Z,0.0,-27.625,311.625,22.58
2020-04-21T12:00:00Z,0.0,-27.375,311.125,NaN
2020-04-21T12:00:00Z,0.0,-27.375,311.375,NaN
2020-04-21T12:00:00Z,0.0,-27.375,311.625,22.57
2020-04-22T12:00:00Z,0.0,-27.875,311.125,NaN
2020-04-22T12:00:00Z,0.0,-27.875,311.375,NaN
2020-04-22T12:00:00Z,0.0,-27.875,311.625,22.74
2020-04-22T12:00:00Z,0.0,-27.625,311.125,NaN
2020-04-22T12:00:00Z,0.0,-27.625,311.375,NaN
2020-04-22T12:00:00Z,0.0,-27.625,311.625,22.72
2020-04-22T12:00:00Z,0.0,-27.375,311.125,NaN
2020-04-22T12:00:00Z,0.0,-27.375,311.375,NaN
2020-04-22T12:00:00Z,0.0,-27.375,311.625,22.75
2020-04-23T12:00:00Z,0.0,-27.875,311.125,NaN
2020-04-23T12:00:00Z,0.0,-27.875,311.375,NaN
2020-04-23T12:00:00Z,0.0,-27.875,311.625,22.92
2020-04-23T12:00:00Z,0.0,-27.625,311.125,NaN
2020-04-23T12:00:00Z,0.0,-27.625,311.375,NaN
2020-04-23T12:00:00Z,0.0,-27.625,311.625,22.96
2020-04-23T12:00:00Z,0.0,-27.375,311.125,NaN
2020-04-23T12:00:00Z,0.0,-27.375,311.375,NaN
2020-04-23T12:00:00Z,0.0,-27.375,311.625,23.039999
2020-04-24T12:00:00Z,0.0,-27.875,311.125,NaN
2020-04-24T12:00:00Z,0.0,-27.875,311.375,NaN
2020-04-24T12:00:00Z,0.0,-27.875,311.625,23.109999
2020-04-24T12:00:00Z,0.0,-27.625,311.125,NaN
2020-04-24T12:00:00Z,0.0,-27.625,311.375,NaN
2020-04-24T12:00:00Z,0.0,-27.625,311.625,23.15
2020-04-24T12:00:00Z,0.0,-27.375,311.125,NaN
2020-04-24T12:00:00Z,0.0,-27.375,311.375,NaN
2020-04-24T12:00:00Z,0.0,-27.375,311.625,23.24
2020-04-25T12:00:00Z,0.0,-27.875,311.125,NaN
2020-04-25T12:00:00Z,0.0,-27.875,311.375,NaN
2020-04-25T12:00:00Z,0.0,-27.875,311.625,23.06
2020-04-25T12:00:00Z,0.0,-27.625,311.125,NaN
2020-04-25T12:00:00Z,0.0,-27.625,311.375,NaN
2020-04-25T12:00:00Z,0.0,-27.625,311.625,23.119999
2020-04-25T12:00:00Z,0.0,-27.375,311.125,NaN
2020-04-25T12:00:00Z,0.0,-27.375,311.375,NaN
2020-04-25T12:00:00Z,0.0,-27.375,311.625,23.279999
2020-04-26T12:00:00Z,0.0,-27.875,311.125,NaN
2020-04-26T12:00:00Z,0.0,-27.875,311.375,NaN
2020-04-26T12:00:00Z,0.0,-27.875,311.625,23.21
2020-04-26T12:00:00Z,0.0,-27.625,311.125,NaN
2020-04-26T12:00:00Z,0.0,-27.625,311.375,NaN
2020-04-26T12:00:00Z,0.0,-27.625,311.625,23.369999
2020-04-26T12:00:00Z,0.0,-27.375,311.125,NaN
2020-04-26T12:00:00Z,0.0,-27.375,311.375,NaN
2020-04-26T12:00:00Z,0.0,-27.375,311.625,23.529999
2020-04-27T12:00:00Z,0.0,-27.875,311.125,NaN
2020-04-27T12:00:00Z,0.0,-27.875,311.375,NaN
2020-04-27T12:00:00Z,0.0,-27.875,311.625,23.24
2020-04-27T12:00:00Z,0.0,-27.625,311.125,NaN
2020-04-27T12:00:00Z,0.0,-27.625,311.375,NaN
2020-04-27T12:00:00Z,0.0,-27.625,311.625,23.39
2020-04-27T12:00:00Z,0.0,-27.375,311.125,NaN
2020-04-27T12:00:00Z,0.0,-27.375,311.375,NaN
2020-04-27T12:00:00Z,0.0,-27.375,311.625,23.539999
2020-04-28T12:00:00Z,0.0,-27.875,311.125,NaN
2020-04-28T12:00:00Z,0.0,-27.875,311.375,NaN
2020-04-28T12:00:00Z,0.0,-27.875,311.625,23.119999
2020-04-28T12:00:00Z,0.0,-27.625,311.125,NaN
2020-04-28T12:00:00Z,0.0,-27.625,311.375,NaN
2020-04-28T12:00:00Z,0.0,-27.625,311.625,23.32
2020-04-28T12:00:00Z,0.0,-27.375,311.125,NaN
2020-04-28T12:00:00Z,0.0,-27.375,311.375,NaN
2020-04-28T12:00:00Z,0.0,-27.375,311.625,23.48
2020-04-29T12:00:00Z,0.0,-27.875,311.125,NaN
2020-04-29T12:00:00Z,0.0,-27.875,311.375,NaN
2020-04-29T12:00:00Z,0.0,-27.875,311.625,23.189999
2020-04-29T12:00:00Z,0.0,-27.625,311.125,NaN
2020-04-29T12:00:00Z,0.0,-27.625,311.375,NaN
2020-04-29T12:00:00Z,0.0,-27.625,311.625,23.35
2020-04-29T12:00:00Z,0.0,-27.375,311.125,NaN
2020-04-29T12:00:00Z,0.0,-27.375,311.375,NaN
2020-04-29T12:00:00Z,0.0,-27.375,311.625,23.49
2020-04-30T12:00:00Z,0.0,-27.875,311.125,NaN
2020-04-30T12:00:00Z,0.0,-27.875,311.375,NaN
2020-04-30T12:00:00Z,0.0,-27.875,311.625,23.14
2020-04-30T12:00:00Z,0.0,-27.625,311.125,NaN
2020-04-30T12:00:00Z,0.0,-27.625,311.375,NaN
2020-04-30T12:00:00Z,0.0,-27.625,311.625,23.32
2020-04-30T12:00:00Z,0.0,-27.375,311.125,NaN
2020-04-30T12:00:00Z,0.0,-27.375,311.375,NaN
2020-04-30T12:00:00Z,0.0,-27.375,311.625,23.49
2020-05-01T12:00:00Z,0.0,-27.875,311.125,NaN
2020-05-01T12:00:00Z,0.0,-27.875,311.375,NaN
2020-05-01T12:00:00Z,0.0,-27.875,311.625,23.019999
2020-05-01T12:00:00Z,0.0,-27.625,311.125,NaN
2020-05-01T12:00:00Z,0.0,-27.625,311.375,NaN
2020-05-01T12:00:00Z,0.0,-27.625,311.625,23.15
2020-05-01T12:00:00Z,0.0,-27.375,311.125,NaN
2020-05-01T12:00:00Z,0.0,-27.375,311.375,NaN
2020-05-01T12:00:00Z,0.0,-27.375,311.625,23.289999
2020-05-02T12:00:00Z,0.0,-27.875,311.125,NaN
2020-05-02T12:00:00Z,0.0,-27.875,311.375,NaN
2020-05-02T12:00:00Z,0.0,-27.875,311.625,22.9
2020-05-02T12:00:00Z,0.0,-27.625,311.125,NaN
2020-05-02T12:00:00Z,0.0,-27.625,311.375,NaN
2020-05-02T12:00:00Z,0.0,-27.625,311.625,22.97
2020-05-02T12:00:00Z,0.0,-27.375,311.125,NaN
2020-05-02T12:00:00Z,0.0,-27.375,311.375,NaN
2020-05-02T12:00:00Z,0.0,-27.375,311.625,23.05
2020-05-03T12:00:00Z,0.0,-27.875,311.125,NaN
2020-05-03T12:00:00Z,0.0,-27.875,311.375,NaN
2020-05-03T12:00:00Z,0.0,-27.875,311.625,22.619999
2020-05-03T12:00:00Z,0.0,-27.625,311.125,NaN
2020-05-03T12:00:00Z,0.0,-27.625,311.375,NaN
2020-05-03T12:00:00Z,0.0,-27.625,311.625,22.65
2020-05-03T12:00:00Z,0.0,-27.375,311.125,NaN
2020-05-03T12:00:00Z,0.0,-27.375,311.375,NaN
2020-05-03T12:00:00Z,0.0,-27.375,311.625,22.76
2020-05-04T12:00:00Z,0.0,-27.875,311.125,NaN
2020-05-04T12:00:00Z,0.0,-27.875,311.375,NaN
2020-05-04T12:00:00Z,0.0,-27.875,311.625,22.539999
2020-05-04T12:00:00Z,0.0,-27.625,311.125,NaN
2020-05-04T12:00:00Z,0.0,-27.625,311.375,NaN
2020-05-04T12:00:00Z,0.0,-27.625,311.625,22.5
2020-05-04T12:00:00Z,0.0,-27.375,311.125,NaN
2020-05-04T12:00:00Z,0.0,-27.375,311.375,NaN
2020-05-04T12:00:00Z,0.0,-27.375,311.625,22.58
2020-05-05T12:00:00Z,0.0,-27.875,311.125,NaN
2020-05-05T12:00:00Z,0.0,-27.875,311.375,NaN
2020-05-05T12:00:00Z,0.0,-27.875,311.625,22.46
2020-05-05T12:00:00Z,0.0,-27.625,311.125,NaN
2020-05-05T12:00:00Z,0.0,-27.625,311.375,NaN
2020-05-05T12:00:00Z,0.0,-27.625,311.625,22.39
2020-05-05T12:00:00Z,0.0,-27.375,311.125,NaN
2020-05-05T12:00:00Z,0.0,-27.375,311.375,NaN
2020-05-05T12:00:00Z,0.0,-27.375,311.625,22.47
2020-05-06T12:00:00Z,0.0,-27.875,311.125,NaN
2020-05-06T12:00:00Z,0.0,-27.875,311.375,NaN
2020-05-06T12:00:00Z,0.0,-27.875,311.625,22.31
2020-05-06T12:00:00Z,0.0,-27.625,311.125,NaN
2020-05-06T12:00:00Z,0.0,-27.625,311.375,NaN
2020-05-06T12:00:00Z,0.0,-27.625,311.625,22.24
2020-05-06T12:00:00Z,0.0,-27.375,311.125,NaN
2020-05-06T12:00:00Z,0.0,-27.375,311.375,NaN
2020-05-06T12:00:00Z,0.0,-27.375,311.625,22.34
2020-05-07T12:00:00Z,0.0,-27.875,311.125,NaN
2020-05-07T12:00:00Z,0.0,-27.875,311.375,NaN
2020-05-07T12:00:00Z,0.0,-27.875,311.625,22.17
2020-05-07T12:00:00Z,0.0,-27.625,311.125,NaN
2020-05-07T12:00:00Z,0.0,-27.625,311.375,NaN
2020-05-07T12:00:00Z,0.0,-27.625,311.625,22.17
2020-05-07T12:00:00Z,0.0,-27.375,311.125,NaN
2020-05-07T12:00:00Z,0.0,-27.375,311.375,NaN
2020-05-07T12:00:00Z,0.0,-27.375,311.625,22.31
2020-05-08T12:00:00Z,0.0,-27.875,311.125,NaN
2020-05-08T12:00:00Z,0.0,-27.875,311.375,NaN
2020-05-08T12:00:00Z,0.0,-27.875,311.625,22.17
2020-05-08T12:00:00Z,0.0,-27.625,311.125,NaN
2020-05-08T12:00:00Z,0.0,-27.625,311.375,NaN
2020-05-08T12:00:00Z,0.0,-27.625,311.625,22.17
2020-05-08T12:00:00Z,0.0,-27.375,311.125,NaN
2020-05-08T12:00:00Z,0.0,-27.375,311.375,NaN
2020-05-08T12:00:00Z,0.0,-27.375,311.625,22.24
2020-05-09T12:00:00Z,0.0,-27.875,311.125,NaN
2020-05-09T12:00:00Z,0.0,-27.875,311.375,NaN
2020-05-09T12:00:00Z,0.0,-27.875,311.625,22.199999
2020-05-09T12:00:00Z,0.0,-27.625,311.125,NaN
2020-05-09T12:00:00Z,0.0,-27.625,311.375,NaN
2020-05-09T12:00:00Z,0.0,-27.625,311.625,22.23
2020-05-09T12:00:00Z,0.0,-27.375,311.125,NaN
2020-05-09T12:00:00Z,0.0,-27.375,311.375,NaN
2020-05-09T12:00:00Z,0.0,-27.375,311.625,22.3
2020-05-10T12:00:00Z,0.0,-27.875,311.125,NaN
2020-05-10T12:00:00Z,0.0,-27.875,311.375,NaN
2020-05-10T12:00:00Z,0.0,-27.875,311.625,22.109999
2020-05-10T12:00:00Z,0.0,-27.625,311.125,NaN
2020-05-10T12:00:00Z,0.0,-27.625,311.375,NaN
2020-05-10T12:00:00Z,0.0,-27.625,311.625,22.189999
2020-05-10T12:00:00Z,0.0,-27.375,311.125,NaN
2020-05-10T12:00:00Z,0.0,-27.375,311.375,NaN
2020-05-10T12:00:00Z,0.0,-27.375,311.625,22.269999
2020-05-11T12:00:00Z,0.0,-27.875,311.125,NaN
2020-05-11T12:00:00Z,0.0,-27.875,311.375,NaN
2020-05-11T12:00:00Z,0.0,-27.875,311.625,22.15
2020-05-11T12:00:00Z,0.0,-27.625,311.125,NaN
2020-05-11T12:00:00Z,0.0,-27.625,311.375,NaN
2020-05-11T12:00:00Z,0.0,-27.625,311.625,22.289999
2020-05-11T12:00:00Z,0.0,-27.375,311.125,NaN
2020-05-11T12:00:00Z,0.0,-27.375,311.375,NaN
2020-05-11T12:00:00Z,0.0,-27.375,311.625,22.369999
2020-05-12T12:00:00Z,0.0,-27.875,311.125,NaN
2020-05-12T12:00:00Z,0.0,-27.875,311.375,NaN
2020-05-12T12:00:00Z,0.0,-27.875,311.625,22.519999
2020-05-12T12:00:00Z,0.0,-27.625,311.125,NaN
2020-05-12T12:00:00Z,0.0,-27.625,311.375,NaN
2020-05-12T12:00:00Z,0.0,-27.625,311.625,22.68
2020-05-12T12:00:00Z,0.0,-27.375,311.125,NaN
2020-05-12T12:00:00Z,0.0,-27.375,311.375,NaN
2020-05-12T12:00:00Z,0.0,-27.375,311.625,22.74
2020-05-13T12:00:00Z,0.0,-27.875,311.125,NaN
2020-05-13T12:00:00Z,0.0,-27.875,311.375,NaN
2020-05-13T12:00:00Z,0.0,-27.875,311.625,22.439999
2020-05-13T12:00:00Z,0.0,-27.625,311.125,NaN
2020-05-13T12:00:00Z,0.0,-27.625,311.375,NaN
2020-05-13T12:00:00Z,0.0,-27.625,311.625,22.689999
2020-05-13T12:00:00Z,0.0,-27.375,311.125,NaN
2020-05-13T12:00:00Z,0.0,-27.375,311.375,NaN
2020-05-13T12:00:00Z,0.0,-27.375,311.625,22.85
2020-05-14T12:00:00Z,0.0,-27.875,311.125,NaN
2020-05-14T12:00:00Z,0.0,-27.875,311.375,NaN
2020-05-14T12:00:00Z,0.0,-27.875,311.625,21.77
2020-05-14T12:00:00Z,0.0,-27.625,311.125,NaN
2020-05-14T12:00:00Z,0.0,-27.625,311.375,NaN
2020-05-14T12:00:00Z,0.0,-27.625,311.625,21.89
2020-05-14T12:00:00Z,0.0,-27.375,311.125,NaN
2020-05-14T12:00:00Z,0.0,-27.375,311.375,NaN
2020-05-14T12:00:00Z,0.0,-27.375,311.625,21.869999
2020-05-15T12:00:00Z,0.0,-27.875,311.125,NaN
2020-05-15T12:00:00Z,0.0,-27.875,311.375,NaN
2020-05-15T12:00:00Z,0.0,-27.875,311.625,21.48
2020-05-15T12:00:00Z,0.0,-27.625,311.125,NaN
2020-05-15T12:00:00Z,0.0,-27.625,311.375,NaN
2020-05-15T12:00:00Z,0.0,-27.625,311.625,21.58
2020-05-15T12:00:00Z,0.0,-27.375,311.125,NaN
2020-05-15T12:00:00Z,0.0,-27.375,311.375,NaN
2020-05-15T12:00:00Z,0.0,-27.375,311.625,21.64
2020-05-16T12:00:00Z,0.0,-27.875,311.125,NaN
2020-05-16T12:00:00Z,0.0,-27.875,311.375,NaN
2020-05-16T12:00:00Z,0.0,-27.875,311.625,21.369999
2020-05-16T12:00:00Z,0.0,-27.625,311.125,NaN
2020-05-16T12:00:00Z,0.0,-27.625,311.375,NaN
2020-05-16T12:00:00Z,0.0,-27.625,311.625,21.49
2020-05-16T12:00:00Z,0.0,-27.375,311.125,NaN
2020-05-16T12:00:00Z,0.0,-27.375,311.375,NaN
2020-05-16T12:00:00Z,0.0,-27.375,311.625,21.65
2020-05-17T12:00:00Z,0.0,-27.875,311.125,NaN
2020-05-17T12:00:00Z,0.0,-27.875,311.375,NaN
2020-05-17T12:00:00Z,0.0,-27.875,311.625,21.31
2020-05-17T12:00:00Z,0.0,-27.625,311.125,NaN
2020-05-17T12:00:00Z,0.0,-27.625,311.375,NaN
2020-05-17T12:00:00Z,0.0,-27.625,311.625,21.49
2020-05-17T12:00:00Z,0.0,-27.375,311.125,NaN
2020-05-17T12:00:00Z,0.0,-27.375,311.375,NaN
2020-05-17T12:00:00Z,0.0,-27.375,311.625,21.72
2020-05-18T12:00:00Z,0.0,-27.875,311.125,NaN
2020-05-18T12:00:00Z,0.0,-27.875,311.375,NaN
2020-05-18T12:00:00Z,0.0,-27.875,311.625,21.199999
2020-05-18T12:00:00Z,0.0,-27.625,311.125,NaN
2020-05-18T12:00:00Z,0.0,-27.625,311.375,NaN
2020-05-18T12:00:00Z,0.0,-27.625,311.625,21.369999
2020-05-18T12:00:00Z,0.0,-27.375,311.125,NaN
2020-05-18T12:00:00Z,0.0,-27.375,311.375,NaN
2020-05-18T12:00:00Z,0.0,-27.375,311.625,21.609999
2020-05-19T12:00:00Z,0.0,-27.875,311.125,NaN
2020-05-19T12:00:00Z,0.0,-27.875,311.375,NaN
2020-05-19T12:00:00Z,0.0,-27.875,311.625,20.949999
2020-05-19T12:00:00Z,0.0,-27.625,311.125,NaN
2020-05-19T12:00:00Z,0.0,-27.625,311.375,NaN
2020-05-19T12:00:00Z,0.0,-27.625,311.625,21.109999
2020-05-19T12:00:00Z,0.0,-27.375,311.125,NaN
2020-05-19T12:00:00Z,0.0,-27.375,311.375,NaN
2020-05-19T12:00:00Z,0.0,-27.375,311.625,21.31
2020-05-20T12:00:00Z,0.0,-27.875,311.125,NaN
2020-05-20T12:00:00Z,0.0,-27.875,311.375,NaN
2020-05-20T12:00:00Z,0.0,-27.875,311.625,20.8
2020-05-20T12:00:00Z,0.0,-27.625,311.125,NaN
2020-05-20T12:00:00Z,0.0,-27.625,311.375,NaN
2020-05-20T12:00:00Z,0.0,-27.625,311.625,20.97
2020-05-20T12:00:00Z,0.0,-27.375,311.125,NaN
2020-05-20T12:00:00Z,0.0,-27.375,311.375,NaN
2020-05-20T12:00:00Z,0.0,-27.375,311.625,21.189999
2020-05-21T12:00:00Z,0.0,-27.875,311.125,NaN
2020-05-21T12:00:00Z,0.0,-27.875,311.375,NaN
2020-05-21T12:00:00Z,0.0,-27.875,311.625,20.789999
2020-05-21T12:00:00Z,0.0,-27.625,311.125,NaN
2020-05-21T12:00:00Z,0.0,-27.625,311.375,NaN
2020-05-21T12:00:00Z,0.0,-27.625,311.625,20.98
2020-05-21T12:00:00Z,0.0,-27.375,311.125,NaN
2020-05-21T12:00:00Z,0.0,-27.375,311.375,NaN
2020-05-21T12:00:00Z,0.0,-27.375,311.625,21.18
2020-05-22T12:00:00Z,0.0,-27.875,311.125,NaN
2020-05-22T12:00:00Z,0.0,-27.875,311.375,NaN
2020-05-22T12:00:00Z,0.0,-27.875,311.625,21.029999
2020-05-22T12:00:00Z,0.0,-27.625,311.125,NaN
2020-05-22T12:00:00Z,0.0,-27.625,311.375,NaN
2020-05-22T12:00:00Z,0.0,-27.625,311.625,21.22
2020-05-22T12:00:00Z,0.0,-27.375,311.125,NaN
2020-05-22T12:00:00Z,0.0,-27.375,311.375,NaN
2020-05-22T12:00:00Z,0.0,-27.375,311.625,21.439999
2020-05-23T12:00:00Z,0.0,-27.875,311.125,NaN
2020-05-23T12:00:00Z,0.0,-27.875,311.375,NaN
2020-05-23T12:00:00Z,0.0,-27.875,311.625,20.99
2020-05-23T12:00:00Z,0.0,-27.625,311.125,NaN
2020-05-23T12:00:00Z,0.0,-27.625,311.375,NaN
2020-05-23T12:00:00Z,0.0,-27.625,311.625,21.22
2020-05-23T12:00:00Z,0.0,-27.375,311.125,NaN
2020-05-23T12:00:00Z,0.0,-27.375,311.375,NaN
2020-05-23T12:00:00Z,0.0,-27.375,311.625,21.439999
2020-05-24T12:00:00Z,0.0,-27.875,311.125,NaN
2020-05-24T12:00:00Z,0.0,-27.875,311.375,NaN
2020-05-24T12:00:00Z,0.0,-27.875,311.625,20.66
2020-05-24T12:00:00Z,0.0,-27.625,311.125,NaN
2020-05-24T12:00:00Z,0.0,-27.625,311.375,NaN
2020-05-24T12:00:00Z,0.0,-27.625,311.625,20.96
2020-05-24T12:00:00Z,0.0,-27.375,311.125,NaN
2020-05-24T12:00:00Z,0.0,-27.375,311.375,NaN
2020-05-24T12:00:00Z,0.0,-27.375,311.625,21.17
2020-05-25T12:00:00Z,0.0,-27.875,311.125,NaN
2020-05-25T12:00:00Z,0.0,-27.875,311.375,NaN
2020-05-25T12:00:00Z,0.0,-27.875,311.625,20.65
2020-05-25T12:00:00Z,0.0,-27.625,311.125,NaN
2020-05-25T12:00:00Z,0.0,-27.625,311.375,NaN
2020-05-25T12:00:00Z,0.0,-27.625,311.625,20.91
2020-05-25T12:00:00Z,0.0,-27.375,311.125,NaN
2020-05-25T12:00:00Z,0.0,-27.375,311.375,NaN
2020-05-25T12:00:00Z,0.0,-27.375,311.625,21.08
2020-05-26T12:00:00Z,0.0,-27.875,311.125,NaN
2020-05-26T12:00:00Z,0.0,-27.875,311.375,NaN
2020-05-26T12:00:00Z,0.0,-27.875,311.625,20.47
2020-05-26T12:00:00Z,0.0,-27.625,311.125,NaN
2020-05-26T12:00:00Z,0.0,-27.625,311.375,NaN
2020-05-26T12:00:00Z,0.0,-27.625,311.625,20.619999
2020-05-26T12:00:00Z,0.0,-27.375,311.125,NaN
2020-05-26T12:00:00Z,0.0,-27.375,311.375,NaN
2020-05-26T12:00:00Z,0.0,-27.375,311.625,20.77
2020-05-27T12:00:00Z,0.0,-27.875,311.125,NaN
2020-05-27T12:00:00Z,0.0,-27.875,311.375,NaN
2020-05-27T12:00:00Z,0.0,-27.875,311.625,19.98
2020-05-27T12:00:00Z,0.0,-27.625,311.125,NaN
2020-05-27T12:00:00Z,0.0,-27.625,311.375,NaN
2020-05-27T12:00:00Z,0.0,-27.625,311.625,20.17
2020-05-27T12:00:00Z,0.0,-27.375,311.125,NaN
2020-05-27T12:00:00Z,0.0,-27.375,311.375,NaN
2020-05-27T12:00:00Z,0.0,-27.375,311.625,20.35
2020-05-28T12:00:00Z,0.0,-27.875,311.125,NaN
2020-05-28T12:00:00Z,0.0,-27.875,311.375,NaN
2020-05-28T12:00:00Z,0.0,-27.875,311.625,19.64
2020-05-28T12:00:00Z,0.0,-27.625,311.125,NaN
2020-05-28T12:00:00Z,0.0,-27.625,311.375,NaN
2020-05-28T12:00:00Z,0.0,-27.625,311.625,19.81
2020-05-28T12:00:00Z,0.0,-27.375,311.125,NaN
2020-05-28T12:00:00Z,0.0,-27.375,311.375,NaN
2020-05-28T12:00:00Z,0.0,-27.375,311.625,19.98
2020-05-29T12:00:00Z,0.0,-27.875,311.125,NaN
2020-05-29T12:00:00Z,0.0,-27.875,311.375,NaN
2020-05-29T12:00:00Z,0.0,-27.875,311.625,19.57
2020-05-29T12:00:00Z,0.0,-27.625,311.125,NaN
2020-05-29T12:00:00Z,0.0,-27.625,311.375,NaN
2020-05-29T12:00:00Z,0.0,-27.625,311.625,19.74
2020-05-29T12:00:00Z,0.0,-27.375,311.125,NaN
2020-05-29T12:00:00Z,0.0,-27.375,311.375,NaN
2020-05-29T12:00:00Z,0.0,-27.375,311.625,19.92
2020-05-30T12:00:00Z,0.0,-27.875,311.125,NaN
2020-05-30T12:00:00Z,0.0,-27.875,311.375,NaN
2020-05-30T12:00:00Z,0.0,-27.875,311.625,19.699999
2020-05-30T12:00:00Z,0.0,-27.625,311.125,NaN
2020-05-30T12:00:00Z,0.0,-27.625,311.375,NaN
2020-05-30T12:00:00Z,0.0,-27.625,311.625,19.84
2020-05-30T12:00:00Z,0.0,-27.375,311.125,NaN
2020-05-30T12:00:00Z,0.0,-27.375,311.375,NaN
2020-05-30T12:00:00Z,0.0,-27.375,311.625,20.01
2020-05-31T12:00:00Z,0.0,-27.875,311.125,NaN
2020-05-31T12:00:00Z,0.0,-27.875,311.375,NaN
2020-05-31T12:00:00Z,0.0,-27.875,311.625,19.92
2020-05-31T12:00:00Z,0.0,-27.625,311.125,NaN
2020-05-31T12:00:00Z,0.0,-27.625,311.375,NaN
2020-05-31T12:00:00Z,0.0,-27.625,311.625,19.97
2020-05-31T12:00:00Z,0.0,-27.375,311.125,NaN
2020-05-31T12:00:00Z,0.0,-27.375,311.375,NaN
2020-05-31T12:00:00Z,0.0,-27.375,311.625,20.039999
2020-06-01T12:00:00Z,0.0,-27.875,311.125,NaN
2020-06-01T12:00:00Z,0.0,-27.875,311.375,NaN
2020-06-01T12:00:00Z,0.0,-27.875,311.625,19.72
2020-06-01T12:00:00Z,0.0,-27.625,311.125,NaN
2020-06-01T12:00:00Z,0.0,-27.625,311.375,NaN
2020-06-01T12:00:00Z,0.0,-27.625,311.625,19.779999
2020-06-01T12:00:00Z,0.0,-27.375,311.125,NaN
2020-06-01T12:00:00Z,0.0,-27.375,311.375,NaN
2020-06-01T12:00:00Z,0.0,-27.375,311.625,19.88
2020-06-02T12:00:00Z,0.0,-27.875,311.125,NaN
2020-06-02T12:00:00Z,0.0,-27.875,311.375,NaN
2020-06-02T12:00:00Z,0.0,-27.875,311.625,19.17
2020-06-02T12:00:00Z,0.0,-27.625,311.125,NaN
2020-06-02T12:00:00Z,0.0,-27.625,311.375,NaN
2020-06-02T12:00:00Z,0.0,-27.625,311.625,19.17
2020-06-02T12:00:00Z,0.0,-27.375,311.125,NaN
2020-06-02T12:00:00Z,0.0,-27.375,311.375,NaN
2020-06-02T12:00:00Z,0.0,-27.375,311.625,19.32
2020-06-03T12:00:00Z,0.0,-27.875,311.125,NaN
2020-06-03T12:00:00Z,0.0,-27.875,311.375,NaN
2020-06-03T12:00:00Z,0.0,-27.875,311.625,19.08
2020-06-03T12:00:00Z,0.0,-27.625,311.125,NaN
2020-06-03T12:00:00Z,0.0,-27.625,311.375,NaN
2020-06-03T12:00:00Z,0.0,-27.625,311.625,19.05
2020-06-03T12:00:00Z,0.0,-27.375,311.125,NaN
2020-06-03T12:00:00Z,0.0,-27.375,311.375,NaN
2020-06-03T12:00:00Z,0.0,-27.375,311.625,19.25
2020-06-04T12:00:00Z,0.0,-27.875,311.125,NaN
2020-06-04T12:00:00Z,0.0,-27.875,311.375,NaN
2020-06-04T12:00:00Z,0.0,-27.875,311.625,19.21
2020-06-04T12:00:00Z,0.0,-27.625,311.125,NaN
2020-06-04T12:00:00Z,0.0,-27.625,311.375,NaN
2020-06-04T12:00:00Z,0.0,-27.625,311.625,19.26
2020-06-04T12:00:00Z,0.0,-27.375,311.125,NaN
2020-06-04T12:00:00Z,0.0,-27.375,311.375,NaN
2020-06-04T12:00:00Z,0.0,-27.375,311.625,19.51
2020-06-05T12:00:00Z,0.0,-27.875,311.125,NaN
2020-06-05T12:00:00Z,0.0,-27.875,311.375,NaN
2020-06-05T12:00:00Z,0.0,-27.875,311.625,19.279999
2020-06-05T12:00:00Z,0.0,-27.625,311.125,NaN
2020-06-05T12:00:00Z,0.0,-27.625,311.375,NaN
2020-06-05T12:00:00Z,0.0,-27.625,311.625,19.34
2020-06-05T12:00:00Z,0.0,-27.375,311.125,NaN
2020-06-05T12:00:00Z,0.0,-27.375,311.375,NaN
2020-06-05T12:00:00Z,0.0,-27.375,311.625,19.6
2020-06-06T12:00:00Z,0.0,-27.875,311.125,NaN
2020-06-06T12:00:00Z,0.0,-27.875,311.375,NaN
2020-06-06T12:00:00Z,0.0,-27.875,311.625,19.289999
2020-06-06T12:00:00Z,0.0,-27.625,311.125,NaN
2020-06-06T12:00:00Z,0.0,-27.625,311.375,NaN
2020-06-06T12:00:00Z,0.0,-27.625,311.625,19.43
2020-06-06T12:00:00Z,0.0,-27.375,311.125,NaN
2020-06-06T12:00:00Z,0.0,-27.375,311.375,NaN
2020-06-06T12:00:00Z,0.0,-27.375,311.625,19.65
2020-06-07T12:00:00Z,0.0,-27.875,311.125,NaN
2020-06-07T12:00:00Z,0.0,-27.875,311.375,NaN
2020-06-07T12:00:00Z,0.0,-27.875,311.625,19.47
2020-06-07T12:00:00Z,0.0,-27.625,311.125,NaN
2020-06-07T12:00:00Z,0.0,-27.625,311.375,NaN
2020-06-07T12:00:00Z,0.0,-27.625,311.625,19.72
2020-06-07T12:00:00Z,0.0,-27.375,311.125,NaN
2020-06-07T12:00:00Z,0.0,-27.375,311.375,NaN
2020-06-07T12:00:00Z,0.0,-27.375,311.625,19.949999
2020-06-08T12:00:00Z,0.0,-27.875,311.125,NaN
2020-06-08T12:00:00Z,0.0,-27.875,311.375,NaN
2020-06-08T12:00:00Z,0.0,-27.875,311.625,19.47
2020-06-08T12:00:00Z,0.0,-27.625,311.125,NaN
2020-06-08T12:00:00Z,0.0,-27.625,311.375,NaN
2020-06-08T12:00:00Z,0.0,-27.625,311.625,19.73
2020-06-08T12:00:00Z,0.0,-27.375,311.125,NaN
2020-06-08T12:00:00Z,0.0,-27.375,311.375,NaN
2020-06-08T12:00:00Z,0.0,-27.375,311.625,19.97
2020-06-09T12:00:00Z,0.0,-27.875,311.125,NaN
2020-06-09T12:00:00Z,0.0,-27.875,311.375,NaN
2020-06-09T12:00:00Z,0.0,-27.875,311.625,19.449999
2020-06-09T12:00:00Z,0.0,-27.625,311.125,NaN
2020-06-09T12:00:00Z,0.0,-27.625,311.375,NaN
2020-06-09T12:00:00Z,0.0,-27.625,311.625,19.68
2020-06-09T12:00:00Z,0.0,-27.375,311.125,NaN
2020-06-09T12:00:00Z,0.0,-27.375,311.375,NaN
2020-06-09T12:00:00Z,0.0,-27.375,311.625,19.939999
2020-06-10T12:00:00Z,0.0,-27.875,311.125,NaN
2020-06-10T12:00:00Z,0.0,-27.875,311.375,NaN
2020-06-10T12:00:00Z,0.0,-27.875,311.625,20.1
2020-06-10T12:00:00Z,0.0,-27.625,311.125,NaN
2020-06-10T12:00:00Z,0.0,-27.625,311.375,NaN
2020-06-10T12:00:00Z,0.0,-27.625,311.625,20.24
2020-06-10T12:00:00Z,0.0,-27.375,311.125,NaN
2020-06-10T12:00:00Z,0.0,-27.375,311.375,NaN
2020-06-10T12:00:00Z,0.0,-27.375,311.625,20.39
2020-06-11T12:00:00Z,0.0,-27.875,311.125,NaN
2020-06-11T12:00:00Z,0.0,-27.875,311.375,NaN
2020-06-11T12:00:00Z,0.0,-27.875,311.625,20.24
2020-06-11T12:00:00Z,0.0,-27.625,311.125,NaN
2020-06-11T12:00:00Z,0.0,-27.625,311.375,NaN
2020-06-11T12:00:00Z,0.0,-27.625,311.625,20.33
2020-06-11T12:00:00Z,0.0,-27.375,311.125,NaN
2020-06-11T12:00:00Z,0.0,-27.375,311.375,NaN
2020-06-11T12:00:00Z,0.0,-27.375,311.625,20.38
2020-06-12T12:00:00Z,0.0,-27.875,311.125,NaN
2020-06-12T12:00:00Z,0.0,-27.875,311.375,NaN
2020-06-12T12:00:00Z,0.0,-27.875,311.625,20.23
2020-06-12T12:00:00Z,0.0,-27.625,311.125,NaN
2020-06-12T12:00:00Z,0.0,-27.625,311.375,NaN
2020-06-12T12:00:00Z,0.0,-27.625,311.625,20.32
2020-06-12T12:00:00Z,0.0,-27.375,311.125,NaN
2020-06-12T12:00:00Z,0.0,-27.375,311.375,NaN
2020-06-12T12:00:00Z,0.0,-27.375,311.625,20.38
2020-06-13T12:00:00Z,0.0,-27.875,311.125,NaN
2020-06-13T12:00:00Z,0.0,-27.875,311.375,NaN
2020-06-13T12:00:00Z,0.0,-27.875,311.625,20.14
2020-06-13T12:00:00Z,0.0,-27.625,311.125,NaN
2020-06-13T12:00:00Z,0.0,-27.625,311.375,NaN
2020-06-13T12:00:00Z,0.0,-27.625,311.625,20.279999
2020-06-13T12:00:00Z,0.0,-27.375,311.125,NaN
2020-06-13T12:00:00Z,0.0,-27.375,311.375,NaN
2020-06-13T12:00:00Z,0.0,-27.375,311.625,20.369999
2020-06-14T12:00:00Z,0.0,-27.875,311.125,NaN
2020-06-14T12:00:00Z,0.0,-27.875,311.375,NaN
2020-06-14T12:00:00Z,0.0,-27.875,311.625,19.289999
2020-06-14T12:00:00Z,0.0,-27.625,311.125,NaN
2020-06-14T12:00:00Z,0.0,-27.625,311.375,NaN
2020-06-14T12:00:00Z,0.0,-27.625,311.625,19.609999
2020-06-14T12:00:00Z,0.0,-27.375,311.125,NaN
2020-06-14T12:00:00Z,0.0,-27.375,311.375,NaN
2020-06-14T12:00:00Z,0.0,-27.375,311.625,19.859999
2020-06-15T12:00:00Z,0.0,-27.875,311.125,NaN
2020-06-15T12:00:00Z,0.0,-27.875,311.375,NaN
2020-06-15T12:00:00Z,0.0,-27.875,311.625,18.789999
2020-06-15T12:00:00Z,0.0,-27.625,311.125,NaN
2020-06-15T12:00:00Z,0.0,-27.625,311.375,NaN
2020-06-15T12:00:00Z,0.0,-27.625,311.625,18.949999
2020-06-15T12:00:00Z,0.0,-27.375,311.125,NaN
2020-06-15T12:00:00Z,0.0,-27.375,311.375,NaN
2020-06-15T12:00:00Z,0.0,-27.375,311.625,19.13
2020-06-16T12:00:00Z,0.0,-27.875,311.125,NaN
2020-06-16T12:00:00Z,0.0,-27.875,311.375,NaN
2020-06-16T12:00:00Z,0.0,-27.875,311.625,18.68
2020-06-16T12:00:00Z,0.0,-27.625,311.125,NaN
2020-06-16T12:00:00Z,0.0,-27.625,311.375,NaN
2020-06-16T12:00:00Z,0.0,-27.625,311.625,18.779999
2020-06-16T12:00:00Z,0.0,-27.375,311.125,NaN
2020-06-16T12:00:00Z,0.0,-27.375,311.375,NaN
2020-06-16T12:00:00Z,0.0,-27.375,311.625,19.0
2020-06-17T12:00:00Z,0.0,-27.875,311.125,NaN
2020-06-17T12:00:00Z,0.0,-27.875,311.375,NaN
2020-06-17T12:00:00Z,0.0,-27.875,311.625,18.72
2020-06-17T12:00:00Z,0.0,-27.625,311.125,NaN
2020-06-17T12:00:00Z,0.0,-27.625,311.375,NaN
2020-06-17T12:00:00Z,0.0,-27.625,311.625,18.85
2020-06-17T12:00:00Z,0.0,-27.375,311.125,NaN
2020-06-17T12:00:00Z,0.0,-27.375,311.375,NaN
2020-06-17T12:00:00Z,0.0,-27.375,311.625,19.109999
2020-06-18T12:00:00Z,0.0,-27.875,311.125,NaN
2020-06-18T12:00:00Z,0.0,-27.875,311.375,NaN
2020-06-18T12:00:00Z,0.0,-27.875,311.625,19.109999
2020-06-18T12:00:00Z,0.0,-27.625,311.125,NaN
2020-06-18T12:00:00Z,0.0,-27.625,311.375,NaN
2020-06-18T12:00:00Z,0.0,-27.625,311.625,19.34
2020-06-18T12:00:00Z,0.0,-27.375,311.125,NaN
2020-06-18T12:00:00Z,0.0,-27.375,311.375,NaN
2020-06-18T12:00:00Z,0.0,-27.375,311.625,19.58
2020-06-19T12:00:00Z,0.0,-27.875,311.125,NaN
2020-06-19T12:00:00Z,0.0,-27.875,311.375,NaN
2020-06-19T12:00:00Z,0.0,-27.875,311.625,19.609999
2020-06-19T12:00:00Z,0.0,-27.625,311.125,NaN
2020-06-19T12:00:00Z,0.0,-27.625,311.375,NaN
2020-06-19T12:00:00Z,0.0,-27.625,311.625,19.779999
2020-06-19T12:00:00Z,0.0,-27.375,311.125,NaN
2020-06-19T12:00:00Z,0.0,-27.375,311.375,NaN
2020-06-19T12:00:00Z,0.0,-27.375,311.625,19.99
2020-06-20T12:00:00Z,0.0,-27.875,311.125,NaN
2020-06-20T12:00:00Z,0.0,-27.875,311.375,NaN
2020-06-20T12:00:00Z,0.0,-27.875,311.625,20.039999
2020-06-20T12:00:00Z,0.0,-27.625,311.125,NaN
2020-06-20T12:00:00Z,0.0,-27.625,311.375,NaN
2020-06-20T12:00:00Z,0.0,-27.625,311.625,20.15
2020-06-20T12:00:00Z,0.0,-27.375,311.125,NaN
2020-06-20T12:00:00Z,0.0,-27.375,311.375,NaN
2020-06-20T12:00:00Z,0.0,-27.375,311.625,20.31
2020-06-21T12:00:00Z,0.0,-27.875,311.125,NaN
2020-06-21T12:00:00Z,0.0,-27.875,311.375,NaN
2020-06-21T12:00:00Z,0.0,-27.875,311.625,20.029999
2020-06-21T12:00:00Z,0.0,-27.625,311.125,NaN
2020-06-21T12:00:00Z,0.0,-27.625,311.375,NaN
2020-06-21T12:00:00Z,0.0,-27.625,311.625,20.1
2020-06-21T12:00:00Z,0.0,-27.375,311.125,NaN
2020-06-21T12:00:00Z,0.0,-27.375,311.375,NaN
2020-06-21T12:00:00Z,0.0,-27.375,311.625,20.22
2020-06-22T12:00:00Z,0.0,-27.875,311.125,NaN
2020-06-22T12:00:00Z,0.0,-27.875,311.375,NaN
2020-06-22T12:00:00Z,0.0,-27.875,311.625,20.08
2020-06-22T12:00:00Z,0.0,-27.625,311.125,NaN
2020-06-22T12:00:00Z,0.0,-27.625,311.375,NaN
2020-06-22T12:00:00Z,0.0,-27.625,311.625,20.189999
2020-06-22T12:00:00Z,0.0,-27.375,311.125,NaN
2020-06-22T12:00:00Z,0.0,-27.375,311.375,NaN
2020-06-22T12:00:00Z,0.0,-27.375,311.625,20.38
2020-06-23T12:00:00Z,0.0,-27.875,311.125,NaN
2020-06-23T12:00:00Z,0.0,-27.875,311.375,NaN
2020-06-23T12:00:00Z,0.0,-27.875,311.625,19.939999
2020-06-23T12:00:00Z,0.0,-27.625,311.125,NaN
2020-06-23T12:00:00Z,0.0,-27.625,311.375,NaN
2020-06-23T12:00:00Z,0.0,-27.625,311.625,20.09
2020-06-23T12:00:00Z,0.0,-27.375,311.125,NaN
2020-06-23T12:00:00Z,0.0,-27.375,311.375,NaN
2020-06-23T12:00:00Z,0.0,-27.375,311.625,20.35
2020-06-24T12:00:00Z,0.0,-27.875,311.125,NaN
2020-06-24T12:00:00Z,0.0,-27.875,311.375,NaN
2020-06-24T12:00:00Z,0.0,-27.875,311.625,19.82
2020-06-24T12:00:00Z,0.0,-27.625,311.125,NaN
2020-06-24T12:00:00Z,0.0,-27.625,311.375,NaN
2020-06-24T12:00:00Z,0.0,-27.625,311.625,20.02
2020-06-24T12:00:00Z,0.0,-27.375,311.125,NaN
2020-06-24T12:00:00Z,0.0,-27.375,311.375,NaN
2020-06-24T12:00:00Z,0.0,-27.375,311.625,20.33
2020-06-25T12:00:00Z,0.0,-27.875,311.125,NaN
2020-06-25T12:00:00Z,0.0,-27.875,311.375,NaN
2020-06-25T12:00:00Z,0.0,-27.875,311.625,20.17
2020-06-25T12:00:00Z,0.0,-27.625,311.125,NaN
2020-06-25T12:00:00Z,0.0,-27.625,311.375,NaN
2020-06-25T12:00:00Z,0.0,-27.625,311.625,20.279999
2020-06-25T12:00:00Z,0.0,-27.375,311.125,NaN
2020-06-25T12:00:00Z,0.0,-27.375,311.375,NaN
2020-06-25T12:00:00Z,0.0,-27.375,311.625,20.5
2020-06-26T12:00:00Z,0.0,-27.875,311.125,NaN
2020-06-26T12:00:00Z,0.0,-27.875,311.375,NaN
2020-06-26T12:00:00Z,0.0,-27.875,311.625,20.3
2020-06-26T12:00:00Z,0.0,-27.625,311.125,NaN
2020-06-26T12:00:00Z,0.0,-27.625,311.375,NaN
2020-06-26T12:00:00Z,0.0,-27.625,311.625,20.41
2020-06-26T12:00:00Z,0.0,-27.375,311.125,NaN
2020-06-26T12:00:00Z,0.0,-27.375,311.375,NaN
2020-06-26T12:00:00Z,0.0,-27.375,311.625,20.58
2020-06-27T12:00:00Z,0.0,-27.875,311.125,NaN
2020-06-27T12:00:00Z,0.0,-27.875,311.375,NaN
2020-06-27T12:00:00Z,0.0,-27.875,311.625,20.3
2020-06-27T12:00:00Z,0.0,-27.625,311.125,NaN
2020-06-27T12:00:00Z,0.0,-27.625,311.375,NaN
2020-06-27T12:00:00Z,0.0,-27.625,311.625,20.43
2020-06-27T12:00:00Z,0.0,-27.375,311.125,NaN
2020-06-27T12:00:00Z,0.0,-27.375,311.375,NaN
2020-06-27T12:00:00Z,0.0,-27.375,311.625,20.58
2020-06-28T12:00:00Z,0.0,-27.875,311.125,NaN
2020-06-28T12:00:00Z,0.0,-27.875,311.375,NaN
2020-06-28T12:00:00Z,0.0,-27.875,311.625,19.48
2020-06-28T12:00:00Z,0.0,-27.625,311.125,NaN
2020-06-28T12:00:00Z,0.0,-27.625,311.375,NaN
2020-06-28T12:00:00Z,0.0,-27.625,311.625,19.789999
2020-06-28T12:00:00Z,0.0,-27.375,311.125,NaN
2020-06-28T12:00:00Z,0.0,-27.375,311.375,NaN
2020-06-28T12:00:00Z,0.0,-27.375,311.625,20.109999
2020-06-29T12:00:00Z,0.0,-27.875,311.125,NaN
2020-06-29T12:00:00Z,0.0,-27.875,311.375,NaN
2020-06-29T12:00:00Z,0.0,-27.875,311.625,18.9
2020-06-29T12:00:00Z,0.0,-27.625,311.125,NaN
2020-06-29T12:00:00Z,0.0,-27.625,311.375,NaN
2020-06-29T12:00:00Z,0.0,-27.625,311.625,19.189999
2020-06-29T12:00:00Z,0.0,-27.375,311.125,NaN
2020-06-29T12:00:00Z,0.0,-27.375,311.375,NaN
2020-06-29T12:00:00Z,0.0,-27.375,311.625,19.619999
2020-06-30T12:00:00Z,0.0,-27.875,311.125,NaN
2020-06-30T12:00:00Z,0.0,-27.875,311.375,NaN
2020-06-30T12:00:00Z,0.0,-27.875,311.625,18.939999
2020-06-30T12:00:00Z,0.0,-27.625,311.125,NaN
2020-06-30T12:00:00Z,0.0,-27.625,311.375,NaN
2020-06-30T12:00:00Z,0.0,-27.625,311.625,19.17
2020-06-30T12:00:00Z,0.0,-27.375,311.125,NaN
2020-06-30T12:00:00Z,0.0,-27.375,311.375,NaN
2020-06-30T12:00:00Z,0.0,-27.375,311.625,19.46
2020-07-01T12:00:00Z,0.0,-27.875,311.125,NaN
2020-07-01T12:00:00Z,0.0,-27.875,311.375,NaN
2020-07-01T12:00:00Z,0.0,-27.875,311.625,18.99
2020-07-01T12:00:00Z,0.0,-27.625,311.125,NaN
2020-07-01T12:00:00Z,0.0,-27.625,311.375,NaN
2020-07-01T12:00:00Z,0.0,-27.625,311.625,19.13
2020-07-01T12:00:00Z,0.0,-27.375,311.125,NaN
2020-07-01T12:00:00Z,0.0,-27.375,311.375,NaN
2020-07-01T12:00:00Z,0.0,-27.375,311.625,19.31
2020-07-02T12:00:00Z,0.0,-27.875,311.125,NaN
2020-07-02T12:00:00Z,0.0,-27.875,311.375,NaN
2020-07-02T12:00:00Z,0.0,-27.875,311.625,18.859999
2020-07-02T12:00:00Z,0.0,-27.625,311.125,NaN
2020-07-02T12:00:00Z,0.0,-27.625,311.375,NaN
2020-07-02T12:00:00Z,0.0,-27.625,311.625,19.01
2020-07-02T12:00:00Z,0.0,-27.375,311.125,NaN
2020-07-02T12:00:00Z,0.0,-27.375,311.375,NaN
2020-07-02T12:00:00Z,0.0,-27.375,311.625,19.16
2020-07-03T12:00:00Z,0.0,-27.875,311.125,NaN
2020-07-03T12:00:00Z,0.0,-27.875,311.375,NaN
2020-07-03T12:00:00Z,0.0,-27.875,311.625,18.41
2020-07-03T12:00:00Z,0.0,-27.625,311.125,NaN
2020-07-03T12:00:00Z,0.0,-27.625,311.375,NaN
2020-07-03T12:00:00Z,0.0,-27.625,311.625,18.51
2020-07-03T12:00:00Z,0.0,-27.375,311.125,NaN
2020-07-03T12:00:00Z,0.0,-27.375,311.375,NaN
2020-07-03T12:00:00Z,0.0,-27.375,311.625,18.539999
2020-07-04T12:00:00Z,0.0,-27.875,311.125,NaN
2020-07-04T12:00:00Z,0.0,-27.875,311.375,NaN
2020-07-04T12:00:00Z,0.0,-27.875,311.625,18.0
2020-07-04T12:00:00Z,0.0,-27.625,311.125,NaN
2020-07-04T12:00:00Z,0.0,-27.625,311.375,NaN
2020-07-04T12:00:00Z,0.0,-27.625,311.625,18.109999
2020-07-04T12:00:00Z,0.0,-27.375,311.125,NaN
2020-07-04T12:00:00Z,0.0,-27.375,311.375,NaN
2020-07-04T12:00:00Z,0.0,-27.375,311.625,18.25
2020-07-05T12:00:00Z,0.0,-27.875,311.125,NaN
2020-07-05T12:00:00Z,0.0,-27.875,311.375,NaN
2020-07-05T12:00:00Z,0.0,-27.875,311.625,17.619999
2020-07-05T12:00:00Z,0.0,-27.625,311.125,NaN
2020-07-05T12:00:00Z,0.0,-27.625,311.375,NaN
2020-07-05T12:00:00Z,0.0,-27.625,311.625,17.76
2020-07-05T12:00:00Z,0.0,-27.375,311.125,NaN
2020-07-05T12:00:00Z,0.0,-27.375,311.375,NaN
2020-07-05T12:00:00Z,0.0,-27.375,311.625,17.97
2020-07-06T12:00:00Z,0.0,-27.875,311.125,NaN
2020-07-06T12:00:00Z,0.0,-27.875,311.375,NaN
2020-07-06T12:00:00Z,0.0,-27.875,311.625,17.34
2020-07-06T12:00:00Z,0.0,-27.625,311.125,NaN
2020-07-06T12:00:00Z,0.0,-27.625,311.375,NaN
2020-07-06T12:00:00Z,0.0,-27.625,311.625,17.52
2020-07-06T12:00:00Z,0.0,-27.375,311.125,NaN
2020-07-06T12:00:00Z,0.0,-27.375,311.375,NaN
2020-07-06T12:00:00Z,0.0,-27.375,311.625,17.83
2020-07-07T12:00:00Z,0.0,-27.875,311.125,NaN
2020-07-07T12:00:00Z,0.0,-27.875,311.375,NaN
2020-07-07T12:00:00Z,0.0,-27.875,311.625,17.41
2020-07-07T12:00:00Z,0.0,-27.625,311.125,NaN
2020-07-07T12:00:00Z,0.0,-27.625,311.375,NaN
2020-07-07T12:00:00Z,0.0,-27.625,311.625,17.58
2020-07-07T12:00:00Z,0.0,-27.375,311.125,NaN
2020-07-07T12:00:00Z,0.0,-27.375,311.375,NaN
2020-07-07T12:00:00Z,0.0,-27.375,311.625,17.85
2020-07-08T12:00:00Z,0.0,-27.875,311.125,NaN
2020-07-08T12:00:00Z,0.0,-27.875,311.375,NaN
2020-07-08T12:00:00Z,0.0,-27.875,311.625,17.359999
2020-07-08T12:00:00Z,0.0,-27.625,311.125,NaN
2020-07-08T12:00:00Z,0.0,-27.625,311.375,NaN
2020-07-08T12:00:00Z,0.0,-27.625,311.625,17.5
2020-07-08T12:00:00Z,0.0,-27.375,311.125,NaN
2020-07-08T12:00:00Z,0.0,-27.375,311.375,NaN
2020-07-08T12:00:00Z,0.0,-27.375,311.625,17.779999
2020-07-09T12:00:00Z,0.0,-27.875,311.125,NaN
2020-07-09T12:00:00Z,0.0,-27.875,311.375,NaN
2020-07-09T12:00:00Z,0.0,-27.875,311.625,17.199999
2020-07-09T12:00:00Z,0.0,-27.625,311.125,NaN
2020-07-09T12:00:00Z,0.0,-27.625,311.375,NaN
2020-07-09T12:00:00Z,0.0,-27.625,311.625,17.369999
2020-07-09T12:00:00Z,0.0,-27.375,311.125,NaN
2020-07-09T12:00:00Z,0.0,-27.375,311.375,NaN
2020-07-09T12:00:00Z,0.0,-27.375,311.625,17.59
2020-07-10T12:00:00Z,0.0,-27.875,311.125,NaN
2020-07-10T12:00:00Z,0.0,-27.875,311.375,NaN
2020-07-10T12:00:00Z,0.0,-27.875,311.625,17.1
2020-07-10T12:00:00Z,0.0,-27.625,311.125,NaN
2020-07-10T12:00:00Z,0.0,-27.625,311.375,NaN
2020-07-10T12:00:00Z,0.0,-27.625,311.625,17.25
2020-07-10T12:00:00Z,0.0,-27.375,311.125,NaN
2020-07-10T12:00:00Z,0.0,-27.375,311.375,NaN
2020-07-10T12:00:00Z,0.0,-27.375,311.625,17.44
2020-07-11T12:00:00Z,0.0,-27.875,311.125,NaN
2020-07-11T12:00:00Z,0.0,-27.875,311.375,NaN
2020-07-11T12:00:00Z,0.0,-27.875,311.625,17.369999
2020-07-11T12:00:00Z,0.0,-27.625,311.125,NaN
2020-07-11T12:00:00Z,0.0,-27.625,311.375,NaN
2020-07-11T12:00:00Z,0.0,-27.625,311.625,17.5
2020-07-11T12:00:00Z,0.0,-27.375,311.125,NaN
2020-07-11T12:00:00Z,0.0,-27.375,311.375,NaN
2020-07-11T12:00:00Z,0.0,-27.375,311.625,17.64
2020-07-12T12:00:00Z,0.0,-27.875,311.125,NaN
2020-07-12T12:00:00Z,0.0,-27.875,311.375,NaN
2020-07-12T12:00:00Z,0.0,-27.875,311.625,17.49
2020-07-12T12:00:00Z,0.0,-27.625,311.125,NaN
2020-07-12T12:00:00Z,0.0,-27.625,311.375,NaN
2020-07-12T12:00:00Z,0.0,-27.625,311.625,17.65
2020-07-12T12:00:00Z,0.0,-27.375,311.125,NaN
2020-07-12T12:00:00Z,0.0,-27.375,311.375,NaN
2020-07-12T12:00:00Z,0.0,-27.375,311.625,17.789999
2020-07-13T12:00:00Z,0.0,-27.875,311.125,NaN
2020-07-13T12:00:00Z,0.0,-27.875,311.375,NaN
2020-07-13T12:00:00Z,0.0,-27.875,311.625,17.44
2020-07-13T12:00:00Z,0.0,-27.625,311.125,NaN
2020-07-13T12:00:00Z,0.0,-27.625,311.375,NaN
2020-07-13T12:00:00Z,0.0,-27.625,311.625,17.71
2020-07-13T12:00:00Z,0.0,-27.375,311.125,NaN
2020-07-13T12:00:00Z,0.0,-27.375,311.375,NaN
2020-07-13T12:00:00Z,0.0,-27.375,311.625,17.93
2020-07-14T12:00:00Z,0.0,-27.875,311.125,NaN
2020-07-14T12:00:00Z,0.0,-27.875,311.375,NaN
2020-07-14T12:00:00Z,0.0,-27.875,311.625,16.9
2020-07-14T12:00:00Z,0.0,-27.625,311.125,NaN
2020-07-14T12:00:00Z,0.0,-27.625,311.375,NaN
2020-07-14T12:00:00Z,0.0,-27.625,311.625,16.99
2020-07-14T12:00:00Z,0.0,-27.375,311.125,NaN
2020-07-14T12:00:00Z,0.0,-27.375,311.375,NaN
2020-07-14T12:00:00Z,0.0,-27.375,311.625,16.94
2020-07-15T12:00:00Z,0.0,-27.875,311.125,NaN
2020-07-15T12:00:00Z,0.0,-27.875,311.375,NaN
2020-07-15T12:00:00Z,0.0,-27.875,311.625,16.63
2020-07-15T12:00:00Z,0.0,-27.625,311.125,NaN
2020-07-15T12:00:00Z,0.0,-27.625,311.375,NaN
2020-07-15T12:00:00Z,0.0,-27.625,311.625,16.67
2020-07-15T12:00:00Z,0.0,-27.375,311.125,NaN
2020-07-15T12:00:00Z,0.0,-27.375,311.375,NaN
2020-07-15T12:00:00Z,0.0,-27.375,311.625,16.68
2020-07-16T12:00:00Z,0.0,-27.875,311.125,NaN
2020-07-16T12:00:00Z,0.0,-27.875,311.375,NaN
2020-07-16T12:00:00Z,0.0,-27.875,311.625,16.75
2020-07-16T12:00:00Z,0.0,-27.625,311.125,NaN
2020-07-16T12:00:00Z,0.0,-27.625,311.375,NaN
2020-07-16T12:00:00Z,0.0,-27.625,311.625,16.72
2020-07-16T12:00:00Z,0.0,-27.375,311.125,NaN
2020-07-16T12:00:00Z,0.0,-27.375,311.375,NaN
2020-07-16T12:00:00Z,0.0,-27.375,311.625,16.85
2020-07-17T12:00:00Z,0.0,-27.875,311.125,NaN
2020-07-17T12:00:00Z,0.0,-27.875,311.375,NaN
2020-07-17T12:00:00Z,0.0,-27.875,311.625,16.8
2020-07-17T12:00:00Z,0.0,-27.625,311.125,NaN
2020-07-17T12:00:00Z,0.0,-27.625,311.375,NaN
2020-07-17T12:00:00Z,0.0,-27.625,311.625,16.85
2020-07-17T12:00:00Z,0.0,-27.375,311.125,NaN
2020-07-17T12:00:00Z,0.0,-27.375,311.375,NaN
2020-07-17T12:00:00Z,0.0,-27.375,311.625,17.029999
2020-07-18T12:00:00Z,0.0,-27.875,311.125,NaN
2020-07-18T12:00:00Z,0.0,-27.875,311.375,NaN
2020-07-18T12:00:00Z,0.0,-27.875,311.625,17.24
2020-07-18T12:00:00Z,0.0,-27.625,311.125,NaN
2020-07-18T12:00:00Z,0.0,-27.625,311.375,NaN
2020-07-18T12:00:00Z,0.0,-27.625,311.625,17.23
2020-07-18T12:00:00Z,0.0,-27.375,311.125,NaN
2020-07-18T12:00:00Z,0.0,-27.375,311.375,NaN
2020-07-18T12:00:00Z,0.0,-27.375,311.625,17.24
2020-07-19T12:00:00Z,0.0,-27.875,311.125,NaN
2020-07-19T12:00:00Z,0.0,-27.875,311.375,NaN
2020-07-19T12:00:00Z,0.0,-27.875,311.625,17.57
2020-07-19T12:00:00Z,0.0,-27.625,311.125,NaN
2020-07-19T12:00:00Z,0.0,-27.625,311.375,NaN
2020-07-19T12:00:00Z,0.0,-27.625,311.625,17.66
2020-07-19T12:00:00Z,0.0,-27.375,311.125,NaN
2020-07-19T12:00:00Z,0.0,-27.375,311.375,NaN
2020-07-19T12:00:00Z,0.0,-27.375,311.625,17.67
2020-07-20T12:00:00Z,0.0,-27.875,311.125,NaN
2020-07-20T12:00:00Z,0.0,-27.875,311.375,NaN
2020-07-20T12:00:00Z,0.0,-27.875,311.625,17.84
2020-07-20T12:00:00Z,0.0,-27.625,311.125,NaN
2020-07-20T12:00:00Z,0.0,-27.625,311.375,NaN
2020-07-20T12:00:00Z,0.0,-27.625,311.625,17.93
2020-07-20T12:00:00Z,0.0,-27.375,311.125,NaN
2020-07-20T12:00:00Z,0.0,-27.375,311.375,NaN
2020-07-20T12:00:00Z,0.0,-27.375,311.625,18.05
2020-07-21T12:00:00Z,0.0,-27.875,311.125,NaN
2020-07-21T12:00:00Z,0.0,-27.875,311.375,NaN
2020-07-21T12:00:00Z,0.0,-27.875,311.625,17.9
2020-07-21T12:00:00Z,0.0,-27.625,311.125,NaN
2020-07-21T12:00:00Z,0.0,-27.625,311.375,NaN
2020-07-21T12:00:00Z,0.0,-27.625,311.625,17.99
2020-07-21T12:00:00Z,0.0,-27.375,311.125,NaN
2020-07-21T12:00:00Z,0.0,-27.375,311.375,NaN
2020-07-21T12:00:00Z,0.0,-27.375,311.625,18.18
2020-07-22T12:00:00Z,0.0,-27.875,311.125,NaN
2020-07-22T12:00:00Z,0.0,-27.875,311.375,NaN
2020-07-22T12:00:00Z,0.0,-27.875,311.625,17.96
2020-07-22T12:00:00Z,0.0,-27.625,311.125,NaN
2020-07-22T12:00:00Z,0.0,-27.625,311.375,NaN
2020-07-22T12:00:00Z,0.0,-27.625,311.625,18.02
2020-07-22T12:00:00Z,0.0,-27.375,311.125,NaN
2020-07-22T12:00:00Z,0.0,-27.375,311.375,NaN
2020-07-22T12:00:00Z,0.0,-27.375,311.625,18.199999
2020-07-23T12:00:00Z,0.0,-27.875,311.125,NaN
2020-07-23T12:00:00Z,0.0,-27.875,311.375,NaN
2020-07-23T12:00:00Z,0.0,-27.875,311.625,18.3
2020-07-23T12:00:00Z,0.0,-27.625,311.125,NaN
2020-07-23T12:00:00Z,0.0,-27.625,311.375,NaN
2020-07-23T12:00:00Z,0.0,-27.625,311.625,18.39
2020-07-23T12:00:00Z,0.0,-27.375,311.125,NaN
2020-07-23T12:00:00Z,0.0,-27.375,311.375,NaN
2020-07-23T12:00:00Z,0.0,-27.375,311.625,18.609999
2020-07-24T12:00:00Z,0.0,-27.875,311.125,NaN
2020-07-24T12:00:00Z,0.0,-27.875,311.375,NaN
2020-07-24T12:00:00Z,0.0,-27.875,311.625,18.68
2020-07-24T12:00:00Z,0.0,-27.625,311.125,NaN
2020-07-24T12:00:00Z,0.0,-27.625,311.375,NaN
2020-07-24T12:00:00Z,0.0,-27.625,311.625,18.77
2020-07-24T12:00:00Z,0.0,-27.375,311.125,NaN
2020-07-24T12:00:00Z,0.0,-27.375,311.375,NaN
2020-07-24T12:00:00Z,0.0,-27.375,311.625,18.96
2020-07-25T12:00:00Z,0.0,-27.875,311.125,NaN
2020-07-25T12:00:00Z,0.0,-27.875,311.375,NaN
2020-07-25T12:00:00Z,0.0,-27.875,311.625,18.73
2020-07-25T12:00:00Z,0.0,-27.625,311.125,NaN
2020-07-25T12:00:00Z,0.0,-27.625,311.375,NaN
2020-07-25T12:00:00Z,0.0,-27.625,311.625,18.91
2020-07-25T12:00:00Z,0.0,-27.375,311.125,NaN
2020-07-25T12:00:00Z,0.0,-27.375,311.375,NaN
2020-07-25T12:00:00Z,0.0,-27.375,311.625,19.05
2020-07-26T12:00:00Z,0.0,-27.875,311.125,NaN
2020-07-26T12:00:00Z,0.0,-27.875,311.375,NaN
2020-07-26T12:00:00Z,0.0,-27.875,311.625,18.859999
2020-07-26T12:00:00Z,0.0,-27.625,311.125,NaN
2020-07-26T12:00:00Z,0.0,-27.625,311.375,NaN
2020-07-26T12:00:00Z,0.0,-27.625,311.625,19.07
2020-07-26T12:00:00Z,0.0,-27.375,311.125,NaN
2020-07-26T12:00:00Z,0.0,-27.375,311.375,NaN
2020-07-26T12:00:00Z,0.0,-27.375,311.625,19.22
2020-07-27T12:00:00Z,0.0,-27.875,311.125,NaN
2020-07-27T12:00:00Z,0.0,-27.875,311.375,NaN
2020-07-27T12:00:00Z,0.0,-27.875,311.625,18.84
2020-07-27T12:00:00Z,0.0,-27.625,311.125,NaN
2020-07-27T12:00:00Z,0.0,-27.625,311.375,NaN
2020-07-27T12:00:00Z,0.0,-27.625,311.625,19.05
2020-07-27T12:00:00Z,0.0,-27.375,311.125,NaN
2020-07-27T12:00:00Z,0.0,-27.375,311.375,NaN
2020-07-27T12:00:00Z,0.0,-27.375,311.625,19.22
2020-07-28T12:00:00Z,0.0,-27.875,311.125,NaN
2020-07-28T12:00:00Z,0.0,-27.875,311.375,NaN
2020-07-28T12:00:00Z,0.0,-27.875,311.625,18.77
2020-07-28T12:00:00Z,0.0,-27.625,311.125,NaN
2020-07-28T12:00:00Z,0.0,-27.625,311.375,NaN
2020-07-28T12:00:00Z,0.0,-27.625,311.625,18.96
2020-07-28T12:00:00Z,0.0,-27.375,311.125,NaN
2020-07-28T12:00:00Z,0.0,-27.375,311.375,NaN
2020-07-28T12:00:00Z,0.0,-27.375,311.625,19.16
2020-07-29T12:00:00Z,0.0,-27.875,311.125,NaN
2020-07-29T12:00:00Z,0.0,-27.875,311.375,NaN
2020-07-29T12:00:00Z,0.0,-27.875,311.625,17.8
2020-07-29T12:00:00Z,0.0,-27.625,311.125,NaN
2020-07-29T12:00:00Z,0.0,-27.625,311.375,NaN
2020-07-29T12:00:00Z,0.0,-27.625,311.625,18.199999
2020-07-29T12:00:00Z,0.0,-27.375,311.125,NaN
2020-07-29T12:00:00Z,0.0,-27.375,311.375,NaN
2020-07-29T12:00:00Z,0.0,-27.375,311.625,18.65
2020-07-30T12:00:00Z,0.0,-27.875,311.125,NaN
2020-07-30T12:00:00Z,0.0,-27.875,311.375,NaN
2020-07-30T12:00:00Z,0.0,-27.875,311.625,17.84
2020-07-30T12:00:00Z,0.0,-27.625,311.125,NaN
2020-07-30T12:00:00Z,0.0,-27.625,311.375,NaN
2020-07-30T12:00:00Z,0.0,-27.625,311.625,18.27
2020-07-30T12:00:00Z,0.0,-27.375,311.125,NaN
2020-07-30T12:00:00Z,0.0,-27.375,311.375,NaN
2020-07-30T12:00:00Z,0.0,-27.375,311.625,18.699999
2020-07-31T12:00:00Z,0.0,-27.875,311.125,NaN
2020-07-31T12:00:00Z,0.0,-27.875,311.375,NaN
2020-07-31T12:00:00Z,0.0,-27.875,311.625,17.619999
2020-07-31T12:00:00Z,0.0,-27.625,311.125,NaN
2020-07-31T12:00:00Z,0.0,-27.625,311.375,NaN
2020-07-31T12:00:00Z,0.0,-27.625,311.625,18.07
2020-07-31T12:00:00Z,0.0,-27.375,311.125,NaN
2020-07-31T12:00:00Z,0.0,-27.375,311.375,NaN
2020-07-31T12:00:00Z,0.0,-27.375,311.625,18.39
2020-08-01T12:00:00Z,0.0,-27.875,311.125,NaN
2020-08-01T12:00:00Z,0.0,-27.875,311.375,NaN
2020-08-01T12:00:00Z,0.0,-27.875,311.625,17.42
2020-08-01T12:00:00Z,0.0,-27.625,311.125,NaN
2020-08-01T12:00:00Z,0.0,-27.625,311.375,NaN
2020-08-01T12:00:00Z,0.0,-27.625,311.625,17.859999
2020-08-01T12:00:00Z,0.0,-27.375,311.125,NaN
2020-08-01T12:00:00Z,0.0,-27.375,311.375,NaN
2020-08-01T12:00:00Z,0.0,-27.375,311.625,18.06
2020-08-02T12:00:00Z,0.0,-27.875,311.125,NaN
2020-08-02T12:00:00Z,0.0,-27.875,311.375,NaN
2020-08-02T12:00:00Z,0.0,-27.875,311.625,17.72
2020-08-02T12:00:00Z,0.0,-27.625,311.125,NaN
2020-08-02T12:00:00Z,0.0,-27.625,311.375,NaN
2020-08-02T12:00:00Z,0.0,-27.625,311.625,18.02
2020-08-02T12:00:00Z,0.0,-27.375,311.125,NaN
2020-08-02T12:00:00Z,0.0,-27.375,311.375,NaN
2020-08-02T12:00:00Z,0.0,-27.375,311.625,18.109999
2020-08-03T12:00:00Z,0.0,-27.875,311.125,NaN
2020-08-03T12:00:00Z,0.0,-27.875,311.375,NaN
2020-08-03T12:00:00Z,0.0,-27.875,311.625,17.82
2020-08-03T12:00:00Z,0.0,-27.625,311.125,NaN
2020-08-03T12:00:00Z,0.0,-27.625,311.375,NaN
2020-08-03T12:00:00Z,0.0,-27.625,311.625,18.07
2020-08-03T12:00:00Z,0.0,-27.375,311.125,NaN
2020-08-03T12:00:00Z,0.0,-27.375,311.375,NaN
2020-08-03T12:00:00Z,0.0,-27.375,311.625,18.18
2020-08-04T12:00:00Z,0.0,-27.875,311.125,NaN
2020-08-04T12:00:00Z,0.0,-27.875,311.375,NaN
2020-08-04T12:00:00Z,0.0,-27.875,311.625,17.71
2020-08-04T12:00:00Z,0.0,-27.625,311.125,NaN
2020-08-04T12:00:00Z,0.0,-27.625,311.375,NaN
2020-08-04T12:00:00Z,0.0,-27.625,311.625,17.98
2020-08-04T12:00:00Z,0.0,-27.375,311.125,NaN
2020-08-04T12:00:00Z,0.0,-27.375,311.375,NaN
2020-08-04T12:00:00Z,0.0,-27.375,311.625,18.14
2020-08-05T12:00:00Z,0.0,-27.875,311.125,NaN
2020-08-05T12:00:00Z,0.0,-27.875,311.375,NaN
2020-08-05T12:00:00Z,0.0,-27.875,311.625,17.93
2020-08-05T12:00:00Z,0.0,-27.625,311.125,NaN
2020-08-05T12:00:00Z,0.0,-27.625,311.375,NaN
2020-08-05T12:00:00Z,0.0,-27.625,311.625,18.17
2020-08-05T12:00:00Z,0.0,-27.375,311.125,NaN
2020-08-05T12:00:00Z,0.0,-27.375,311.375,NaN
2020-08-05T12:00:00Z,0.0,-27.375,311.625,18.289999
2020-08-06T12:00:00Z,0.0,-27.875,311.125,NaN
2020-08-06T12:00:00Z,0.0,-27.875,311.375,NaN
2020-08-06T12:00:00Z,0.0,-27.875,311.625,18.52
2020-08-06T12:00:00Z,0.0,-27.625,311.125,NaN
2020-08-06T12:00:00Z,0.0,-27.625,311.375,NaN
2020-08-06T12:00:00Z,0.0,-27.625,311.625,18.72
2020-08-06T12:00:00Z,0.0,-27.375,311.125,NaN
2020-08-06T12:00:00Z,0.0,-27.375,311.375,NaN
2020-08-06T12:00:00Z,0.0,-27.375,311.625,18.77
2020-08-07T12:00:00Z,0.0,-27.875,311.125,NaN
2020-08-07T12:00:00Z,0.0,-27.875,311.375,NaN
2020-08-07T12:00:00Z,0.0,-27.875,311.625,18.779999
2020-08-07T12:00:00Z,0.0,-27.625,311.125,NaN
2020-08-07T12:00:00Z,0.0,-27.625,311.375,NaN
2020-08-07T12:00:00Z,0.0,-27.625,311.625,18.91
2020-08-07T12:00:00Z,0.0,-27.375,311.125,NaN
2020-08-07T12:00:00Z,0.0,-27.375,311.375,NaN
2020-08-07T12:00:00Z,0.0,-27.375,311.625,18.96
2020-08-08T12:00:00Z,0.0,-27.875,311.125,NaN
2020-08-08T12:00:00Z,0.0,-27.875,311.375,NaN
2020-08-08T12:00:00Z,0.0,-27.875,311.625,18.68
2020-08-08T12:00:00Z,0.0,-27.625,311.125,NaN
2020-08-08T12:00:00Z,0.0,-27.625,311.375,NaN
2020-08-08T12:00:00Z,0.0,-27.625,311.625,18.75
2020-08-08T12:00:00Z,0.0,-27.375,311.125,NaN
2020-08-08T12:00:00Z,0.0,-27.375,311.375,NaN
2020-08-08T12:00:00Z,0.0,-27.375,311.625,18.85
2020-08-09T12:00:00Z,0.0,-27.875,311.125,NaN
2020-08-09T12:00:00Z,0.0,-27.875,311.375,NaN
2020-08-09T12:00:00Z,0.0,-27.875,311.625,18.789999
2020-08-09T12:00:00Z,0.0,-27.625,311.125,NaN
2020-08-09T12:00:00Z,0.0,-27.625,311.375,NaN
2020-08-09T12:00:00Z,0.0,-27.625,311.625,18.82
2020-08-09T12:00:00Z,0.0,-27.375,311.125,NaN
2020-08-09T12:00:00Z,0.0,-27.375,311.375,NaN
2020-08-09T12:00:00Z,0.0,-27.375,311.625,18.91
2020-08-10T12:00:00Z,0.0,-27.875,311.125,NaN
2020-08-10T12:00:00Z,0.0,-27.875,311.375,NaN
2020-08-10T12:00:00Z,0.0,-27.875,311.625,18.97
2020-08-10T12:00:00Z,0.0,-27.625,311.125,NaN
2020-08-10T12:00:00Z,0.0,-27.625,311.375,NaN
2020-08-10T12:00:00Z,0.0,-27.625,311.625,18.97
2020-08-10T12:00:00Z,0.0,-27.375,311.125,NaN
2020-08-10T12:00:00Z,0.0,-27.375,311.375,NaN
2020-08-10T12:00:00Z,0.0,-27.375,311.625,19.029999
2020-08-11T12:00:00Z,0.0,-27.875,311.125,NaN
2020-08-11T12:00:00Z,0.0,-27.875,311.375,NaN
2020-08-11T12:00:00Z,0.0,-27.875,311.625,19.34
2020-08-11T12:00:00Z,0.0,-27.625,311.125,NaN
2020-08-11T12:00:00Z,0.0,-27.625,311.375,NaN
2020-08-11T12:00:00Z,0.0,-27.625,311.625,19.26
2020-08-11T12:00:00Z,0.0,-27.375,311.125,NaN
2020-08-11T12:00:00Z,0.0,-27.375,311.375,NaN
2020-08-11T12:00:00Z,0.0,-27.375,311.625,19.32
2020-08-12T12:00:00Z,0.0,-27.875,311.125,NaN
2020-08-12T12:00:00Z,0.0,-27.875,311.375,NaN
2020-08-12T12:00:00Z,0.0,-27.875,311.625,19.449999
2020-08-12T12:00:00Z,0.0,-27.625,311.125,NaN
2020-08-12T12:00:00Z,0.0,-27.625,311.375,NaN
2020-08-12T12:00:00Z,0.0,-27.625,311.625,19.369999
2020-08-12T12:00:00Z,0.0,-27.375,311.125,NaN
2020-08-12T12:00:00Z,0.0,-27.375,311.375,NaN
2020-08-12T12:00:00Z,0.0,-27.375,311.625,19.39
2020-08-13T12:00:00Z,0.0,-27.875,311.125,NaN
2020-08-13T12:00:00Z,0.0,-27.875,311.375,NaN
2020-08-13T12:00:00Z,0.0,-27.875,311.625,19.33
2020-08-13T12:00:00Z,0.0,-27.625,311.125,NaN
2020-08-13T12:00:00Z,0.0,-27.625,311.375,NaN
2020-08-13T12:00:00Z,0.0,-27.625,311.625,19.279999
2020-08-13T12:00:00Z,0.0,-27.375,311.125,NaN
2020-08-13T12:00:00Z,0.0,-27.375,311.375,NaN
2020-08-13T12:00:00Z,0.0,-27.375,311.625,19.31
2020-08-14T12:00:00Z,0.0,-27.875,311.125,NaN
2020-08-14T12:00:00Z,0.0,-27.875,311.375,NaN
2020-08-14T12:00:00Z,0.0,-27.875,311.625,19.34
2020-08-14T12:00:00Z,0.0,-27.625,311.125,NaN
2020-08-14T12:00:00Z,0.0,-27.625,311.375,NaN
2020-08-14T12:00:00Z,0.0,-27.625,311.625,19.3
2020-08-14T12:00:00Z,0.0,-27.375,311.125,NaN
2020-08-14T12:00:00Z,0.0,-27.375,311.375,NaN
2020-08-14T12:00:00Z,0.0,-27.375,311.625,19.34
2020-08-15T12:00:00Z,0.0,-27.875,311.125,NaN
2020-08-15T12:00:00Z,0.0,-27.875,311.375,NaN
2020-08-15T12:00:00Z,0.0,-27.875,311.625,19.56
2020-08-15T12:00:00Z,0.0,-27.625,311.125,NaN
2020-08-15T12:00:00Z,0.0,-27.625,311.375,NaN
2020-08-15T12:00:00Z,0.0,-27.625,311.625,19.51
2020-08-15T12:00:00Z,0.0,-27.375,311.125,NaN
2020-08-15T12:00:00Z,0.0,-27.375,311.375,NaN
2020-08-15T12:00:00Z,0.0,-27.375,311.625,19.539999
2020-08-16T12:00:00Z,0.0,-27.875,311.125,NaN
2020-08-16T12:00:00Z,0.0,-27.875,311.375,NaN
2020-08-16T12:00:00Z,0.0,-27.875,311.625,19.67
2020-08-16T12:00:00Z,0.0,-27.625,311.125,NaN
2020-08-16T12:00:00Z,0.0,-27.625,311.375,NaN
2020-08-16T12:00:00Z,0.0,-27.625,311.625,19.68
2020-08-16T12:00:00Z,0.0,-27.375,311.125,NaN
2020-08-16T12:00:00Z,0.0,-27.375,311.375,NaN
2020-08-16T12:00:00Z,0.0,-27.375,311.625,19.74
2020-08-17T12:00:00Z,0.0,-27.875,311.125,NaN
2020-08-17T12:00:00Z,0.0,-27.875,311.375,NaN
2020-08-17T12:00:00Z,0.0,-27.875,311.625,19.24
2020-08-17T12:00:00Z,0.0,-27.625,311.125,NaN
2020-08-17T12:00:00Z,0.0,-27.625,311.375,NaN
2020-08-17T12:00:00Z,0.0,-27.625,311.625,19.67
2020-08-17T12:00:00Z,0.0,-27.375,311.125,NaN
2020-08-17T12:00:00Z,0.0,-27.375,311.375,NaN
2020-08-17T12:00:00Z,0.0,-27.375,311.625,20.199999
2020-08-18T12:00:00Z,0.0,-27.875,311.125,NaN
2020-08-18T12:00:00Z,0.0,-27.875,311.375,NaN
2020-08-18T12:00:00Z,0.0,-27.875,311.625,19.0
2020-08-18T12:00:00Z,0.0,-27.625,311.125,NaN
2020-08-18T12:00:00Z,0.0,-27.625,311.375,NaN
2020-08-18T12:00:00Z,0.0,-27.625,311.625,19.58
2020-08-18T12:00:00Z,0.0,-27.375,311.125,NaN
2020-08-18T12:00:00Z,0.0,-27.375,311.375,NaN
2020-08-18T12:00:00Z,0.0,-27.375,311.625,20.22
2020-08-19T12:00:00Z,0.0,-27.875,311.125,NaN
2020-08-19T12:00:00Z,0.0,-27.875,311.375,NaN
2020-08-19T12:00:00Z,0.0,-27.875,311.625,18.939999
2020-08-19T12:00:00Z,0.0,-27.625,311.125,NaN
2020-08-19T12:00:00Z,0.0,-27.625,311.375,NaN
2020-08-19T12:00:00Z,0.0,-27.625,311.625,19.59
2020-08-19T12:00:00Z,0.0,-27.375,311.125,NaN
2020-08-19T12:00:00Z,0.0,-27.375,311.375,NaN
2020-08-19T12:00:00Z,0.0,-27.375,311.625,20.14
2020-08-20T12:00:00Z,0.0,-27.875,311.125,NaN
2020-08-20T12:00:00Z,0.0,-27.875,311.375,NaN
2020-08-20T12:00:00Z,0.0,-27.875,311.625,18.98
2020-08-20T12:00:00Z,0.0,-27.625,311.125,NaN
2020-08-20T12:00:00Z,0.0,-27.625,311.375,NaN
2020-08-20T12:00:00Z,0.0,-27.625,311.625,19.609999
2020-08-20T12:00:00Z,0.0,-27.375,311.125,NaN
2020-08-20T12:00:00Z,0.0,-27.375,311.375,NaN
2020-08-20T12:00:00Z,0.0,-27.375,311.625,20.09
2020-08-21T12:00:00Z,0.0,-27.875,311.125,NaN
2020-08-21T12:00:00Z,0.0,-27.875,311.375,NaN
2020-08-21T12:00:00Z,0.0,-27.875,311.625,16.98
2020-08-21T12:00:00Z,0.0,-27.625,311.125,NaN
2020-08-21T12:00:00Z,0.0,-27.625,311.375,NaN
2020-08-21T12:00:00Z,0.0,-27.625,311.625,17.449999
2020-08-21T12:00:00Z,0.0,-27.375,311.125,NaN
2020-08-21T12:00:00Z,0.0,-27.375,311.375,NaN
2020-08-21T12:00:00Z,0.0,-27.375,311.625,17.94
2020-08-22T12:00:00Z,0.0,-27.875,311.125,NaN
2020-08-22T12:00:00Z,0.0,-27.875,311.375,NaN
2020-08-22T12:00:00Z,0.0,-27.875,311.625,16.35
2020-08-22T12:00:00Z,0.0,-27.625,311.125,NaN
2020-08-22T12:00:00Z,0.0,-27.625,311.375,NaN
2020-08-22T12:00:00Z,0.0,-27.625,311.625,16.74
2020-08-22T12:00:00Z,0.0,-27.375,311.125,NaN
2020-08-22T12:00:00Z,0.0,-27.375,311.375,NaN
2020-08-22T12:00:00Z,0.0,-27.375,311.625,17.19
2020-08-23T12:00:00Z,0.0,-27.875,311.125,NaN
2020-08-23T12:00:00Z,0.0,-27.875,311.375,NaN
2020-08-23T12:00:00Z,0.0,-27.875,311.625,16.039999
2020-08-23T12:00:00Z,0.0,-27.625,311.125,NaN
2020-08-23T12:00:00Z,0.0,-27.625,311.375,NaN
2020-08-23T12:00:00Z,0.0,-27.625,311.625,16.3
2020-08-23T12:00:00Z,0.0,-27.375,311.125,NaN
2020-08-23T12:00:00Z,0.0,-27.375,311.375,NaN
2020-08-23T12:00:00Z,0.0,-27.375,311.625,16.69
2020-08-24T12:00:00Z,0.0,-27.875,311.125,NaN
2020-08-24T12:00:00Z,0.0,-27.875,311.375,NaN
2020-08-24T12:00:00Z,0.0,-27.875,311.625,16.15
2020-08-24T12:00:00Z,0.0,-27.625,311.125,NaN
2020-08-24T12:00:00Z,0.0,-27.625,311.375,NaN
2020-08-24T12:00:00Z,0.0,-27.625,311.625,16.32
2020-08-24T12:00:00Z,0.0,-27.375,311.125,NaN
2020-08-24T12:00:00Z,0.0,-27.375,311.375,NaN
2020-08-24T12:00:00Z,0.0,-27.375,311.625,16.64
2020-08-25T12:00:00Z,0.0,-27.875,311.125,NaN
2020-08-25T12:00:00Z,0.0,-27.875,311.375,NaN
2020-08-25T12:00:00Z,0.0,-27.875,311.625,16.63
2020-08-25T12:00:00Z,0.0,-27.625,311.125,NaN
2020-08-25T12:00:00Z,0.0,-27.625,311.375,NaN
2020-08-25T12:00:00Z,0.0,-27.625,311.625,16.84
2020-08-25T12:00:00Z,0.0,-27.375,311.125,NaN
2020-08-25T12:00:00Z,0.0,-27.375,311.375,NaN
2020-08-25T12:00:00Z,0.0,-27.375,311.625,17.039999
2020-08-26T12:00:00Z,0.0,-27.875,311.125,NaN
2020-08-26T12:00:00Z,0.0,-27.875,311.375,NaN
2020-08-26T12:00:00Z,0.0,-27.875,311.625,17.27
2020-08-26T12:00:00Z,0.0,-27.625,311.125,NaN
2020-08-26T12:00:00Z,0.0,-27.625,311.375,NaN
2020-08-26T12:00:00Z,0.0,-27.625,311.625,17.369999
2020-08-26T12:00:00Z,0.0,-27.375,311.125,NaN
2020-08-26T12:00:00Z,0.0,-27.375,311.375,NaN
2020-08-26T12:00:00Z,0.0,-27.375,311.625,17.44
2020-08-27T12:00:00Z,0.0,-27.875,311.125,NaN
2020-08-27T12:00:00Z,0.0,-27.875,311.375,NaN
2020-08-27T12:00:00Z,0.0,-27.875,311.625,18.05
2020-08-27T12:00:00Z,0.0,-27.625,311.125,NaN
2020-08-27T12:00:00Z,0.0,-27.625,311.375,NaN
2020-08-27T12:00:00Z,0.0,-27.625,311.625,18.109999
2020-08-27T12:00:00Z,0.0,-27.375,311.125,NaN
2020-08-27T12:00:00Z,0.0,-27.375,311.375,NaN
2020-08-27T12:00:00Z,0.0,-27.375,311.625,18.14
2020-08-28T12:00:00Z,0.0,-27.875,311.125,NaN
2020-08-28T12:00:00Z,0.0,-27.875,311.375,NaN
2020-08-28T12:00:00Z,0.0,-27.875,311.625,18.15
2020-08-28T12:00:00Z,0.0,-27.625,311.125,NaN
2020-08-28T12:00:00Z,0.0,-27.625,311.375,NaN
2020-08-28T12:00:00Z,0.0,-27.625,311.625,18.119999
2020-08-28T12:00:00Z,0.0,-27.375,311.125,NaN
2020-08-28T12:00:00Z,0.0,-27.375,311.375,NaN
2020-08-28T12:00:00Z,0.0,-27.375,311.625,18.21
2020-08-29T12:00:00Z,0.0,-27.875,311.125,NaN
2020-08-29T12:00:00Z,0.0,-27.875,311.375,NaN
2020-08-29T12:00:00Z,0.0,-27.875,311.625,18.34
2020-08-29T12:00:00Z,0.0,-27.625,311.125,NaN
2020-08-29T12:00:00Z,0.0,-27.625,311.375,NaN
2020-08-29T12:00:00Z,0.0,-27.625,311.625,18.26
2020-08-29T12:00:00Z,0.0,-27.375,311.125,NaN
2020-08-29T12:00:00Z,0.0,-27.375,311.375,NaN
2020-08-29T12:00:00Z,0.0,-27.375,311.625,18.369999
2020-08-30T12:00:00Z,0.0,-27.875,311.125,NaN
2020-08-30T12:00:00Z,0.0,-27.875,311.375,NaN
2020-08-30T12:00:00Z,0.0,-27.875,311.625,18.66
2020-08-30T12:00:00Z,0.0,-27.625,311.125,NaN
2020-08-30T12:00:00Z,0.0,-27.625,311.375,NaN
2020-08-30T12:00:00Z,0.0,-27.625,311.625,18.42
2020-08-30T12:00:00Z,0.0,-27.375,311.125,NaN
2020-08-30T12:00:00Z,0.0,-27.375,311.375,NaN
2020-08-30T12:00:00Z,0.0,-27.375,311.625,18.43
2020-08-31T12:00:00Z,0.0,-27.875,311.125,NaN
2020-08-31T12:00:00Z,0.0,-27.875,311.375,NaN
2020-08-31T12:00:00Z,0.0,-27.875,311.625,18.32
2020-08-31T12:00:00Z,0.0,-27.625,311.125,NaN
2020-08-31T12:00:00Z,0.0,-27.625,311.375,NaN
2020-08-31T12:00:00Z,0.0,-27.625,311.625,18.029999
2020-08-31T12:00:00Z,0.0,-27.375,311.125,NaN
2020-08-31T12:00:00Z,0.0,-27.375,311.375,NaN
2020-08-31T12:00:00Z,0.0,-27.375,311.625,17.89
2020-09-01T12:00:00Z,0.0,-27.875,311.125,NaN
2020-09-01T12:00:00Z,0.0,-27.875,311.375,NaN
2020-09-01T12:00:00Z,0.0,-27.875,311.625,17.74
2020-09-01T12:00:00Z,0.0,-27.625,311.125,NaN
2020-09-01T12:00:00Z,0.0,-27.625,311.375,NaN
2020-09-01T12:00:00Z,0.0,-27.625,311.625,17.68
2020-09-01T12:00:00Z,0.0,-27.375,311.125,NaN
2020-09-01T12:00:00Z,0.0,-27.375,311.375,NaN
2020-09-01T12:00:00Z,0.0,-27.375,311.625,17.74
2020-09-02T12:00:00Z,0.0,-27.875,311.125,NaN
2020-09-02T12:00:00Z,0.0,-27.875,311.375,NaN
2020-09-02T12:00:00Z,0.0,-27.875,311.625,17.66
2020-09-02T12:00:00Z,0.0,-27.625,311.125,NaN
2020-09-02T12:00:00Z,0.0,-27.625,311.375,NaN
2020-09-02T12:00:00Z,0.0,-27.625,311.625,17.65
2020-09-02T12:00:00Z,0.0,-27.375,311.125,NaN
2020-09-02T12:00:00Z,0.0,-27.375,311.375,NaN
2020-09-02T12:00:00Z,0.0,-27.375,311.625,17.75
2020-09-03T12:00:00Z,0.0,-27.875,311.125,NaN
2020-09-03T12:00:00Z,0.0,-27.875,311.375,NaN
2020-09-03T12:00:00Z,0.0,-27.875,311.625,18.02
2020-09-03T12:00:00Z,0.0,-27.625,311.125,NaN
2020-09-03T12:00:00Z,0.0,-27.625,311.375,NaN
2020-09-03T12:00:00Z,0.0,-27.625,311.625,18.09
2020-09-03T12:00:00Z,0.0,-27.375,311.125,NaN
2020-09-03T12:00:00Z,0.0,-27.375,311.375,NaN
2020-09-03T12:00:00Z,0.0,-27.375,311.625,18.14
2020-09-04T12:00:00Z,0.0,-27.875,311.125,NaN
2020-09-04T12:00:00Z,0.0,-27.875,311.375,NaN
2020-09-04T12:00:00Z,0.0,-27.875,311.625,18.26
2020-09-04T12:00:00Z,0.0,-27.625,311.125,NaN
2020-09-04T12:00:00Z,0.0,-27.625,311.375,NaN
2020-09-04T12:00:00Z,0.0,-27.625,311.625,18.33
2020-09-04T12:00:00Z,0.0,-27.375,311.125,NaN
2020-09-04T12:00:00Z,0.0,-27.375,311.375,NaN
2020-09-04T12:00:00Z,0.0,-27.375,311.625,18.41
2020-09-05T12:00:00Z,0.0,-27.875,311.125,NaN
2020-09-05T12:00:00Z,0.0,-27.875,311.375,NaN
2020-09-05T12:00:00Z,0.0,-27.875,311.625,18.57
2020-09-05T12:00:00Z,0.0,-27.625,311.125,NaN
2020-09-05T12:00:00Z,0.0,-27.625,311.375,NaN
2020-09-05T12:00:00Z,0.0,-27.625,311.625,18.68
2020-09-05T12:00:00Z,0.0,-27.375,311.125,NaN
2020-09-05T12:00:00Z,0.0,-27.375,311.375,NaN
2020-09-05T12:00:00Z,0.0,-27.375,311.625,18.72
2020-09-06T12:00:00Z,0.0,-27.875,311.125,NaN
2020-09-06T12:00:00Z,0.0,-27.875,311.375,NaN
2020-09-06T12:00:00Z,0.0,-27.875,311.625,18.619999
2020-09-06T12:00:00Z,0.0,-27.625,311.125,NaN
2020-09-06T12:00:00Z,0.0,-27.625,311.375,NaN
2020-09-06T12:00:00Z,0.0,-27.625,311.625,18.8
2020-09-06T12:00:00Z,0.0,-27.375,311.125,NaN
2020-09-06T12:00:00Z,0.0,-27.375,311.375,NaN
2020-09-06T12:00:00Z,0.0,-27.375,311.625,18.85
2020-09-07T12:00:00Z,0.0,-27.875,311.125,NaN
2020-09-07T12:00:00Z,0.0,-27.875,311.375,NaN
2020-09-07T12:00:00Z,0.0,-27.875,311.625,18.68
2020-09-07T12:00:00Z,0.0,-27.625,311.125,NaN
2020-09-07T12:00:00Z,0.0,-27.625,311.375,NaN
2020-09-07T12:00:00Z,0.0,-27.625,311.625,18.89
2020-09-07T12:00:00Z,0.0,-27.375,311.125,NaN
2020-09-07T12:00:00Z,0.0,-27.375,311.375,NaN
2020-09-07T12:00:00Z,0.0,-27.375,311.625,18.97
2020-09-08T12:00:00Z,0.0,-27.875,311.125,NaN
2020-09-08T12:00:00Z,0.0,-27.875,311.375,NaN
2020-09-08T12:00:00Z,0.0,-27.875,311.625,18.75
2020-09-08T12:00:00Z,0.0,-27.625,311.125,NaN
2020-09-08T12:00:00Z,0.0,-27.625,311.375,NaN
2020-09-08T12:00:00Z,0.0,-27.625,311.625,19.039999
2020-09-08T12:00:00Z,0.0,-27.375,311.125,NaN
2020-09-08T12:00:00Z,0.0,-27.375,311.375,NaN
2020-09-08T12:00:00Z,0.0,-27.375,311.625,19.17
2020-09-09T12:00:00Z,0.0,-27.875,311.125,NaN
2020-09-09T12:00:00Z,0.0,-27.875,311.375,NaN
2020-09-09T12:00:00Z,0.0,-27.875,311.625,19.5
2020-09-09T12:00:00Z,0.0,-27.625,311.125,NaN
2020-09-09T12:00:00Z,0.0,-27.625,311.375,NaN
2020-09-09T12:00:00Z,0.0,-27.625,311.625,19.63
2020-09-09T12:00:00Z,0.0,-27.375,311.125,NaN
2020-09-09T12:00:00Z,0.0,-27.375,311.375,NaN
2020-09-09T12:00:00Z,0.0,-27.375,311.625,19.57
2020-09-10T12:00:00Z,0.0,-27.875,311.125,NaN
2020-09-10T12:00:00Z,0.0,-27.875,311.375,NaN
2020-09-10T12:00:00Z,0.0,-27.875,311.625,19.52
2020-09-10T12:00:00Z,0.0,-27.625,311.125,NaN
2020-09-10T12:00:00Z,0.0,-27.625,311.375,NaN
2020-09-10T12:00:00Z,0.0,-27.625,311.625,19.39
2020-09-10T12:00:00Z,0.0,-27.375,311.125,NaN
2020-09-10T12:00:00Z,0.0,-27.375,311.375,NaN
2020-09-10T12:00:00Z,0.0,-27.375,311.625,19.24
2020-09-11T12:00:00Z,0.0,-27.875,311.125,NaN
2020-09-11T12:00:00Z,0.0,-27.875,311.375,NaN
2020-09-11T12:00:00Z,0.0,-27.875,311.625,19.42
2020-09-11T12:00:00Z,0.0,-27.625,311.125,NaN
2020-09-11T12:00:00Z,0.0,-27.625,311.375,NaN
2020-09-11T12:00:00Z,0.0,-27.625,311.625,19.25
2020-09-11T12:00:00Z,0.0,-27.375,311.125,NaN
2020-09-11T12:00:00Z,0.0,-27.375,311.375,NaN
2020-09-11T12:00:00Z,0.0,-27.375,311.625,19.189999
2020-09-12T12:00:00Z,0.0,-27.875,311.125,NaN
2020-09-12T12:00:00Z,0.0,-27.875,311.375,NaN
2020-09-12T12:00:00Z,0.0,-27.875,311.625,19.42
2020-09-12T12:00:00Z,0.0,-27.625,311.125,NaN
2020-09-12T12:00:00Z,0.0,-27.625,311.375,NaN
2020-09-12T12:00:00Z,0.0,-27.625,311.625,19.25
2020-09-12T12:00:00Z,0.0,-27.375,311.125,NaN
2020-09-12T12:00:00Z,0.0,-27.375,311.375,NaN
2020-09-12T12:00:00Z,0.0,-27.375,311.625,19.24
2020-09-13T12:00:00Z,0.0,-27.875,311.125,NaN
2020-09-13T12:00:00Z,0.0,-27.875,311.375,NaN
2020-09-13T12:00:00Z,0.0,-27.875,311.625,19.91
2020-09-13T12:00:00Z,0.0,-27.625,311.125,NaN
2020-09-13T12:00:00Z,0.0,-27.625,311.375,NaN
2020-09-13T12:00:00Z,0.0,-27.625,311.625,19.91
2020-09-13T12:00:00Z,0.0,-27.375,311.125,NaN
2020-09-13T12:00:00Z,0.0,-27.375,311.375,NaN
2020-09-13T12:00:00Z,0.0,-27.375,311.625,19.949999
2020-09-14T12:00:00Z,0.0,-27.875,311.125,NaN
2020-09-14T12:00:00Z,0.0,-27.875,311.375,NaN
2020-09-14T12:00:00Z,0.0,-27.875,311.625,20.58
2020-09-14T12:00:00Z,0.0,-27.625,311.125,NaN
2020-09-14T12:00:00Z,0.0,-27.625,311.375,NaN
2020-09-14T12:00:00Z,0.0,-27.625,311.625,20.72
2020-09-14T12:00:00Z,0.0,-27.375,311.125,NaN
2020-09-14T12:00:00Z,0.0,-27.375,311.375,NaN
2020-09-14T12:00:00Z,0.0,-27.375,311.625,20.789999
2020-09-15T12:00:00Z,0.0,-27.875,311.125,NaN
2020-09-15T12:00:00Z,0.0,-27.875,311.375,NaN
2020-09-15T12:00:00Z,0.0,-27.875,311.625,20.93
2020-09-15T12:00:00Z,0.0,-27.625,311.125,NaN
2020-09-15T12:00:00Z,0.0,-27.625,311.375,NaN
2020-09-15T12:00:00Z,0.0,-27.625,311.625,21.109999
2020-09-15T12:00:00Z,0.0,-27.375,311.125,NaN
2020-09-15T12:00:00Z,0.0,-27.375,311.375,NaN
2020-09-15T12:00:00Z,0.0,-27.375,311.625,21.199999
2020-09-16T12:00:00Z,0.0,-27.875,311.125,NaN
2020-09-16T12:00:00Z,0.0,-27.875,311.375,NaN
2020-09-16T12:00:00Z,0.0,-27.875,311.625,21.189999
2020-09-16T12:00:00Z,0.0,-27.625,311.125,NaN
2020-09-16T12:00:00Z,0.0,-27.625,311.375,NaN
2020-09-16T12:00:00Z,0.0,-27.625,311.625,21.4
2020-09-16T12:00:00Z,0.0,-27.375,311.125,NaN
2020-09-16T12:00:00Z,0.0,-27.375,311.375,NaN
2020-09-16T12:00:00Z,0.0,-27.375,311.625,21.51
2020-09-17T12:00:00Z,0.0,-27.875,311.125,NaN
2020-09-17T12:00:00Z,0.0,-27.875,311.375,NaN
2020-09-17T12:00:00Z,0.0,-27.875,311.625,20.55
2020-09-17T12:00:00Z,0.0,-27.625,311.125,NaN
2020-09-17T12:00:00Z,0.0,-27.625,311.375,NaN
2020-09-17T12:00:00Z,0.0,-27.625,311.625,20.8
2020-09-17T12:00:00Z,0.0,-27.375,311.125,NaN
2020-09-17T12:00:00Z,0.0,-27.375,311.375,NaN
2020-09-17T12:00:00Z,0.0,-27.375,311.625,20.939999
2020-09-18T12:00:00Z,0.0,-27.875,311.125,NaN
2020-09-18T12:00:00Z,0.0,-27.875,311.375,NaN
2020-09-18T12:00:00Z,0.0,-27.875,311.625,20.17
2020-09-18T12:00:00Z,0.0,-27.625,311.125,NaN
2020-09-18T12:00:00Z,0.0,-27.625,311.375,NaN
2020-09-18T12:00:00Z,0.0,-27.625,311.625,20.529999
2020-09-18T12:00:00Z,0.0,-27.375,311.125,NaN
2020-09-18T12:00:00Z,0.0,-27.375,311.375,NaN
2020-09-18T12:00:00Z,0.0,-27.375,311.625,20.789999
2020-09-19T12:00:00Z,0.0,-27.875,311.125,NaN
2020-09-19T12:00:00Z,0.0,-27.875,311.375,NaN
2020-09-19T12:00:00Z,0.0,-27.875,311.625,20.5
2020-09-19T12:00:00Z,0.0,-27.625,311.125,NaN
2020-09-19T12:00:00Z,0.0,-27.625,311.375,NaN
2020-09-19T12:00:00Z,0.0,-27.625,311.625,21.09
2020-09-19T12:00:00Z,0.0,-27.375,311.125,NaN
2020-09-19T12:00:00Z,0.0,-27.375,311.375,NaN
2020-09-19T12:00:00Z,0.0,-27.375,311.625,21.5
2020-09-20T12:00:00Z,0.0,-27.875,311.125,NaN
2020-09-20T12:00:00Z,0.0,-27.875,311.375,NaN
2020-09-20T12:00:00Z,0.0,-27.875,311.625,20.01
2020-09-20T12:00:00Z,0.0,-27.625,311.125,NaN
2020-09-20T12:00:00Z,0.0,-27.625,311.375,NaN
2020-09-20T12:00:00Z,0.0,-27.625,311.625,20.689999
2020-09-20T12:00:00Z,0.0,-27.375,311.125,NaN
2020-09-20T12:00:00Z,0.0,-27.375,311.375,NaN
2020-09-20T12:00:00Z,0.0,-27.375,311.625,21.27
2020-09-21T12:00:00Z,0.0,-27.875,311.125,NaN
2020-09-21T12:00:00Z,0.0,-27.875,311.375,NaN
2020-09-21T12:00:00Z,0.0,-27.875,311.625,19.56
2020-09-21T12:00:00Z,0.0,-27.625,311.125,NaN
2020-09-21T12:00:00Z,0.0,-27.625,311.375,NaN
2020-09-21T12:00:00Z,0.0,-27.625,311.625,20.02
2020-09-21T12:00:00Z,0.0,-27.375,311.125,NaN
2020-09-21T12:00:00Z,0.0,-27.375,311.375,NaN
2020-09-21T12:00:00Z,0.0,-27.375,311.625,20.6
2020-09-22T12:00:00Z,0.0,-27.875,311.125,NaN
2020-09-22T12:00:00Z,0.0,-27.875,311.375,NaN
2020-09-22T12:00:00Z,0.0,-27.875,311.625,18.859999
2020-09-22T12:00:00Z,0.0,-27.625,311.125,NaN
2020-09-22T12:00:00Z,0.0,-27.625,311.375,NaN
2020-09-22T12:00:00Z,0.0,-27.625,311.625,19.39
2020-09-22T12:00:00Z,0.0,-27.375,311.125,NaN
2020-09-22T12:00:00Z,0.0,-27.375,311.375,NaN
2020-09-22T12:00:00Z,0.0,-27.375,311.625,20.07
2020-09-23T12:00:00Z,0.0,-27.875,311.125,NaN
2020-09-23T12:00:00Z,0.0,-27.875,311.375,NaN
2020-09-23T12:00:00Z,0.0,-27.875,311.625,18.55
2020-09-23T12:00:00Z,0.0,-27.625,311.125,NaN
2020-09-23T12:00:00Z,0.0,-27.625,311.375,NaN
2020-09-23T12:00:00Z,0.0,-27.625,311.625,19.08
2020-09-23T12:00:00Z,0.0,-27.375,311.125,NaN
2020-09-23T12:00:00Z,0.0,-27.375,311.375,NaN
2020-09-23T12:00:00Z,0.0,-27.375,311.625,19.55
2020-09-24T12:00:00Z,0.0,-27.875,311.125,NaN
2020-09-24T12:00:00Z,0.0,-27.875,311.375,NaN
2020-09-24T12:00:00Z,0.0,-27.875,311.625,18.5
2020-09-24T12:00:00Z,0.0,-27.625,311.125,NaN
2020-09-24T12:00:00Z,0.0,-27.625,311.375,NaN
2020-09-24T12:00:00Z,0.0,-27.625,311.625,19.09
2020-09-24T12:00:00Z,0.0,-27.375,311.125,NaN
2020-09-24T12:00:00Z,0.0,-27.375,311.375,NaN
2020-09-24T12:00:00Z,0.0,-27.375,311.625,19.52
2020-09-25T12:00:00Z,0.0,-27.875,311.125,NaN
2020-09-25T12:00:00Z,0.0,-27.875,311.375,NaN
2020-09-25T12:00:00Z,0.0,-27.875,311.625,18.85
2020-09-25T12:00:00Z,0.0,-27.625,311.125,NaN
2020-09-25T12:00:00Z,0.0,-27.625,311.375,NaN
2020-09-25T12:00:00Z,0.0,-27.625,311.625,19.38
2020-09-25T12:00:00Z,0.0,-27.375,311.125,NaN
2020-09-25T12:00:00Z,0.0,-27.375,311.375,NaN
2020-09-25T12:00:00Z,0.0,-27.375,311.625,19.64
2020-09-26T12:00:00Z,0.0,-27.875,311.125,NaN
2020-09-26T12:00:00Z,0.0,-27.875,311.375,NaN
2020-09-26T12:00:00Z,0.0,-27.875,311.625,18.939999
2020-09-26T12:00:00Z,0.0,-27.625,311.125,NaN
2020-09-26T12:00:00Z,0.0,-27.625,311.375,NaN
2020-09-26T12:00:00Z,0.0,-27.625,311.625,19.39
2020-09-26T12:00:00Z,0.0,-27.375,311.125,NaN
2020-09-26T12:00:00Z,0.0,-27.375,311.375,NaN
2020-09-26T12:00:00Z,0.0,-27.375,311.625,19.609999
2020-09-27T12:00:00Z,0.0,-27.875,311.125,NaN
2020-09-27T12:00:00Z,0.0,-27.875,311.375,NaN
2020-09-27T12:00:00Z,0.0,-27.875,311.625,18.9
2020-09-27T12:00:00Z,0.0,-27.625,311.125,NaN
2020-09-27T12:00:00Z,0.0,-27.625,311.375,NaN
2020-09-27T12:00:00Z,0.0,-27.625,311.625,19.32
2020-09-27T12:00:00Z,0.0,-27.375,311.125,NaN
2020-09-27T12:00:00Z,0.0,-27.375,311.375,NaN
2020-09-27T12:00:00Z,0.0,-27.375,311.625,19.58
2020-09-28T12:00:00Z,0.0,-27.875,311.125,NaN
2020-09-28T12:00:00Z,0.0,-27.875,311.375,NaN
2020-09-28T12:00:00Z,0.0,-27.875,311.625,19.43
2020-09-28T12:00:00Z,0.0,-27.625,311.125,NaN
2020-09-28T12:00:00Z,0.0,-27.625,311.375,NaN
2020-09-28T12:00:00Z,0.0,-27.625,311.625,19.93
2020-09-28T12:00:00Z,0.0,-27.375,311.125,NaN
2020-09-28T12:00:00Z,0.0,-27.375,311.375,NaN
2020-09-28T12:00:00Z,0.0,-27.375,311.625,20.17
2020-09-29T12:00:00Z,0.0,-27.875,311.125,NaN
2020-09-29T12:00:00Z,0.0,-27.875,311.375,NaN
2020-09-29T12:00:00Z,0.0,-27.875,311.625,19.59
2020-09-29T12:00:00Z,0.0,-27.625,311.125,NaN
2020-09-29T12:00:00Z,0.0,-27.625,311.375,NaN
2020-09-29T12:00:00Z,0.0,-27.625,311.625,20.13
2020-09-29T12:00:00Z,0.0,-27.375,311.125,NaN
2020-09-29T12:00:00Z,0.0,-27.375,311.375,NaN
2020-09-29T12:00:00Z,0.0,-27.375,311.625,20.46
2020-09-30T12:00:00Z,0.0,-27.875,311.125,NaN
2020-09-30T12:00:00Z,0.0,-27.875,311.375,NaN
2020-09-30T12:00:00Z,0.0,-27.875,311.625,19.91
2020-09-30T12:00:00Z,0.0,-27.625,311.125,NaN
2020-09-30T12:00:00Z,0.0,-27.625,311.375,NaN
2020-09-30T12:00:00Z,0.0,-27.625,311.625,20.189999
2020-09-30T12:00:00Z,0.0,-27.375,311.125,NaN
2020-09-30T12:00:00Z,0.0,-27.375,311.375,NaN
2020-09-30T12:00:00Z,0.0,-27.375,311.625,20.39
2020-10-01T12:00:00Z,0.0,-27.875,311.125,NaN
2020-10-01T12:00:00Z,0.0,-27.875,311.375,NaN
2020-10-01T12:00:00Z,0.0,-27.875,311.625,20.16
2020-10-01T12:00:00Z,0.0,-27.625,311.125,NaN
2020-10-01T12:00:00Z,0.0,-27.625,311.375,NaN
2020-10-01T12:00:00Z,0.0,-27.625,311.625,20.199999
2020-10-01T12:00:00Z,0.0,-27.375,311.125,NaN
2020-10-01T12:00:00Z,0.0,-27.375,311.375,NaN
2020-10-01T12:00:00Z,0.0,-27.375,311.625,20.34
2020-10-02T12:00:00Z,0.0,-27.875,311.125,NaN
2020-10-02T12:00:00Z,0.0,-27.875,311.375,NaN
2020-10-02T12:00:00Z,0.0,-27.875,311.625,20.119999
2020-10-02T12:00:00Z,0.0,-27.625,311.125,NaN
2020-10-02T12:00:00Z,0.0,-27.625,311.375,NaN
2020-10-02T12:00:00Z,0.0,-27.625,311.625,20.16
2020-10-02T12:00:00Z,0.0,-27.375,311.125,NaN
2020-10-02T12:00:00Z,0.0,-27.375,311.375,NaN
2020-10-02T12:00:00Z,0.0,-27.375,311.625,20.369999
2020-10-03T12:00:00Z,0.0,-27.875,311.125,NaN
2020-10-03T12:00:00Z,0.0,-27.875,311.375,NaN
2020-10-03T12:00:00Z,0.0,-27.875,311.625,20.279999
2020-10-03T12:00:00Z,0.0,-27.625,311.125,NaN
2020-10-03T12:00:00Z,0.0,-27.625,311.375,NaN
2020-10-03T12:00:00Z,0.0,-27.625,311.625,20.25
2020-10-03T12:00:00Z,0.0,-27.375,311.125,NaN
2020-10-03T12:00:00Z,0.0,-27.375,311.375,NaN
2020-10-03T12:00:00Z,0.0,-27.375,311.625,20.32
2020-10-04T12:00:00Z,0.0,-27.875,311.125,NaN
2020-10-04T12:00:00Z,0.0,-27.875,311.375,NaN
2020-10-04T12:00:00Z,0.0,-27.875,311.625,19.789999
2020-10-04T12:00:00Z,0.0,-27.625,311.125,NaN
2020-10-04T12:00:00Z,0.0,-27.625,311.375,NaN
2020-10-04T12:00:00Z,0.0,-27.625,311.625,19.81
2020-10-04T12:00:00Z,0.0,-27.375,311.125,NaN
2020-10-04T12:00:00Z,0.0,-27.375,311.375,NaN
2020-10-04T12:00:00Z,0.0,-27.375,311.625,19.949999
2020-10-05T12:00:00Z,0.0,-27.875,311.125,NaN
2020-10-05T12:00:00Z,0.0,-27.875,311.375,NaN
2020-10-05T12:00:00Z,0.0,-27.875,311.625,19.58
2020-10-05T12:00:00Z,0.0,-27.625,311.125,NaN
2020-10-05T12:00:00Z,0.0,-27.625,311.375,NaN
2020-10-05T12:00:00Z,0.0,-27.625,311.625,19.67
2020-10-05T12:00:00Z,0.0,-27.375,311.125,NaN
2020-10-05T12:00:00Z,0.0,-27.375,311.375,NaN
2020-10-05T12:00:00Z,0.0,-27.375,311.625,19.8
2020-10-06T12:00:00Z,0.0,-27.875,311.125,NaN
2020-10-06T12:00:00Z,0.0,-27.875,311.375,NaN
2020-10-06T12:00:00Z,0.0,-27.875,311.625,19.66
2020-10-06T12:00:00Z,0.0,-27.625,311.125,NaN
2020-10-06T12:00:00Z,0.0,-27.625,311.375,NaN
2020-10-06T12:00:00Z,0.0,-27.625,311.625,19.8
2020-10-06T12:00:00Z,0.0,-27.375,311.125,NaN
2020-10-06T12:00:00Z,0.0,-27.375,311.375,NaN
2020-10-06T12:00:00Z,0.0,-27.375,311.625,19.93
2020-10-07T12:00:00Z,0.0,-27.875,311.125,NaN
2020-10-07T12:00:00Z,0.0,-27.875,311.375,NaN
2020-10-07T12:00:00Z,0.0,-27.875,311.625,19.689999
2020-10-07T12:00:00Z,0.0,-27.625,311.125,NaN
2020-10-07T12:00:00Z,0.0,-27.625,311.375,NaN
2020-10-07T12:00:00Z,0.0,-27.625,311.625,19.91
2020-10-07T12:00:00Z,0.0,-27.375,311.125,NaN
2020-10-07T12:00:00Z,0.0,-27.375,311.375,NaN
2020-10-07T12:00:00Z,0.0,-27.375,311.625,20.1
2020-10-08T12:00:00Z,0.0,-27.875,311.125,NaN
2020-10-08T12:00:00Z,0.0,-27.875,311.375,NaN
2020-10-08T12:00:00Z,0.0,-27.875,311.625,19.74
2020-10-08T12:00:00Z,0.0,-27.625,311.125,NaN
2020-10-08T12:00:00Z,0.0,-27.625,311.375,NaN
2020-10-08T12:00:00Z,0.0,-27.625,311.625,19.97
2020-10-08T12:00:00Z,0.0,-27.375,311.125,NaN
2020-10-08T12:00:00Z,0.0,-27.375,311.375,NaN
2020-10-08T12:00:00Z,0.0,-27.375,311.625,20.02
2020-10-09T12:00:00Z,0.0,-27.875,311.125,NaN
2020-10-09T12:00:00Z,0.0,-27.875,311.375,NaN
2020-10-09T12:00:00Z,0.0,-27.875,311.625,19.699999
2020-10-09T12:00:00Z,0.0,-27.625,311.125,NaN
2020-10-09T12:00:00Z,0.0,-27.625,311.375,NaN
2020-10-09T12:00:00Z,0.0,-27.625,311.625,20.02
2020-10-09T12:00:00Z,0.0,-27.375,311.125,NaN
2020-10-09T12:00:00Z,0.0,-27.375,311.375,NaN
2020-10-09T12:00:00Z,0.0,-27.375,311.625,20.029999
2020-10-10T12:00:00Z,0.0,-27.875,311.125,NaN
2020-10-10T12:00:00Z,0.0,-27.875,311.375,NaN
2020-10-10T12:00:00Z,0.0,-27.875,311.625,19.85
2020-10-10T12:00:00Z,0.0,-27.625,311.125,NaN
2020-10-10T12:00:00Z,0.0,-27.625,311.375,NaN
2020-10-10T12:00:00Z,0.0,-27.625,311.625,20.07
2020-10-10T12:00:00Z,0.0,-27.375,311.125,NaN
2020-10-10T12:00:00Z,0.0,-27.375,311.375,NaN
2020-10-10T12:00:00Z,0.0,-27.375,311.625,20.08
2020-10-11T12:00:00Z,0.0,-27.875,311.125,NaN
2020-10-11T12:00:00Z,0.0,-27.875,311.375,NaN
2020-10-11T12:00:00Z,0.0,-27.875,311.625,19.83
2020-10-11T12:00:00Z,0.0,-27.625,311.125,NaN
2020-10-11T12:00:00Z,0.0,-27.625,311.375,NaN
2020-10-11T12:00:00Z,0.0,-27.625,311.625,20.029999
2020-10-11T12:00:00Z,0.0,-27.375,311.125,NaN
2020-10-11T12:00:00Z,0.0,-27.375,311.375,NaN
2020-10-11T12:00:00Z,0.0,-27.375,311.625,20.01
2020-10-12T12:00:00Z,0.0,-27.875,311.125,NaN
2020-10-12T12:00:00Z,0.0,-27.875,311.375,NaN
2020-10-12T12:00:00Z,0.0,-27.875,311.625,19.869999
2020-10-12T12:00:00Z,0.0,-27.625,311.125,NaN
2020-10-12T12:00:00Z,0.0,-27.625,311.375,NaN
2020-10-12T12:00:00Z,0.0,-27.625,311.625,20.029999
2020-10-12T12:00:00Z,0.0,-27.375,311.125,NaN
2020-10-12T12:00:00Z,0.0,-27.375,311.375,NaN
2020-10-12T12:00:00Z,0.0,-27.375,311.625,20.02
2020-10-13T12:00:00Z,0.0,-27.875,311.125,NaN
2020-10-13T12:00:00Z,0.0,-27.875,311.375,NaN
2020-10-13T12:00:00Z,0.0,-27.875,311.625,20.0
2020-10-13T12:00:00Z,0.0,-27.625,311.125,NaN
2020-10-13T12:00:00Z,0.0,-27.625,311.375,NaN
2020-10-13T12:00:00Z,0.0,-27.625,311.625,20.07
2020-10-13T12:00:00Z,0.0,-27.375,311.125,NaN
2020-10-13T12:00:00Z,0.0,-27.375,311.375,NaN
2020-10-13T12:00:00Z,0.0,-27.375,311.625,20.109999
2020-10-14T12:00:00Z,0.0,-27.875,311.125,NaN
2020-10-14T12:00:00Z,0.0,-27.875,311.375,NaN
2020-10-14T12:00:00Z,0.0,-27.875,311.625,20.029999
2020-10-14T12:00:00Z,0.0,-27.625,311.125,NaN
2020-10-14T12:00:00Z,0.0,-27.625,311.375,NaN
2020-10-14T12:00:00Z,0.0,-27.625,311.625,20.14
2020-10-14T12:00:00Z,0.0,-27.375,311.125,NaN
2020-10-14T12:00:00Z,0.0,-27.375,311.375,NaN
2020-10-14T12:00:00Z,0.0,-27.375,311.625,20.16
2020-10-15T12:00:00Z,0.0,-27.875,311.125,NaN
2020-10-15T12:00:00Z,0.0,-27.875,311.375,NaN
2020-10-15T12:00:00Z,0.0,-27.875,311.625,19.99
2020-10-15T12:00:00Z,0.0,-27.625,311.125,NaN
2020-10-15T12:00:00Z,0.0,-27.625,311.375,NaN
2020-10-15T12:00:00Z,0.0,-27.625,311.625,20.13
2020-10-15T12:00:00Z,0.0,-27.375,311.125,NaN
2020-10-15T12:00:00Z,0.0,-27.375,311.375,NaN
2020-10-15T12:00:00Z,0.0,-27.375,311.625,20.17
2020-10-16T12:00:00Z,0.0,-27.875,311.125,NaN
2020-10-16T12:00:00Z,0.0,-27.875,311.375,NaN
2020-10-16T12:00:00Z,0.0,-27.875,311.625,20.039999
2020-10-16T12:00:00Z,0.0,-27.625,311.125,NaN
2020-10-16T12:00:00Z,0.0,-27.625,311.375,NaN
2020-10-16T12:00:00Z,0.0,-27.625,311.625,20.15
2020-10-16T12:00:00Z,0.0,-27.375,311.125,NaN
2020-10-16T12:00:00Z,0.0,-27.375,311.375,NaN
2020-10-16T12:00:00Z,0.0,-27.375,311.625,20.17
2020-10-17T12:00:00Z,0.0,-27.875,311.125,NaN
2020-10-17T12:00:00Z,0.0,-27.875,311.375,NaN
2020-10-17T12:00:00Z,0.0,-27.875,311.625,20.189999
2020-10-17T12:00:00Z,0.0,-27.625,311.125,NaN
2020-10-17T12:00:00Z,0.0,-27.625,311.375,NaN
2020-10-17T12:00:00Z,0.0,-27.625,311.625,20.23
2020-10-17T12:00:00Z,0.0,-27.375,311.125,NaN
2020-10-17T12:00:00Z,0.0,-27.375,311.375,NaN
2020-10-17T12:00:00Z,0.0,-27.375,311.625,20.22
2020-10-18T12:00:00Z,0.0,-27.875,311.125,NaN
2020-10-18T12:00:00Z,0.0,-27.875,311.375,NaN
2020-10-18T12:00:00Z,0.0,-27.875,311.625,20.359999
2020-10-18T12:00:00Z,0.0,-27.625,311.125,NaN
2020-10-18T12:00:00Z,0.0,-27.625,311.375,NaN
2020-10-18T12:00:00Z,0.0,-27.625,311.625,20.35
2020-10-18T12:00:00Z,0.0,-27.375,311.125,NaN
2020-10-18T12:00:00Z,0.0,-27.375,311.375,NaN
2020-10-18T12:00:00Z,0.0,-27.375,311.625,20.31
2020-10-19T12:00:00Z,0.0,-27.875,311.125,NaN
2020-10-19T12:00:00Z,0.0,-27.875,311.375,NaN
2020-10-19T12:00:00Z,0.0,-27.875,311.625,20.77
2020-10-19T12:00:00Z,0.0,-27.625,311.125,NaN
2020-10-19T12:00:00Z,0.0,-27.625,311.375,NaN
2020-10-19T12:00:00Z,0.0,-27.625,311.625,20.859999
2020-10-19T12:00:00Z,0.0,-27.375,311.125,NaN
2020-10-19T12:00:00Z,0.0,-27.375,311.375,NaN
2020-10-19T12:00:00Z,0.0,-27.375,311.625,20.97
2020-10-20T12:00:00Z,0.0,-27.875,311.125,NaN
2020-10-20T12:00:00Z,0.0,-27.875,311.375,NaN
2020-10-20T12:00:00Z,0.0,-27.875,311.625,20.949999
2020-10-20T12:00:00Z,0.0,-27.625,311.125,NaN
2020-10-20T12:00:00Z,0.0,-27.625,311.375,NaN
2020-10-20T12:00:00Z,0.0,-27.625,311.625,21.109999
2020-10-20T12:00:00Z,0.0,-27.375,311.125,NaN
2020-10-20T12:00:00Z,0.0,-27.375,311.375,NaN
2020-10-20T12:00:00Z,0.0,-27.375,311.625,21.35
2020-10-21T12:00:00Z,0.0,-27.875,311.125,NaN
2020-10-21T12:00:00Z,0.0,-27.875,311.375,NaN
2020-10-21T12:00:00Z,0.0,-27.875,311.625,21.24
2020-10-21T12:00:00Z,0.0,-27.625,311.125,NaN
2020-10-21T12:00:00Z,0.0,-27.625,311.375,NaN
2020-10-21T12:00:00Z,0.0,-27.625,311.625,21.42
2020-10-21T12:00:00Z,0.0,-27.375,311.125,NaN
2020-10-21T12:00:00Z,0.0,-27.375,311.375,NaN
2020-10-21T12:00:00Z,0.0,-27.375,311.625,21.689999
2020-10-22T12:00:00Z,0.0,-27.875,311.125,NaN
2020-10-22T12:00:00Z,0.0,-27.875,311.375,NaN
2020-10-22T12:00:00Z,0.0,-27.875,311.625,21.359999
2020-10-22T12:00:00Z,0.0,-27.625,311.125,NaN
2020-10-22T12:00:00Z,0.0,-27.625,311.375,NaN
2020-10-22T12:00:00Z,0.0,-27.625,311.625,21.539999
2020-10-22T12:00:00Z,0.0,-27.375,311.125,NaN
2020-10-22T12:00:00Z,0.0,-27.375,311.375,NaN
2020-10-22T12:00:00Z,0.0,-27.375,311.625,21.77
2020-10-23T12:00:00Z,0.0,-27.875,311.125,NaN
2020-10-23T12:00:00Z,0.0,-27.875,311.375,NaN
2020-10-23T12:00:00Z,0.0,-27.875,311.625,21.34
2020-10-23T12:00:00Z,0.0,-27.625,311.125,NaN
2020-10-23T12:00:00Z,0.0,-27.625,311.375,NaN
2020-10-23T12:00:00Z,0.0,-27.625,311.625,21.56
2020-10-23T12:00:00Z,0.0,-27.375,311.125,NaN
2020-10-23T12:00:00Z,0.0,-27.375,311.375,NaN
2020-10-23T12:00:00Z,0.0,-27.375,311.625,21.83
2020-10-24T12:00:00Z,0.0,-27.875,311.125,NaN
2020-10-24T12:00:00Z,0.0,-27.875,311.375,NaN
2020-10-24T12:00:00Z,0.0,-27.875,311.625,21.689999
2020-10-24T12:00:00Z,0.0,-27.625,311.125,NaN
2020-10-24T12:00:00Z,0.0,-27.625,311.375,NaN
2020-10-24T12:00:00Z,0.0,-27.625,311.625,21.99
2020-10-24T12:00:00Z,0.0,-27.375,311.125,NaN
2020-10-24T12:00:00Z,0.0,-27.375,311.375,NaN
2020-10-24T12:00:00Z,0.0,-27.375,311.625,22.33
2020-10-25T12:00:00Z,0.0,-27.875,311.125,NaN
2020-10-25T12:00:00Z,0.0,-27.875,311.375,NaN
2020-10-25T12:00:00Z,0.0,-27.875,311.625,21.76
2020-10-25T12:00:00Z,0.0,-27.625,311.125,NaN
2020-10-25T12:00:00Z,0.0,-27.625,311.375,NaN
2020-10-25T12:00:00Z,0.0,-27.625,311.625,22.029999
2020-10-25T12:00:00Z,0.0,-27.375,311.125,NaN
2020-10-25T12:00:00Z,0.0,-27.375,311.375,NaN
2020-10-25T12:00:00Z,0.0,-27.375,311.625,22.39
2020-10-26T12:00:00Z,0.0,-27.875,311.125,NaN
2020-10-26T12:00:00Z,0.0,-27.875,311.375,NaN
2020-10-26T12:00:00Z,0.0,-27.875,311.625,22.0
2020-10-26T12:00:00Z,0.0,-27.625,311.125,NaN
2020-10-26T12:00:00Z,0.0,-27.625,311.375,NaN
2020-10-26T12:00:00Z,0.0,-27.625,311.625,22.199999
2020-10-26T12:00:00Z,0.0,-27.375,311.125,NaN
2020-10-26T12:00:00Z,0.0,-27.375,311.375,NaN
2020-10-26T12:00:00Z,0.0,-27.375,311.625,22.51
2020-10-27T12:00:00Z,0.0,-27.875,311.125,NaN
2020-10-27T12:00:00Z,0.0,-27.875,311.375,NaN
2020-10-27T12:00:00Z,0.0,-27.875,311.625,22.63
2020-10-27T12:00:00Z,0.0,-27.625,311.125,NaN
2020-10-27T12:00:00Z,0.0,-27.625,311.375,NaN
2020-10-27T12:00:00Z,0.0,-27.625,311.625,22.91
2020-10-27T12:00:00Z,0.0,-27.375,311.125,NaN
2020-10-27T12:00:00Z,0.0,-27.375,311.375,NaN
2020-10-27T12:00:00Z,0.0,-27.375,311.625,23.119999
2020-10-28T12:00:00Z,0.0,-27.875,311.125,NaN
2020-10-28T12:00:00Z,0.0,-27.875,311.375,NaN
2020-10-28T12:00:00Z,0.0,-27.875,311.625,23.16
2020-10-28T12:00:00Z,0.0,-27.625,311.125,NaN
2020-10-28T12:00:00Z,0.0,-27.625,311.375,NaN
2020-10-28T12:00:00Z,0.0,-27.625,311.625,23.41
2020-10-28T12:00:00Z,0.0,-27.375,311.125,NaN
2020-10-28T12:00:00Z,0.0,-27.375,311.375,NaN
2020-10-28T12:00:00Z,0.0,-27.375,311.625,23.57
2020-10-29T12:00:00Z,0.0,-27.875,311.125,NaN
2020-10-29T12:00:00Z,0.0,-27.875,311.375,NaN
2020-10-29T12:00:00Z,0.0,-27.875,311.625,22.939999
2020-10-29T12:00:00Z,0.0,-27.625,311.125,NaN
2020-10-29T12:00:00Z,0.0,-27.625,311.375,NaN
2020-10-29T12:00:00Z,0.0,-27.625,311.625,23.16
2020-10-29T12:00:00Z,0.0,-27.375,311.125,NaN
2020-10-29T12:00:00Z,0.0,-27.375,311.375,NaN
2020-10-29T12:00:00Z,0.0,-27.375,311.625,23.34
2020-10-30T12:00:00Z,0.0,-27.875,311.125,NaN
2020-10-30T12:00:00Z,0.0,-27.875,311.375,NaN
2020-10-30T12:00:00Z,0.0,-27.875,311.625,22.869999
2020-10-30T12:00:00Z,0.0,-27.625,311.125,NaN
2020-10-30T12:00:00Z,0.0,-27.625,311.375,NaN
2020-10-30T12:00:00Z,0.0,-27.625,311.625,23.109999
2020-10-30T12:00:00Z,0.0,-27.375,311.125,NaN
2020-10-30T12:00:00Z,0.0,-27.375,311.375,NaN
2020-10-30T12:00:00Z,0.0,-27.375,311.625,23.289999
2020-10-31T12:00:00Z,0.0,-27.875,311.125,NaN
2020-10-31T12:00:00Z,0.0,-27.875,311.375,NaN
2020-10-31T12:00:00Z,0.0,-27.875,311.625,22.9
2020-10-31T12:00:00Z,0.0,-27.625,311.125,NaN
2020-10-31T12:00:00Z,0.0,-27.625,311.375,NaN
2020-10-31T12:00:00Z,0.0,-27.625,311.625,23.18
2020-10-31T12:00:00Z,0.0,-27.375,311.125,NaN
2020-10-31T12:00:00Z,0.0,-27.375,311.375,NaN
2020-10-31T12:00:00Z,0.0,-27.375,311.625,23.369999
2020-11-01T12:00:00Z,0.0,-27.875,311.125,NaN
2020-11-01T12:00:00Z,0.0,-27.875,311.375,NaN
2020-11-01T12:00:00Z,0.0,-27.875,311.625,22.64
2020-11-01T12:00:00Z,0.0,-27.625,311.125,NaN
2020-11-01T12:00:00Z,0.0,-27.625,311.375,NaN
2020-11-01T12:00:00Z,0.0,-27.625,311.625,22.789999
2020-11-01T12:00:00Z,0.0,-27.375,311.125,NaN
2020-11-01T12:00:00Z,0.0,-27.375,311.375,NaN
2020-11-01T12:00:00Z,0.0,-27.375,311.625,22.83
2020-11-02T12:00:00Z,0.0,-27.875,311.125,NaN
2020-11-02T12:00:00Z,0.0,-27.875,311.375,NaN
2020-11-02T12:00:00Z,0.0,-27.875,311.625,22.57
2020-11-02T12:00:00Z,0.0,-27.625,311.125,NaN
2020-11-02T12:00:00Z,0.0,-27.625,311.375,NaN
2020-11-02T12:00:00Z,0.0,-27.625,311.625,22.63
2020-11-02T12:00:00Z,0.0,-27.375,311.125,NaN
2020-11-02T12:00:00Z,0.0,-27.375,311.375,NaN
2020-11-02T12:00:00Z,0.0,-27.375,311.625,22.619999
2020-11-03T12:00:00Z,0.0,-27.875,311.125,NaN
2020-11-03T12:00:00Z,0.0,-27.875,311.375,NaN
2020-11-03T12:00:00Z,0.0,-27.875,311.625,22.5
2020-11-03T12:00:00Z,0.0,-27.625,311.125,NaN
2020-11-03T12:00:00Z,0.0,-27.625,311.375,NaN
2020-11-03T12:00:00Z,0.0,-27.625,311.625,22.519999
2020-11-03T12:00:00Z,0.0,-27.375,311.125,NaN
2020-11-03T12:00:00Z,0.0,-27.375,311.375,NaN
2020-11-03T12:00:00Z,0.0,-27.375,311.625,22.57
2020-11-04T12:00:00Z,0.0,-27.875,311.125,NaN
2020-11-04T12:00:00Z,0.0,-27.875,311.375,NaN
2020-11-04T12:00:00Z,0.0,-27.875,311.625,22.24
2020-11-04T12:00:00Z,0.0,-27.625,311.125,NaN
2020-11-04T12:00:00Z,0.0,-27.625,311.375,NaN
2020-11-04T12:00:00Z,0.0,-27.625,311.625,22.289999
2020-11-04T12:00:00Z,0.0,-27.375,311.125,NaN
2020-11-04T12:00:00Z,0.0,-27.375,311.375,NaN
2020-11-04T12:00:00Z,0.0,-27.375,311.625,22.38
2020-11-05T12:00:00Z,0.0,-27.875,311.125,NaN
2020-11-05T12:00:00Z,0.0,-27.875,311.375,NaN
2020-11-05T12:00:00Z,0.0,-27.875,311.625,22.109999
2020-11-05T12:00:00Z,0.0,-27.625,311.125,NaN
2020-11-05T12:00:00Z,0.0,-27.625,311.375,NaN
2020-11-05T12:00:00Z,0.0,-27.625,311.625,22.21
2020-11-05T12:00:00Z,0.0,-27.375,311.125,NaN
2020-11-05T12:00:00Z,0.0,-27.375,311.375,NaN
2020-11-05T12:00:00Z,0.0,-27.375,311.625,22.359999
2020-11-06T12:00:00Z,0.0,-27.875,311.125,NaN
2020-11-06T12:00:00Z,0.0,-27.875,311.375,NaN
2020-11-06T12:00:00Z,0.0,-27.875,311.625,22.05
2020-11-06T12:00:00Z,0.0,-27.625,311.125,NaN
2020-11-06T12:00:00Z,0.0,-27.625,311.375,NaN
2020-11-06T12:00:00Z,0.0,-27.625,311.625,22.06
2020-11-06T12:00:00Z,0.0,-27.375,311.125,NaN
2020-11-06T12:00:00Z,0.0,-27.375,311.375,NaN
2020-11-06T12:00:00Z,0.0,-27.375,311.625,22.16
2020-11-07T12:00:00Z,0.0,-27.875,311.125,NaN
2020-11-07T12:00:00Z,0.0,-27.875,311.375,NaN
2020-11-07T12:00:00Z,0.0,-27.875,311.625,22.039999
2020-11-07T12:00:00Z,0.0,-27.625,311.125,NaN
2020-11-07T12:00:00Z,0.0,-27.625,311.375,NaN
2020-11-07T12:00:00Z,0.0,-27.625,311.625,22.0
2020-11-07T12:00:00Z,0.0,-27.375,311.125,NaN
2020-11-07T12:00:00Z,0.0,-27.375,311.375,NaN
2020-11-07T12:00:00Z,0.0,-27.375,311.625,22.1
2020-11-08T12:00:00Z,0.0,-27.875,311.125,NaN
2020-11-08T12:00:00Z,0.0,-27.875,311.375,NaN
2020-11-08T12:00:00Z,0.0,-27.875,311.625,22.01
2020-11-08T12:00:00Z,0.0,-27.625,311.125,NaN
2020-11-08T12:00:00Z,0.0,-27.625,311.375,NaN
2020-11-08T12:00:00Z,0.0,-27.625,311.625,21.97
2020-11-08T12:00:00Z,0.0,-27.375,311.125,NaN
2020-11-08T12:00:00Z,0.0,-27.375,311.375,NaN
2020-11-08T12:00:00Z,0.0,-27.375,311.625,22.05
2020-11-09T12:00:00Z,0.0,-27.875,311.125,NaN
2020-11-09T12:00:00Z,0.0,-27.875,311.375,NaN
2020-11-09T12:00:00Z,0.0,-27.875,311.625,22.01
2020-11-09T12:00:00Z,0.0,-27.625,311.125,NaN
2020-11-09T12:00:00Z,0.0,-27.625,311.375,NaN
2020-11-09T12:00:00Z,0.0,-27.625,311.625,21.99
2020-11-09T12:00:00Z,0.0,-27.375,311.125,NaN
2020-11-09T12:00:00Z,0.0,-27.375,311.375,NaN
2020-11-09T12:00:00Z,0.0,-27.375,311.625,22.06
2020-11-10T12:00:00Z,0.0,-27.875,311.125,NaN
2020-11-10T12:00:00Z,0.0,-27.875,311.375,NaN
2020-11-10T12:00:00Z,0.0,-27.875,311.625,22.189999
2020-11-10T12:00:00Z,0.0,-27.625,311.125,NaN
2020-11-10T12:00:00Z,0.0,-27.625,311.375,NaN
2020-11-10T12:00:00Z,0.0,-27.625,311.625,22.189999
2020-11-10T12:00:00Z,0.0,-27.375,311.125,NaN
2020-11-10T12:00:00Z,0.0,-27.375,311.375,NaN
2020-11-10T12:00:00Z,0.0,-27.375,311.625,22.25
2020-11-11T12:00:00Z,0.0,-27.875,311.125,NaN
2020-11-11T12:00:00Z,0.0,-27.875,311.375,NaN
2020-11-11T12:00:00Z,0.0,-27.875,311.625,22.46
2020-11-11T12:00:00Z,0.0,-27.625,311.125,NaN
2020-11-11T12:00:00Z,0.0,-27.625,311.375,NaN
2020-11-11T12:00:00Z,0.0,-27.625,311.625,22.5
2020-11-11T12:00:00Z,0.0,-27.375,311.125,NaN
2020-11-11T12:00:00Z,0.0,-27.375,311.375,NaN
2020-11-11T12:00:00Z,0.0,-27.375,311.625,22.529999
2020-11-12T12:00:00Z,0.0,-27.875,311.125,NaN
2020-11-12T12:00:00Z,0.0,-27.875,311.375,NaN
2020-11-12T12:00:00Z,0.0,-27.875,311.625,22.789999
2020-11-12T12:00:00Z,0.0,-27.625,311.125,NaN
2020-11-12T12:00:00Z,0.0,-27.625,311.375,NaN
2020-11-12T12:00:00Z,0.0,-27.625,311.625,22.939999
2020-11-12T12:00:00Z,0.0,-27.375,311.125,NaN
2020-11-12T12:00:00Z,0.0,-27.375,311.375,NaN
2020-11-12T12:00:00Z,0.0,-27.375,311.625,23.0
2020-11-13T12:00:00Z,0.0,-27.875,311.125,NaN
2020-11-13T12:00:00Z,0.0,-27.875,311.375,NaN
2020-11-13T12:00:00Z,0.0,-27.875,311.625,22.98
2020-11-13T12:00:00Z,0.0,-27.625,311.125,NaN
2020-11-13T12:00:00Z,0.0,-27.625,311.375,NaN
2020-11-13T12:00:00Z,0.0,-27.625,311.625,23.14
2020-11-13T12:00:00Z,0.0,-27.375,311.125,NaN
2020-11-13T12:00:00Z,0.0,-27.375,311.375,NaN
2020-11-13T12:00:00Z,0.0,-27.375,311.625,23.199999
2020-11-14T12:00:00Z,0.0,-27.875,311.125,NaN
2020-11-14T12:00:00Z,0.0,-27.875,311.375,NaN
2020-11-14T12:00:00Z,0.0,-27.875,311.625,23.24
2020-11-14T12:00:00Z,0.0,-27.625,311.125,NaN
2020-11-14T12:00:00Z,0.0,-27.625,311.375,NaN
2020-11-14T12:00:00Z,0.0,-27.625,311.625,23.369999
2020-11-14T12:00:00Z,0.0,-27.375,311.125,NaN
2020-11-14T12:00:00Z,0.0,-27.375,311.375,NaN
2020-11-14T12:00:00Z,0.0,-27.375,311.625,23.439999
2020-11-15T12:00:00Z,0.0,-27.875,311.125,NaN
2020-11-15T12:00:00Z,0.0,-27.875,311.375,NaN
2020-11-15T12:00:00Z,0.0,-27.875,311.625,23.38
2020-11-15T12:00:00Z,0.0,-27.625,311.125,NaN
2020-11-15T12:00:00Z,0.0,-27.625,311.375,NaN
2020-11-15T12:00:00Z,0.0,-27.625,311.625,23.42
2020-11-15T12:00:00Z,0.0,-27.375,311.125,NaN
2020-11-15T12:00:00Z,0.0,-27.375,311.375,NaN
2020-11-15T12:00:00Z,0.0,-27.375,311.625,23.46
2020-11-16T12:00:00Z,0.0,-27.875,311.125,NaN
2020-11-16T12:00:00Z,0.0,-27.875,311.375,NaN
2020-11-16T12:00:00Z,0.0,-27.875,311.625,23.38
2020-11-16T12:00:00Z,0.0,-27.625,311.125,NaN
2020-11-16T12:00:00Z,0.0,-27.625,311.375,NaN
2020-11-16T12:00:00Z,0.0,-27.625,311.625,23.41
2020-11-16T12:00:00Z,0.0,-27.375,311.125,NaN
2020-11-16T12:00:00Z,0.0,-27.375,311.375,NaN
2020-11-16T12:00:00Z,0.0,-27.375,311.625,23.439999
2020-11-17T12:00:00Z,0.0,-27.875,311.125,NaN
2020-11-17T12:00:00Z,0.0,-27.875,311.375,NaN
2020-11-17T12:00:00Z,0.0,-27.875,311.625,23.21
2020-11-17T12:00:00Z,0.0,-27.625,311.125,NaN
2020-11-17T12:00:00Z,0.0,-27.625,311.375,NaN
2020-11-17T12:00:00Z,0.0,-27.625,311.625,23.279999
2020-11-17T12:00:00Z,0.0,-27.375,311.125,NaN
2020-11-17T12:00:00Z,0.0,-27.375,311.375,NaN
2020-11-17T12:00:00Z,0.0,-27.375,311.625,23.31
2020-11-18T12:00:00Z,0.0,-27.875,311.125,NaN
2020-11-18T12:00:00Z,0.0,-27.875,311.375,NaN
2020-11-18T12:00:00Z,0.0,-27.875,311.625,23.01
2020-11-18T12:00:00Z,0.0,-27.625,311.125,NaN
2020-11-18T12:00:00Z,0.0,-27.625,311.375,NaN
2020-11-18T12:00:00Z,0.0,-27.625,311.625,23.13
2020-11-18T12:00:00Z,0.0,-27.375,311.125,NaN
2020-11-18T12:00:00Z,0.0,-27.375,311.375,NaN
2020-11-18T12:00:00Z,0.0,-27.375,311.625,23.17
2020-11-19T12:00:00Z,0.0,-27.875,311.125,NaN
2020-11-19T12:00:00Z,0.0,-27.875,311.375,NaN
2020-11-19T12:00:00Z,0.0,-27.875,311.625,22.82
2020-11-19T12:00:00Z,0.0,-27.625,311.125,NaN
2020-11-19T12:00:00Z,0.0,-27.625,311.375,NaN
2020-11-19T12:00:00Z,0.0,-27.625,311.625,22.949999
2020-11-19T12:00:00Z,0.0,-27.375,311.125,NaN
2020-11-19T12:00:00Z,0.0,-27.375,311.375,NaN
2020-11-19T12:00:00Z,0.0,-27.375,311.625,23.039999
2020-11-20T12:00:00Z,0.0,-27.875,311.125,NaN
2020-11-20T12:00:00Z,0.0,-27.875,311.375,NaN
2020-11-20T12:00:00Z,0.0,-27.875,311.625,22.9
2020-11-20T12:00:00Z,0.0,-27.625,311.125,NaN
2020-11-20T12:00:00Z,0.0,-27.625,311.375,NaN
2020-11-20T12:00:00Z,0.0,-27.625,311.625,22.97
2020-11-20T12:00:00Z,0.0,-27.375,311.125,NaN
2020-11-20T12:00:00Z,0.0,-27.375,311.375,NaN
2020-11-20T12:00:00Z,0.0,-27.375,311.625,23.05
2020-11-21T12:00:00Z,0.0,-27.875,311.125,NaN
2020-11-21T12:00:00Z,0.0,-27.875,311.375,NaN
2020-11-21T12:00:00Z,0.0,-27.875,311.625,22.9
2020-11-21T12:00:00Z,0.0,-27.625,311.125,NaN
2020-11-21T12:00:00Z,0.0,-27.625,311.375,NaN
2020-11-21T12:00:00Z,0.0,-27.625,311.625,22.939999
2020-11-21T12:00:00Z,0.0,-27.375,311.125,NaN
2020-11-21T12:00:00Z,0.0,-27.375,311.375,NaN
2020-11-21T12:00:00Z,0.0,-27.375,311.625,22.98
2020-11-22T12:00:00Z,0.0,-27.875,311.125,NaN
2020-11-22T12:00:00Z,0.0,-27.875,311.375,NaN
2020-11-22T12:00:00Z,0.0,-27.875,311.625,22.84
2020-11-22T12:00:00Z,0.0,-27.625,311.125,NaN
2020-11-22T12:00:00Z,0.0,-27.625,311.375,NaN
2020-11-22T12:00:00Z,0.0,-27.625,311.625,22.869999
2020-11-22T12:00:00Z,0.0,-27.375,311.125,NaN
2020-11-22T12:00:00Z,0.0,-27.375,311.375,NaN
2020-11-22T12:00:00Z,0.0,-27.375,311.625,22.91
2020-11-23T12:00:00Z,0.0,-27.875,311.125,NaN
2020-11-23T12:00:00Z,0.0,-27.875,311.375,NaN
2020-11-23T12:00:00Z,0.0,-27.875,311.625,22.81
2020-11-23T12:00:00Z,0.0,-27.625,311.125,NaN
2020-11-23T12:00:00Z,0.0,-27.625,311.375,NaN
2020-11-23T12:00:00Z,0.0,-27.625,311.625,22.859999
2020-11-23T12:00:00Z,0.0,-27.375,311.125,NaN
2020-11-23T12:00:00Z,0.0,-27.375,311.375,NaN
2020-11-23T12:00:00Z,0.0,-27.375,311.625,22.92
2020-11-24T12:00:00Z,0.0,-27.875,311.125,NaN
2020-11-24T12:00:00Z,0.0,-27.875,311.375,NaN
2020-11-24T12:00:00Z,0.0,-27.875,311.625,22.88
2020-11-24T12:00:00Z,0.0,-27.625,311.125,NaN
2020-11-24T12:00:00Z,0.0,-27.625,311.375,NaN
2020-11-24T12:00:00Z,0.0,-27.625,311.625,22.949999
2020-11-24T12:00:00Z,0.0,-27.375,311.125,NaN
2020-11-24T12:00:00Z,0.0,-27.375,311.375,NaN
2020-11-24T12:00:00Z,0.0,-27.375,311.625,23.0
2020-11-25T12:00:00Z,0.0,-27.875,311.125,NaN
2020-11-25T12:00:00Z,0.0,-27.875,311.375,NaN
2020-11-25T12:00:00Z,0.0,-27.875,311.625,22.949999
2020-11-25T12:00:00Z,0.0,-27.625,311.125,NaN
2020-11-25T12:00:00Z,0.0,-27.625,311.375,NaN
2020-11-25T12:00:00Z,0.0,-27.625,311.625,23.039999
2020-11-25T12:00:00Z,0.0,-27.375,311.125,NaN
2020-11-25T12:00:00Z,0.0,-27.375,311.375,NaN
2020-11-25T12:00:00Z,0.0,-27.375,311.625,23.05
2020-11-26T12:00:00Z,0.0,-27.875,311.125,NaN
2020-11-26T12:00:00Z,0.0,-27.875,311.375,NaN
2020-11-26T12:00:00Z,0.0,-27.875,311.625,22.96
2020-11-26T12:00:00Z,0.0,-27.625,311.125,NaN
2020-11-26T12:00:00Z,0.0,-27.625,311.375,NaN
2020-11-26T12:00:00Z,0.0,-27.625,311.625,23.06
2020-11-26T12:00:00Z,0.0,-27.375,311.125,NaN
2020-11-26T12:00:00Z,0.0,-27.375,311.375,NaN
2020-11-26T12:00:00Z,0.0,-27.375,311.625,23.08
2020-11-27T12:00:00Z,0.0,-27.875,311.125,NaN
2020-11-27T12:00:00Z,0.0,-27.875,311.375,NaN
2020-11-27T12:00:00Z,0.0,-27.875,311.625,23.67
2020-11-27T12:00:00Z,0.0,-27.625,311.125,NaN
2020-11-27T12:00:00Z,0.0,-27.625,311.375,NaN
2020-11-27T12:00:00Z,0.0,-27.625,311.625,23.83
2020-11-27T12:00:00Z,0.0,-27.375,311.125,NaN
2020-11-27T12:00:00Z,0.0,-27.375,311.375,NaN
2020-11-27T12:00:00Z,0.0,-27.375,311.625,23.91
2020-11-28T12:00:00Z,0.0,-27.875,311.125,NaN
2020-11-28T12:00:00Z,0.0,-27.875,311.375,NaN
2020-11-28T12:00:00Z,0.0,-27.875,311.625,23.72
2020-11-28T12:00:00Z,0.0,-27.625,311.125,NaN
2020-11-28T12:00:00Z,0.0,-27.625,311.375,NaN
2020-11-28T12:00:00Z,0.0,-27.625,311.625,23.9
2020-11-28T12:00:00Z,0.0,-27.375,311.125,NaN
2020-11-28T12:00:00Z,0.0,-27.375,311.375,NaN
2020-11-28T12:00:00Z,0.0,-27.375,311.625,23.99
2020-11-29T12:00:00Z,0.0,-27.875,311.125,NaN
2020-11-29T12:00:00Z,0.0,-27.875,311.375,NaN
2020-11-29T12:00:00Z,0.0,-27.875,311.625,23.74
2020-11-29T12:00:00Z,0.0,-27.625,311.125,NaN
2020-11-29T12:00:00Z,0.0,-27.625,311.375,NaN
2020-11-29T12:00:00Z,0.0,-27.625,311.625,23.93
2020-11-29T12:00:00Z,0.0,-27.375,311.125,NaN
2020-11-29T12:00:00Z,0.0,-27.375,311.375,NaN
2020-11-29T12:00:00Z,0.0,-27.375,311.625,24.029999
2020-11-30T12:00:00Z,0.0,-27.875,311.125,NaN
2020-11-30T12:00:00Z,0.0,-27.875,311.375,NaN
2020-11-30T12:00:00Z,0.0,-27.875,311.625,23.83
2020-11-30T12:00:00Z,0.0,-27.625,311.125,NaN
2020-11-30T12:00:00Z,0.0,-27.625,311.375,NaN
2020-11-30T12:00:00Z,0.0,-27.625,311.625,24.019999
2020-11-30T12:00:00Z,0.0,-27.375,311.125,NaN
2020-11-30T12:00:00Z,0.0,-27.375,311.375,NaN
2020-11-30T12:00:00Z,0.0,-27.375,311.625,24.119999
2020-12-01T12:00:00Z,0.0,-27.875,311.125,NaN
2020-12-01T12:00:00Z,0.0,-27.875,311.375,NaN
2020-12-01T12:00:00Z,0.0,-27.875,311.625,23.59
2020-12-01T12:00:00Z,0.0,-27.625,311.125,NaN
2020-12-01T12:00:00Z,0.0,-27.625,311.375,NaN
2020-12-01T12:00:00Z,0.0,-27.625,311.625,23.81
2020-12-01T12:00:00Z,0.0,-27.375,311.125,NaN
2020-12-01T12:00:00Z,0.0,-27.375,311.375,NaN
2020-12-01T12:00:00Z,0.0,-27.375,311.625,24.019999
2020-12-02T12:00:00Z,0.0,-27.875,311.125,NaN
2020-12-02T12:00:00Z,0.0,-27.875,311.375,NaN
2020-12-02T12:00:00Z,0.0,-27.875,311.625,23.449999
2020-12-02T12:00:00Z,0.0,-27.625,311.125,NaN
2020-12-02T12:00:00Z,0.0,-27.625,311.375,NaN
2020-12-02T12:00:00Z,0.0,-27.625,311.625,23.8
2020-12-02T12:00:00Z,0.0,-27.375,311.125,NaN
2020-12-02T12:00:00Z,0.0,-27.375,311.375,NaN
2020-12-02T12:00:00Z,0.0,-27.375,311.625,24.06
2020-12-03T12:00:00Z,0.0,-27.875,311.125,NaN
2020-12-03T12:00:00Z,0.0,-27.875,311.375,NaN
2020-12-03T12:00:00Z,0.0,-27.875,311.625,23.84
2020-12-03T12:00:00Z,0.0,-27.625,311.125,NaN
2020-12-03T12:00:00Z,0.0,-27.625,311.375,NaN
2020-12-03T12:00:00Z,0.0,-27.625,311.625,24.09
2020-12-03T12:00:00Z,0.0,-27.375,311.125,NaN
2020-12-03T12:00:00Z,0.0,-27.375,311.375,NaN
2020-12-03T12:00:00Z,0.0,-27.375,311.625,24.269999
2020-12-04T12:00:00Z,0.0,-27.875,311.125,NaN
2020-12-04T12:00:00Z,0.0,-27.875,311.375,NaN
2020-12-04T12:00:00Z,0.0,-27.875,311.625,23.89
2020-12-04T12:00:00Z,0.0,-27.625,311.125,NaN
2020-12-04T12:00:00Z,0.0,-27.625,311.375,NaN
2020-12-04T12:00:00Z,0.0,-27.625,311.625,24.019999
2020-12-04T12:00:00Z,0.0,-27.375,311.125,NaN
2020-12-04T12:00:00Z,0.0,-27.375,311.375,NaN
2020-12-04T12:00:00Z,0.0,-27.375,311.625,24.15
2020-12-05T12:00:00Z,0.0,-27.875,311.125,NaN
2020-12-05T12:00:00Z,0.0,-27.875,311.375,NaN
2020-12-05T12:00:00Z,0.0,-27.875,311.625,23.88
2020-12-05T12:00:00Z,0.0,-27.625,311.125,NaN
2020-12-05T12:00:00Z,0.0,-27.625,311.375,NaN
2020-12-05T12:00:00Z,0.0,-27.625,311.625,23.98
2020-12-05T12:00:00Z,0.0,-27.375,311.125,NaN
2020-12-05T12:00:00Z,0.0,-27.375,311.375,NaN
2020-12-05T12:00:00Z,0.0,-27.375,311.625,24.119999
2020-12-06T12:00:00Z,0.0,-27.875,311.125,NaN
2020-12-06T12:00:00Z,0.0,-27.875,311.375,NaN
2020-12-06T12:00:00Z,0.0,-27.875,311.625,23.939999
2020-12-06T12:00:00Z,0.0,-27.625,311.125,NaN
2020-12-06T12:00:00Z,0.0,-27.625,311.375,NaN
2020-12-06T12:00:00Z,0.0,-27.625,311.625,24.039999
2020-12-06T12:00:00Z,0.0,-27.375,311.125,NaN
2020-12-06T12:00:00Z,0.0,-27.375,311.375,NaN
2020-12-06T12:00:00Z,0.0,-27.375,311.625,24.17
2020-12-07T12:00:00Z,0.0,-27.875,311.125,NaN
2020-12-07T12:00:00Z,0.0,-27.875,311.375,NaN
2020-12-07T12:00:00Z,0.0,-27.875,311.625,22.81
2020-12-07T12:00:00Z,0.0,-27.625,311.125,NaN
2020-12-07T12:00:00Z,0.0,-27.625,311.375,NaN
2020-12-07T12:00:00Z,0.0,-27.625,311.625,23.019999
2020-12-07T12:00:00Z,0.0,-27.375,311.125,NaN
2020-12-07T12:00:00Z,0.0,-27.375,311.375,NaN
2020-12-07T12:00:00Z,0.0,-27.375,311.625,23.31
2020-12-08T12:00:00Z,0.0,-27.875,311.125,NaN
2020-12-08T12:00:00Z,0.0,-27.875,311.375,NaN
2020-12-08T12:00:00Z,0.0,-27.875,311.625,22.56
2020-12-08T12:00:00Z,0.0,-27.625,311.125,NaN
2020-12-08T12:00:00Z,0.0,-27.625,311.375,NaN
2020-12-08T12:00:00Z,0.0,-27.625,311.625,22.769999
2020-12-08T12:00:00Z,0.0,-27.375,311.125,NaN
2020-12-08T12:00:00Z,0.0,-27.375,311.375,NaN
2020-12-08T12:00:00Z,0.0,-27.375,311.625,23.119999
2020-12-09T12:00:00Z,0.0,-27.875,311.125,NaN
2020-12-09T12:00:00Z,0.0,-27.875,311.375,NaN
2020-12-09T12:00:00Z,0.0,-27.875,311.625,22.949999
2020-12-09T12:00:00Z,0.0,-27.625,311.125,NaN
2020-12-09T12:00:00Z,0.0,-27.625,311.375,NaN
2020-12-09T12:00:00Z,0.0,-27.625,311.625,23.029999
2020-12-09T12:00:00Z,0.0,-27.375,311.125,NaN
2020-12-09T12:00:00Z,0.0,-27.375,311.375,NaN
2020-12-09T12:00:00Z,0.0,-27.375,311.625,23.24
2020-12-10T12:00:00Z,0.0,-27.875,311.125,NaN
2020-12-10T12:00:00Z,0.0,-27.875,311.375,NaN
2020-12-10T12:00:00Z,0.0,-27.875,311.625,23.51
2020-12-10T12:00:00Z,0.0,-27.625,311.125,NaN
2020-12-10T12:00:00Z,0.0,-27.625,311.375,NaN
2020-12-10T12:00:00Z,0.0,-27.625,311.625,23.47
2020-12-10T12:00:00Z,0.0,-27.375,311.125,NaN
2020-12-10T12:00:00Z,0.0,-27.375,311.375,NaN
2020-12-10T12:00:00Z,0.0,-27.375,311.625,23.59
2020-12-11T12:00:00Z,0.0,-27.875,311.125,NaN
2020-12-11T12:00:00Z,0.0,-27.875,311.375,NaN
2020-12-11T12:00:00Z,0.0,-27.875,311.625,23.84
2020-12-11T12:00:00Z,0.0,-27.625,311.125,NaN
2020-12-11T12:00:00Z,0.0,-27.625,311.375,NaN
2020-12-11T12:00:00Z,0.0,-27.625,311.625,23.88
2020-12-11T12:00:00Z,0.0,-27.375,311.125,NaN
2020-12-11T12:00:00Z,0.0,-27.375,311.375,NaN
2020-12-11T12:00:00Z,0.0,-27.375,311.625,24.029999
2020-12-12T12:00:00Z,0.0,-27.875,311.125,NaN
2020-12-12T12:00:00Z,0.0,-27.875,311.375,NaN
2020-12-12T12:00:00Z,0.0,-27.875,311.625,24.449999
2020-12-12T12:00:00Z,0.0,-27.625,311.125,NaN
2020-12-12T12:00:00Z,0.0,-27.625,311.375,NaN
2020-12-12T12:00:00Z,0.0,-27.625,311.625,24.779999
2020-12-12T12:00:00Z,0.0,-27.375,311.125,NaN
2020-12-12T12:00:00Z,0.0,-27.375,311.375,NaN
2020-12-12T12:00:00Z,0.0,-27.375,311.625,25.08
2020-12-13T12:00:00Z,0.0,-27.875,311.125,NaN
2020-12-13T12:00:00Z,0.0,-27.875,311.375,NaN
2020-12-13T12:00:00Z,0.0,-27.875,311.625,25.07
2020-12-13T12:00:00Z,0.0,-27.625,311.125,NaN
2020-12-13T12:00:00Z,0.0,-27.625,311.375,NaN
2020-12-13T12:00:00Z,0.0,-27.625,311.625,25.38
2020-12-13T12:00:00Z,0.0,-27.375,311.125,NaN
2020-12-13T12:00:00Z,0.0,-27.375,311.375,NaN
2020-12-13T12:00:00Z,0.0,-27.375,311.625,25.64
2020-12-14T12:00:00Z,0.0,-27.875,311.125,NaN
2020-12-14T12:00:00Z,0.0,-27.875,311.375,NaN
2020-12-14T12:00:00Z,0.0,-27.875,311.625,25.21
2020-12-14T12:00:00Z,0.0,-27.625,311.125,NaN
2020-12-14T12:00:00Z,0.0,-27.625,311.375,NaN
2020-12-14T12:00:00Z,0.0,-27.625,311.625,25.449999
2020-12-14T12:00:00Z,0.0,-27.375,311.125,NaN
2020-12-14T12:00:00Z,0.0,-27.375,311.375,NaN
2020-12-14T12:00:00Z,0.0,-27.375,311.625,25.66
2020-12-15T12:00:00Z,0.0,-27.875,311.125,NaN
2020-12-15T12:00:00Z,0.0,-27.875,311.375,NaN
2020-12-15T12:00:00Z,0.0,-27.875,311.625,24.99
2020-12-15T12:00:00Z,0.0,-27.625,311.125,NaN
2020-12-15T12:00:00Z,0.0,-27.625,311.375,NaN
2020-12-15T12:00:00Z,0.0,-27.625,311.625,25.289999
2020-12-15T12:00:00Z,0.0,-27.375,311.125,NaN
2020-12-15T12:00:00Z,0.0,-27.375,311.375,NaN
2020-12-15T12:00:00Z,0.0,-27.375,311.625,25.56
2020-12-16T12:00:00Z,0.0,-27.875,311.125,NaN
2020-12-16T12:00:00Z,0.0,-27.875,311.375,NaN
2020-12-16T12:00:00Z,0.0,-27.875,311.625,24.89
2020-12-16T12:00:00Z,0.0,-27.625,311.125,NaN
2020-12-16T12:00:00Z,0.0,-27.625,311.375,NaN
2020-12-16T12:00:00Z,0.0,-27.625,311.625,25.17
2020-12-16T12:00:00Z,0.0,-27.375,311.125,NaN
2020-12-16T12:00:00Z,0.0,-27.375,311.375,NaN
2020-12-16T12:00:00Z,0.0,-27.375,311.625,25.49
2020-12-17T12:00:00Z,0.0,-27.875,311.125,NaN
2020-12-17T12:00:00Z,0.0,-27.875,311.375,NaN
2020-12-17T12:00:00Z,0.0,-27.875,311.625,25.119999
2020-12-17T12:00:00Z,0.0,-27.625,311.125,NaN
2020-12-17T12:00:00Z,0.0,-27.625,311.375,NaN
2020-12-17T12:00:00Z,0.0,-27.625,311.625,25.34
2020-12-17T12:00:00Z,0.0,-27.375,311.125,NaN
2020-12-17T12:00:00Z,0.0,-27.375,311.375,NaN
2020-12-17T12:00:00Z,0.0,-27.375,311.625,25.58
2020-12-18T12:00:00Z,0.0,-27.875,311.125,NaN
2020-12-18T12:00:00Z,0.0,-27.875,311.375,NaN
2020-12-18T12:00:00Z,0.0,-27.875,311.625,24.619999
2020-12-18T12:00:00Z,0.0,-27.625,311.125,NaN
2020-12-18T12:00:00Z,0.0,-27.625,311.375,NaN
2020-12-18T12:00:00Z,0.0,-27.625,311.625,24.88
2020-12-18T12:00:00Z,0.0,-27.375,311.125,NaN
2020-12-18T12:00:00Z,0.0,-27.375,311.375,NaN
2020-12-18T12:00:00Z,0.0,-27.375,311.625,25.119999
2020-12-19T12:00:00Z,0.0,-27.875,311.125,NaN
2020-12-19T12:00:00Z,0.0,-27.875,311.375,NaN
2020-12-19T12:00:00Z,0.0,-27.875,311.625,24.89
2020-12-19T12:00:00Z,0.0,-27.625,311.125,NaN
2020-12-19T12:00:00Z,0.0,-27.625,311.375,NaN
2020-12-19T12:00:00Z,0.0,-27.625,311.625,24.98
2020-12-19T12:00:00Z,0.0,-27.375,311.125,NaN
2020-12-19T12:00:00Z,0.0,-27.375,311.375,NaN
2020-12-19T12:00:00Z,0.0,-27.375,311.625,25.08
2020-12-20T12:00:00Z,0.0,-27.875,311.125,NaN
2020-12-20T12:00:00Z,0.0,-27.875,311.375,NaN
2020-12-20T12:00:00Z,0.0,-27.875,311.625,24.91
2020-12-20T12:00:00Z,0.0,-27.625,311.125,NaN
2020-12-20T12:00:00Z,0.0,-27.625,311.375,NaN
2020-12-20T12:00:00Z,0.0,-27.625,311.625,24.97
2020-12-20T12:00:00Z,0.0,-27.375,311.125,NaN
2020-12-20T12:00:00Z,0.0,-27.375,311.375,NaN
2020-12-20T12:00:00Z,0.0,-27.375,311.625,25.05
2020-12-21T12:00:00Z,0.0,-27.875,311.125,NaN
2020-12-21T12:00:00Z,0.0,-27.875,311.375,NaN
2020-12-21T12:00:00Z,0.0,-27.875,311.625,25.01
2020-12-21T12:00:00Z,0.0,-27.625,311.125,NaN
2020-12-21T12:00:00Z,0.0,-27.625,311.375,NaN
2020-12-21T12:00:00Z,0.0,-27.625,311.625,25.05
2020-12-21T12:00:00Z,0.0,-27.375,311.125,NaN
2020-12-21T12:00:00Z,0.0,-27.375,311.375,NaN
2020-12-21T12:00:00Z,0.0,-27.375,311.625,25.13
2020-12-22T12:00:00Z,0.0,-27.875,311.125,NaN
2020-12-22T12:00:00Z,0.0,-27.875,311.375,NaN
2020-12-22T12:00:00Z,0.0,-27.875,311.625,24.9
2020-12-22T12:00:00Z,0.0,-27.625,311.125,NaN
2020-12-22T12:00:00Z,0.0,-27.625,311.375,NaN
2020-12-22T12:00:00Z,0.0,-27.625,311.625,24.9
2020-12-22T12:00:00Z,0.0,-27.375,311.125,NaN
2020-12-22T12:00:00Z,0.0,-27.375,311.375,NaN
2020-12-22T12:00:00Z,0.0,-27.375,311.625,25.06
2020-12-23T12:00:00Z,0.0,-27.875,311.125,NaN
2020-12-23T12:00:00Z,0.0,-27.875,311.375,NaN
2020-12-23T12:00:00Z,0.0,-27.875,311.625,24.779999
2020-12-23T12:00:00Z,0.0,-27.625,311.125,NaN
2020-12-23T12:00:00Z,0.0,-27.625,311.375,NaN
2020-12-23T12:00:00Z,0.0,-27.625,311.625,24.84
2020-12-23T12:00:00Z,0.0,-27.375,311.125,NaN
2020-12-23T12:00:00Z,0.0,-27.375,311.375,NaN
2020-12-23T12:00:00Z,0.0,-27.375,311.625,24.96
2020-12-24T12:00:00Z,0.0,-27.875,311.125,NaN
2020-12-24T12:00:00Z,0.0,-27.875,311.375,NaN
2020-12-24T12:00:00Z,0.0,-27.875,311.625,24.81
2020-12-24T12:00:00Z,0.0,-27.625,311.125,NaN
2020-12-24T12:00:00Z,0.0,-27.625,311.375,NaN
2020-12-24T12:00:00Z,0.0,-27.625,311.625,24.84
2020-12-24T12:00:00Z,0.0,-27.375,311.125,NaN
2020-12-24T12:00:00Z,0.0,-27.375,311.375,NaN
2020-12-24T12:00:00Z,0.0,-27.375,311.625,25.019999
2020-12-25T12:00:00Z,0.0,-27.875,311.125,NaN
2020-12-25T12:00:00Z,0.0,-27.875,311.375,NaN
2020-12-25T12:00:00Z,0.0,-27.875,311.625,25.09
2020-12-25T12:00:00Z,0.0,-27.625,311.125,NaN
2020-12-25T12:00:00Z,0.0,-27.625,311.375,NaN
2020-12-25T12:00:00Z,0.0,-27.625,311.625,25.14
2020-12-25T12:00:00Z,0.0,-27.375,311.125,NaN
2020-12-25T12:00:00Z,0.0,-27.375,311.375,NaN
2020-12-25T12:00:00Z,0.0,-27.375,311.625,25.269999
2020-12-26T12:00:00Z,0.0,-27.875,311.125,NaN
2020-12-26T12:00:00Z,0.0,-27.875,311.375,NaN
2020-12-26T12:00:00Z,0.0,-27.875,311.625,25.34
2020-12-26T12:00:00Z,0.0,-27.625,311.125,NaN
2020-12-26T12:00:00Z,0.0,-27.625,311.375,NaN
2020-12-26T12:00:00Z,0.0,-27.625,311.625,25.48
2020-12-26T12:00:00Z,0.0,-27.375,311.125,NaN
2020-12-26T12:00:00Z,0.0,-27.375,311.375,NaN
2020-12-26T12:00:00Z,0.0,-27.375,311.625,25.65
2020-12-27T12:00:00Z,0.0,-27.875,311.125,NaN
2020-12-27T12:00:00Z,0.0,-27.875,311.375,NaN
2020-12-27T12:00:00Z,0.0,-27.875,311.625,25.55
2020-12-27T12:00:00Z,0.0,-27.625,311.125,NaN
2020-12-27T12:00:00Z,0.0,-27.625,311.375,NaN
2020-12-27T12:00:00Z,0.0,-27.625,311.625,25.71
2020-12-27T12:00:00Z,0.0,-27.375,311.125,NaN
2020-12-27T12:00:00Z,0.0,-27.375,311.375,NaN
2020-12-27T12:00:00Z,0.0,-27.375,311.625,25.859999
2020-12-28T12:00:00Z,0.0,-27.875,311.125,NaN
2020-12-28T12:00:00Z,0.0,-27.875,311.375,NaN
2020-12-28T12:00:00Z,0.0,-27.875,311.625,25.539999
2020-12-28T12:00:00Z,0.0,-27.625,311.125,NaN
2020-12-28T12:00:00Z,0.0,-27.625,311.375,NaN
2020-12-28T12:00:00Z,0.0,-27.625,311.625,25.71
2020-12-28T12:00:00Z,0.0,-27.375,311.125,NaN
2020-12-28T12:00:00Z,0.0,-27.375,311.375,NaN
2020-12-28T12:00:00Z,0.0,-27.375,311.625,25.859999
2020-12-29T12:00:00Z,0.0,-27.875,311.125,NaN
2020-12-29T12:00:00Z,0.0,-27.875,311.375,NaN
2020-12-29T12:00:00Z,0.0,-27.875,311.625,25.859999
2020-12-29T12:00:00Z,0.0,-27.625,311.125,NaN
2020-12-29T12:00:00Z,0.0,-27.625,311.375,NaN
2020-12-29T12:00:00Z,0.0,-27.625,311.625,25.96
2020-12-29T12:00:00Z,0.0,-27.375,311.125,NaN
2020-12-29T12:00:00Z,0.0,-27.375,311.375,NaN
2020-12-29T12:00:00Z,0.0,-27.375,311.625,26.05
2020-12-30T12:00:00Z,0.0,-27.875,311.125,NaN
2020-12-30T12:00:00Z,0.0,-27.875,311.375,NaN
2020-12-30T12:00:00Z,0.0,-27.875,311.625,26.279999
2020-12-30T12:00:00Z,0.0,-27.625,311.125,NaN
2020-12-30T12:00:00Z,0.0,-27.625,311.375,NaN
2020-12-30T12:00:00Z,0.0,-27.625,311.625,26.349998
2020-12-30T12:00:00Z,0.0,-27.375,311.125,NaN
2020-12-30T12:00:00Z,0.0,-27.375,311.375,NaN
2020-12-30T12:00:00Z,0.0,-27.375,311.625,26.359999
2020-12-31T12:00:00Z,0.0,-27.875,311.125,NaN
2020-12-31T12:00:00Z,0.0,-27.875,311.375,NaN
2020-12-31T12:00:00Z,0.0,-27.875,311.625,26.09
2020-12-31T12:00:00Z,0.0,-27.625,311.125,NaN
2020-12-31T12:00:00Z,0.0,-27.625,311.375,NaN
2020-12-31T12:00:00Z,0.0,-27.625,311.625,26.26
2020-12-31T12:00:00Z,0.0,-27.375,311.125,NaN
2020-12-31T12:00:00Z,0.0,-27.375,311.375,NaN
2020-12-31T12:00:00Z,0.0,-27.375,311.625,26.439999
2021-01-01T12:00:00Z,0.0,-27.875,311.125,NaN
2021-01-01T12:00:00Z,0.0,-27.875,311.375,NaN
2021-01-01T12:00:00Z,0.0,-27.875,311.625,25.96
2021-01-01T12:00:00Z,0.0,-27.625,311.125,NaN
2021-01-01T12:00:00Z,0.0,-27.625,311.375,NaN
2021-01-01T12:00:00Z,0.0,-27.625,311.625,26.24
2021-01-01T12:00:00Z,0.0,-27.375,311.125,NaN
2021-01-01T12:00:00Z,0.0,-27.375,311.375,NaN
2021-01-01T12:00:00Z,0.0,-27.375,311.625,26.48
2021-01-02T12:00:00Z,0.0,-27.875,311.125,NaN
2021-01-02T12:00:00Z,0.0,-27.875,311.375,NaN
2021-01-02T12:00:00Z,0.0,-27.875,311.625,25.9
2021-01-02T12:00:00Z,0.0,-27.625,311.125,NaN
2021-01-02T12:00:00Z,0.0,-27.625,311.375,NaN
2021-01-02T12:00:00Z,0.0,-27.625,311.625,26.019999
2021-01-02T12:00:00Z,0.0,-27.375,311.125,NaN
2021-01-02T12:00:00Z,0.0,-27.375,311.375,NaN
2021-01-02T12:00:00Z,0.0,-27.375,311.625,26.34
2021-01-03T12:00:00Z,0.0,-27.875,311.125,NaN
2021-01-03T12:00:00Z,0.0,-27.875,311.375,NaN
2021-01-03T12:00:00Z,0.0,-27.875,311.625,25.89
2021-01-03T12:00:00Z,0.0,-27.625,311.125,NaN
2021-01-03T12:00:00Z,0.0,-27.625,311.375,NaN
2021-01-03T12:00:00Z,0.0,-27.625,311.625,25.939999
2021-01-03T12:00:00Z,0.0,-27.375,311.125,NaN
2021-01-03T12:00:00Z,0.0,-27.375,311.375,NaN
2021-01-03T12:00:00Z,0.0,-27.375,311.625,26.13
2021-01-04T12:00:00Z,0.0,-27.875,311.125,NaN
2021-01-04T12:00:00Z,0.0,-27.875,311.375,NaN
2021-01-04T12:00:00Z,0.0,-27.875,311.625,25.84
2021-01-04T12:00:00Z,0.0,-27.625,311.125,NaN
2021-01-04T12:00:00Z,0.0,-27.625,311.375,NaN
2021-01-04T12:00:00Z,0.0,-27.625,311.625,25.88
2021-01-04T12:00:00Z,0.0,-27.375,311.125,NaN
2021-01-04T12:00:00Z,0.0,-27.375,311.375,NaN
2021-01-04T12:00:00Z,0.0,-27.375,311.625,26.01
2021-01-05T12:00:00Z,0.0,-27.875,311.125,NaN
2021-01-05T12:00:00Z,0.0,-27.875,311.375,NaN
2021-01-05T12:00:00Z,0.0,-27.875,311.625,25.83
2021-01-05T12:00:00Z,0.0,-27.625,311.125,NaN
2021-01-05T12:00:00Z,0.0,-27.625,311.375,NaN
2021-01-05T12:00:00Z,0.0,-27.625,311.625,25.869999
2021-01-05T12:00:00Z,0.0,-27.375,311.125,NaN
2021-01-05T12:00:00Z,0.0,-27.375,311.375,NaN
2021-01-05T12:00:00Z,0.0,-27.375,311.625,25.98
2021-01-06T12:00:00Z,0.0,-27.875,311.125,NaN
2021-01-06T12:00:00Z,0.0,-27.875,311.375,NaN
2021-01-06T12:00:00Z,0.0,-27.875,311.625,26.369999
2021-01-06T12:00:00Z,0.0,-27.625,311.125,NaN
2021-01-06T12:00:00Z,0.0,-27.625,311.375,NaN
2021-01-06T12:00:00Z,0.0,-27.625,311.625,26.68
2021-01-06T12:00:00Z,0.0,-27.375,311.125,NaN
2021-01-06T12:00:00Z,0.0,-27.375,311.375,NaN
2021-01-06T12:00:00Z,0.0,-27.375,311.625,26.949999
2021-01-07T12:00:00Z,0.0,-27.875,311.125,NaN
2021-01-07T12:00:00Z,0.0,-27.875,311.375,NaN
2021-01-07T12:00:00Z,0.0,-27.875,311.625,26.5
2021-01-07T12:00:00Z,0.0,-27.625,311.125,NaN
2021-01-07T12:00:00Z,0.0,-27.625,311.375,NaN
2021-01-07T12:00:00Z,0.0,-27.625,311.625,26.84
2021-01-07T12:00:00Z,0.0,-27.375,311.125,NaN
2021-01-07T12:00:00Z,0.0,-27.375,311.375,NaN
2021-01-07T12:00:00Z,0.0,-27.375,311.625,27.13
2021-01-08T12:00:00Z,0.0,-27.875,311.125,NaN
2021-01-08T12:00:00Z,0.0,-27.875,311.375,NaN
2021-01-08T12:00:00Z,0.0,-27.875,311.625,26.539999
2021-01-08T12:00:00Z,0.0,-27.625,311.125,NaN
2021-01-08T12:00:00Z,0.0,-27.625,311.375,NaN
2021-01-08T12:00:00Z,0.0,-27.625,311.625,26.859999
2021-01-08T12:00:00Z,0.0,-27.375,311.125,NaN
2021-01-08T12:00:00Z,0.0,-27.375,311.375,NaN
2021-01-08T12:00:00Z,0.0,-27.375,311.625,27.14
2021-01-09T12:00:00Z,0.0,-27.875,311.125,NaN
2021-01-09T12:00:00Z,0.0,-27.875,311.375,NaN
2021-01-09T12:00:00Z,0.0,-27.875,311.625,26.66
2021-01-09T12:00:00Z,0.0,-27.625,311.125,NaN
2021-01-09T12:00:00Z,0.0,-27.625,311.375,NaN
2021-01-09T12:00:00Z,0.0,-27.625,311.625,26.89
2021-01-09T12:00:00Z,0.0,-27.375,311.125,NaN
2021-01-09T12:00:00Z,0.0,-27.375,311.375,NaN
2021-01-09T12:00:00Z,0.0,-27.375,311.625,27.17
2021-01-10T12:00:00Z,0.0,-27.875,311.125,NaN
2021-01-10T12:00:00Z,0.0,-27.875,311.375,NaN
2021-01-10T12:00:00Z,0.0,-27.875,311.625,26.609999
2021-01-10T12:00:00Z,0.0,-27.625,311.125,NaN
2021-01-10T12:00:00Z,0.0,-27.625,311.375,NaN
2021-01-10T12:00:00Z,0.0,-27.625,311.625,26.81
2021-01-10T12:00:00Z,0.0,-27.375,311.125,NaN
2021-01-10T12:00:00Z,0.0,-27.375,311.375,NaN
2021-01-10T12:00:00Z,0.0,-27.375,311.625,27.05
2021-01-11T12:00:00Z,0.0,-27.875,311.125,NaN
2021-01-11T12:00:00Z,0.0,-27.875,311.375,NaN
2021-01-11T12:00:00Z,0.0,-27.875,311.625,26.83
2021-01-11T12:00:00Z,0.0,-27.625,311.125,NaN
2021-01-11T12:00:00Z,0.0,-27.625,311.375,NaN
2021-01-11T12:00:00Z,0.0,-27.625,311.625,27.07
2021-01-11T12:00:00Z,0.0,-27.375,311.125,NaN
2021-01-11T12:00:00Z,0.0,-27.375,311.375,NaN
2021-01-11T12:00:00Z,0.0,-27.375,311.625,27.189999
2021-01-12T12:00:00Z,0.0,-27.875,311.125,NaN
2021-01-12T12:00:00Z,0.0,-27.875,311.375,NaN
2021-01-12T12:00:00Z,0.0,-27.875,311.625,26.83
2021-01-12T12:00:00Z,0.0,-27.625,311.125,NaN
2021-01-12T12:00:00Z,0.0,-27.625,311.375,NaN
2021-01-12T12:00:00Z,0.0,-27.625,311.625,27.06
2021-01-12T12:00:00Z,0.0,-27.375,311.125,NaN
2021-01-12T12:00:00Z,0.0,-27.375,311.375,NaN
2021-01-12T12:00:00Z,0.0,-27.375,311.625,27.18
2021-01-13T12:00:00Z,0.0,-27.875,311.125,NaN
2021-01-13T12:00:00Z,0.0,-27.875,311.375,NaN
2021-01-13T12:00:00Z,0.0,-27.875,311.625,27.01
2021-01-13T12:00:00Z,0.0,-27.625,311.125,NaN
2021-01-13T12:00:00Z,0.0,-27.625,311.375,NaN
2021-01-13T12:00:00Z,0.0,-27.625,311.625,27.17
2021-01-13T12:00:00Z,0.0,-27.375,311.125,NaN
2021-01-13T12:00:00Z,0.0,-27.375,311.375,NaN
2021-01-13T12:00:00Z,0.0,-27.375,311.625,27.26
2021-01-14T12:00:00Z,0.0,-27.875,311.125,NaN
2021-01-14T12:00:00Z,0.0,-27.875,311.375,NaN
2021-01-14T12:00:00Z,0.0,-27.875,311.625,26.93
2021-01-14T12:00:00Z,0.0,-27.625,311.125,NaN
2021-01-14T12:00:00Z,0.0,-27.625,311.375,NaN
2021-01-14T12:00:00Z,0.0,-27.625,311.625,27.039999
2021-01-14T12:00:00Z,0.0,-27.375,311.125,NaN
2021-01-14T12:00:00Z,0.0,-27.375,311.375,NaN
2021-01-14T12:00:00Z,0.0,-27.375,311.625,27.099998
2021-01-15T12:00:00Z,0.0,-27.875,311.125,NaN
2021-01-15T12:00:00Z,0.0,-27.875,311.375,NaN
2021-01-15T12:00:00Z,0.0,-27.875,311.625,26.76
2021-01-15T12:00:00Z,0.0,-27.625,311.125,NaN
2021-01-15T12:00:00Z,0.0,-27.625,311.375,NaN
2021-01-15T12:00:00Z,0.0,-27.625,311.625,26.9
2021-01-15T12:00:00Z,0.0,-27.375,311.125,NaN
2021-01-15T12:00:00Z,0.0,-27.375,311.375,NaN
2021-01-15T12:00:00Z,0.0,-27.375,311.625,26.97
2021-01-16T12:00:00Z,0.0,-27.875,311.125,NaN
2021-01-16T12:00:00Z,0.0,-27.875,311.375,NaN
2021-01-16T12:00:00Z,0.0,-27.875,311.625,26.779999
2021-01-16T12:00:00Z,0.0,-27.625,311.125,NaN
2021-01-16T12:00:00Z,0.0,-27.625,311.375,NaN
2021-01-16T12:00:00Z,0.0,-27.625,311.625,26.91
2021-01-16T12:00:00Z,0.0,-27.375,311.125,NaN
2021-01-16T12:00:00Z,0.0,-27.375,311.375,NaN
2021-01-16T12:00:00Z,0.0,-27.375,311.625,26.97
2021-01-17T12:00:00Z,0.0,-27.875,311.125,NaN
2021-01-17T12:00:00Z,0.0,-27.875,311.375,NaN
2021-01-17T12:00:00Z,0.0,-27.875,311.625,26.689999
2021-01-17T12:00:00Z,0.0,-27.625,311.125,NaN
2021-01-17T12:00:00Z,0.0,-27.625,311.375,NaN
2021-01-17T12:00:00Z,0.0,-27.625,311.625,26.75
2021-01-17T12:00:00Z,0.0,-27.375,311.125,NaN
2021-01-17T12:00:00Z,0.0,-27.375,311.375,NaN
2021-01-17T12:00:00Z,0.0,-27.375,311.625,26.81
2021-01-18T12:00:00Z,0.0,-27.875,311.125,NaN
2021-01-18T12:00:00Z,0.0,-27.875,311.375,NaN
2021-01-18T12:00:00Z,0.0,-27.875,311.625,26.289999
2021-01-18T12:00:00Z,0.0,-27.625,311.125,NaN
2021-01-18T12:00:00Z,0.0,-27.625,311.375,NaN
2021-01-18T12:00:00Z,0.0,-27.625,311.625,26.3
2021-01-18T12:00:00Z,0.0,-27.375,311.125,NaN
2021-01-18T12:00:00Z,0.0,-27.375,311.375,NaN
2021-01-18T12:00:00Z,0.0,-27.375,311.625,26.3
2021-01-19T12:00:00Z,0.0,-27.875,311.125,NaN
2021-01-19T12:00:00Z,0.0,-27.875,311.375,NaN
2021-01-19T12:00:00Z,0.0,-27.875,311.625,26.14
2021-01-19T12:00:00Z,0.0,-27.625,311.125,NaN
2021-01-19T12:00:00Z,0.0,-27.625,311.375,NaN
2021-01-19T12:00:00Z,0.0,-27.625,311.625,26.189999
2021-01-19T12:00:00Z,0.0,-27.375,311.125,NaN
2021-01-19T12:00:00Z,0.0,-27.375,311.375,NaN
2021-01-19T12:00:00Z,0.0,-27.375,311.625,26.039999
2021-01-20T12:00:00Z,0.0,-27.875,311.125,NaN
2021-01-20T12:00:00Z,0.0,-27.875,311.375,NaN
2021-01-20T12:00:00Z,0.0,-27.875,311.625,26.16
2021-01-20T12:00:00Z,0.0,-27.625,311.125,NaN
2021-01-20T12:00:00Z,0.0,-27.625,311.375,NaN
2021-01-20T12:00:00Z,0.0,-27.625,311.625,26.24
2021-01-20T12:00:00Z,0.0,-27.375,311.125,NaN
2021-01-20T12:00:00Z,0.0,-27.375,311.375,NaN
2021-01-20T12:00:00Z,0.0,-27.375,311.625,26.119999
2021-01-21T12:00:00Z,0.0,-27.875,311.125,NaN
2021-01-21T12:00:00Z,0.0,-27.875,311.375,NaN
2021-01-21T12:00:00Z,0.0,-27.875,311.625,26.23
2021-01-21T12:00:00Z,0.0,-27.625,311.125,NaN
2021-01-21T12:00:00Z,0.0,-27.625,311.375,NaN
2021-01-21T12:00:00Z,0.0,-27.625,311.625,26.42
2021-01-21T12:00:00Z,0.0,-27.375,311.125,NaN
2021-01-21T12:00:00Z,0.0,-27.375,311.375,NaN
2021-01-21T12:00:00Z,0.0,-27.375,311.625,26.41
2021-01-22T12:00:00Z,0.0,-27.875,311.125,NaN
2021-01-22T12:00:00Z,0.0,-27.875,311.375,NaN
2021-01-22T12:00:00Z,0.0,-27.875,311.625,26.24
2021-01-22T12:00:00Z,0.0,-27.625,311.125,NaN
2021-01-22T12:00:00Z,0.0,-27.625,311.375,NaN
2021-01-22T12:00:00Z,0.0,-27.625,311.625,26.439999
2021-01-22T12:00:00Z,0.0,-27.375,311.125,NaN
2021-01-22T12:00:00Z,0.0,-27.375,311.375,NaN
2021-01-22T12:00:00Z,0.0,-27.375,311.625,26.48
2021-01-23T12:00:00Z,0.0,-27.875,311.125,NaN
2021-01-23T12:00:00Z,0.0,-27.875,311.375,NaN
2021-01-23T12:00:00Z,0.0,-27.875,311.625,26.25
2021-01-23T12:00:00Z,0.0,-27.625,311.125,NaN
2021-01-23T12:00:00Z,0.0,-27.625,311.375,NaN
2021-01-23T12:00:00Z,0.0,-27.625,311.625,26.42
2021-01-23T12:00:00Z,0.0,-27.375,311.125,NaN
2021-01-23T12:00:00Z,0.0,-27.375,311.375,NaN
2021-01-23T12:00:00Z,0.0,-27.375,311.625,26.49
2021-01-24T12:00:00Z,0.0,-27.875,311.125,NaN
2021-01-24T12:00:00Z,0.0,-27.875,311.375,NaN
2021-01-24T12:00:00Z,0.0,-27.875,311.625,25.99
2021-01-24T12:00:00Z,0.0,-27.625,311.125,NaN
2021-01-24T12:00:00Z,0.0,-27.625,311.375,NaN
2021-01-24T12:00:00Z,0.0,-27.625,311.625,26.25
2021-01-24T12:00:00Z,0.0,-27.375,311.125,NaN
2021-01-24T12:00:00Z,0.0,-27.375,311.375,NaN
2021-01-24T12:00:00Z,0.0,-27.375,311.625,26.369999
2021-01-25T12:00:00Z,0.0,-27.875,311.125,NaN
2021-01-25T12:00:00Z,0.0,-27.875,311.375,NaN
2021-01-25T12:00:00Z,0.0,-27.875,311.625,25.849998
2021-01-25T12:00:00Z,0.0,-27.625,311.125,NaN
2021-01-25T12:00:00Z,0.0,-27.625,311.375,NaN
2021-01-25T12:00:00Z,0.0,-27.625,311.625,26.109999
2021-01-25T12:00:00Z,0.0,-27.375,311.125,NaN
2021-01-25T12:00:00Z,0.0,-27.375,311.375,NaN
2021-01-25T12:00:00Z,0.0,-27.375,311.625,26.289999
2021-01-26T12:00:00Z,0.0,-27.875,311.125,NaN
2021-01-26T12:00:00Z,0.0,-27.875,311.375,NaN
2021-01-26T12:00:00Z,0.0,-27.875,311.625,25.83
2021-01-26T12:00:00Z,0.0,-27.625,311.125,NaN
2021-01-26T12:00:00Z,0.0,-27.625,311.375,NaN
2021-01-26T12:00:00Z,0.0,-27.625,311.625,26.07
2021-01-26T12:00:00Z,0.0,-27.375,311.125,NaN
2021-01-26T12:00:00Z,0.0,-27.375,311.375,NaN
2021-01-26T12:00:00Z,0.0,-27.375,311.625,26.279999
2021-01-27T12:00:00Z,0.0,-27.875,311.125,NaN
2021-01-27T12:00:00Z,0.0,-27.875,311.375,NaN
2021-01-27T12:00:00Z,0.0,-27.875,311.625,25.869999
2021-01-27T12:00:00Z,0.0,-27.625,311.125,NaN
2021-01-27T12:00:00Z,0.0,-27.625,311.375,NaN
2021-01-27T12:00:00Z,0.0,-27.625,311.625,26.099998
2021-01-27T12:00:00Z,0.0,-27.375,311.125,NaN
2021-01-27T12:00:00Z,0.0,-27.375,311.375,NaN
2021-01-27T12:00:00Z,0.0,-27.375,311.625,26.32
2021-01-28T12:00:00Z,0.0,-27.875,311.125,NaN
2021-01-28T12:00:00Z,0.0,-27.875,311.375,NaN
2021-01-28T12:00:00Z,0.0,-27.875,311.625,25.89
2021-01-28T12:00:00Z,0.0,-27.625,311.125,NaN
2021-01-28T12:00:00Z,0.0,-27.625,311.375,NaN
2021-01-28T12:00:00Z,0.0,-27.625,311.625,26.14
2021-01-28T12:00:00Z,0.0,-27.375,311.125,NaN
2021-01-28T12:00:00Z,0.0,-27.375,311.375,NaN
2021-01-28T12:00:00Z,0.0,-27.375,311.625,26.369999
2021-01-29T12:00:00Z,0.0,-27.875,311.125,NaN
2021-01-29T12:00:00Z,0.0,-27.875,311.375,NaN
2021-01-29T12:00:00Z,0.0,-27.875,311.625,25.56
2021-01-29T12:00:00Z,0.0,-27.625,311.125,NaN
2021-01-29T12:00:00Z,0.0,-27.625,311.375,NaN
2021-01-29T12:00:00Z,0.0,-27.625,311.625,25.849998
2021-01-29T12:00:00Z,0.0,-27.375,311.125,NaN
2021-01-29T12:00:00Z,0.0,-27.375,311.375,NaN
2021-01-29T12:00:00Z,0.0,-27.375,311.625,26.15
2021-01-30T12:00:00Z,0.0,-27.875,311.125,NaN
2021-01-30T12:00:00Z,0.0,-27.875,311.375,NaN
2021-01-30T12:00:00Z,0.0,-27.875,311.625,25.529999
2021-01-30T12:00:00Z,0.0,-27.625,311.125,NaN
2021-01-30T12:00:00Z,0.0,-27.625,311.375,NaN
2021-01-30T12:00:00Z,0.0,-27.625,311.625,25.81
2021-01-30T12:00:00Z,0.0,-27.375,311.125,NaN
2021-01-30T12:00:00Z,0.0,-27.375,311.375,NaN
2021-01-30T12:00:00Z,0.0,-27.375,311.625,26.109999
2021-01-31T12:00:00Z,0.0,-27.875,311.125,NaN
2021-01-31T12:00:00Z,0.0,-27.875,311.375,NaN
2021-01-31T12:00:00Z,0.0,-27.875,311.625,25.539999
2021-01-31T12:00:00Z,0.0,-27.625,311.125,NaN
2021-01-31T12:00:00Z,0.0,-27.625,311.375,NaN
2021-01-31T12:00:00Z,0.0,-27.625,311.625,25.779999
2021-01-31T12:00:00Z,0.0,-27.375,311.125,NaN
2021-01-31T12:00:00Z,0.0,-27.375,311.375,NaN
2021-01-31T12:00:00Z,0.0,-27.375,311.625,26.05
2021-02-01T12:00:00Z,0.0,-27.875,311.125,NaN
2021-02-01T12:00:00Z,0.0,-27.875,311.375,NaN
2021-02-01T12:00:00Z,0.0,-27.875,311.625,25.34
2021-02-01T12:00:00Z,0.0,-27.625,311.125,NaN
2021-02-01T12:00:00Z,0.0,-27.625,311.375,NaN
2021-02-01T12:00:00Z,0.0,-27.625,311.625,25.51
2021-02-01T12:00:00Z,0.0,-27.375,311.125,NaN
2021-02-01T12:00:00Z,0.0,-27.375,311.375,NaN
2021-02-01T12:00:00Z,0.0,-27.375,311.625,25.74
2021-02-02T12:00:00Z,0.0,-27.875,311.125,NaN
2021-02-02T12:00:00Z,0.0,-27.875,311.375,NaN
2021-02-02T12:00:00Z,0.0,-27.875,311.625,27.099998
2021-02-02T12:00:00Z,0.0,-27.625,311.125,NaN
2021-02-02T12:00:00Z,0.0,-27.625,311.375,NaN
2021-02-02T12:00:00Z,0.0,-27.625,311.625,27.32
2021-02-02T12:00:00Z,0.0,-27.375,311.125,NaN
2021-02-02T12:00:00Z,0.0,-27.375,311.375,NaN
2021-02-02T12:00:00Z,0.0,-27.375,311.625,27.63
2021-02-03T12:00:00Z,0.0,-27.875,311.125,NaN
2021-02-03T12:00:00Z,0.0,-27.875,311.375,NaN
2021-02-03T12:00:00Z,0.0,-27.875,311.625,27.09
2021-02-03T12:00:00Z,0.0,-27.625,311.125,NaN
2021-02-03T12:00:00Z,0.0,-27.625,311.375,NaN
2021-02-03T12:00:00Z,0.0,-27.625,311.625,27.349998
2021-02-03T12:00:00Z,0.0,-27.375,311.125,NaN
2021-02-03T12:00:00Z,0.0,-27.375,311.375,NaN
2021-02-03T12:00:00Z,0.0,-27.375,311.625,27.76
2021-02-04T12:00:00Z,0.0,-27.875,311.125,NaN
2021-02-04T12:00:00Z,0.0,-27.875,311.375,NaN
2021-02-04T12:00:00Z,0.0,-27.875,311.625,27.039999
2021-02-04T12:00:00Z,0.0,-27.625,311.125,NaN
2021-02-04T12:00:00Z,0.0,-27.625,311.375,NaN
2021-02-04T12:00:00Z,0.0,-27.625,311.625,27.279999
2021-02-04T12:00:00Z,0.0,-27.375,311.125,NaN
2021-02-04T12:00:00Z,0.0,-27.375,311.375,NaN
2021-02-04T12:00:00Z,0.0,-27.375,311.625,27.59
2021-02-05T12:00:00Z,0.0,-27.875,311.125,NaN
2021-02-05T12:00:00Z,0.0,-27.875,311.375,NaN
2021-02-05T12:00:00Z,0.0,-27.875,311.625,26.789999
2021-02-05T12:00:00Z,0.0,-27.625,311.125,NaN
2021-02-05T12:00:00Z,0.0,-27.625,311.375,NaN
2021-02-05T12:00:00Z,0.0,-27.625,311.625,27.099998
2021-02-05T12:00:00Z,0.0,-27.375,311.125,NaN
2021-02-05T12:00:00Z,0.0,-27.375,311.375,NaN
2021-02-05T12:00:00Z,0.0,-27.375,311.625,27.449999
2021-02-06T12:00:00Z,0.0,-27.875,311.125,NaN
2021-02-06T12:00:00Z,0.0,-27.875,311.375,NaN
2021-02-06T12:00:00Z,0.0,-27.875,311.625,25.779999
2021-02-06T12:00:00Z,0.0,-27.625,311.125,NaN
2021-02-06T12:00:00Z,0.0,-27.625,311.375,NaN
2021-02-06T12:00:00Z,0.0,-27.625,311.625,26.34
2021-02-06T12:00:00Z,0.0,-27.375,311.125,NaN
2021-02-06T12:00:00Z,0.0,-27.375,311.375,NaN
2021-02-06T12:00:00Z,0.0,-27.375,311.625,26.949999
2021-02-07T12:00:00Z,0.0,-27.875,311.125,NaN
2021-02-07T12:00:00Z,0.0,-27.875,311.375,NaN
2021-02-07T12:00:00Z,0.0,-27.875,311.625,25.22
2021-02-07T12:00:00Z,0.0,-27.625,311.125,NaN
2021-02-07T12:00:00Z,0.0,-27.625,311.375,NaN
2021-02-07T12:00:00Z,0.0,-27.625,311.625,25.66
2021-02-07T12:00:00Z,0.0,-27.375,311.125,NaN
2021-02-07T12:00:00Z,0.0,-27.375,311.375,NaN
2021-02-07T12:00:00Z,0.0,-27.375,311.625,26.23
2021-02-08T12:00:00Z,0.0,-27.875,311.125,NaN
2021-02-08T12:00:00Z,0.0,-27.875,311.375,NaN
2021-02-08T12:00:00Z,0.0,-27.875,311.625,24.73
2021-02-08T12:00:00Z,0.0,-27.625,311.125,NaN
2021-02-08T12:00:00Z,0.0,-27.625,311.375,NaN
2021-02-08T12:00:00Z,0.0,-27.625,311.625,24.91
2021-02-08T12:00:00Z,0.0,-27.375,311.125,NaN
2021-02-08T12:00:00Z,0.0,-27.375,311.375,NaN
2021-02-08T12:00:00Z,0.0,-27.375,311.625,25.289999
2021-02-09T12:00:00Z,0.0,-27.875,311.125,NaN
2021-02-09T12:00:00Z,0.0,-27.875,311.375,NaN
2021-02-09T12:00:00Z,0.0,-27.875,311.625,24.83
2021-02-09T12:00:00Z,0.0,-27.625,311.125,NaN
2021-02-09T12:00:00Z,0.0,-27.625,311.375,NaN
2021-02-09T12:00:00Z,0.0,-27.625,311.625,24.74
2021-02-09T12:00:00Z,0.0,-27.375,311.125,NaN
2021-02-09T12:00:00Z,0.0,-27.375,311.375,NaN
2021-02-09T12:00:00Z,0.0,-27.375,311.625,24.9
2021-02-10T12:00:00Z,0.0,-27.875,311.125,NaN
2021-02-10T12:00:00Z,0.0,-27.875,311.375,NaN
2021-02-10T12:00:00Z,0.0,-27.875,311.625,24.939999
2021-02-10T12:00:00Z,0.0,-27.625,311.125,NaN
2021-02-10T12:00:00Z,0.0,-27.625,311.375,NaN
2021-02-10T12:00:00Z,0.0,-27.625,311.625,24.8
2021-02-10T12:00:00Z,0.0,-27.375,311.125,NaN
2021-02-10T12:00:00Z,0.0,-27.375,311.375,NaN
2021-02-10T12:00:00Z,0.0,-27.375,311.625,24.91
2021-02-11T12:00:00Z,0.0,-27.875,311.125,NaN
2021-02-11T12:00:00Z,0.0,-27.875,311.375,NaN
2021-02-11T12:00:00Z,0.0,-27.875,311.625,25.18
2021-02-11T12:00:00Z,0.0,-27.625,311.125,NaN
2021-02-11T12:00:00Z,0.0,-27.625,311.375,NaN
2021-02-11T12:00:00Z,0.0,-27.625,311.625,25.1
2021-02-11T12:00:00Z,0.0,-27.375,311.125,NaN
2021-02-11T12:00:00Z,0.0,-27.375,311.375,NaN
2021-02-11T12:00:00Z,0.0,-27.375,311.625,25.21
2021-02-12T12:00:00Z,0.0,-27.875,311.125,NaN
2021-02-12T12:00:00Z,0.0,-27.875,311.375,NaN
2021-02-12T12:00:00Z,0.0,-27.875,311.625,25.43
2021-02-12T12:00:00Z,0.0,-27.625,311.125,NaN
2021-02-12T12:00:00Z,0.0,-27.625,311.375,NaN
2021-02-12T12:00:00Z,0.0,-27.625,311.625,25.24
2021-02-12T12:00:00Z,0.0,-27.375,311.125,NaN
2021-02-12T12:00:00Z,0.0,-27.375,311.375,NaN
2021-02-12T12:00:00Z,0.0,-27.375,311.625,25.199999
2021-02-13T12:00:00Z,0.0,-27.875,311.125,NaN
2021-02-13T12:00:00Z,0.0,-27.875,311.375,NaN
2021-02-13T12:00:00Z,0.0,-27.875,311.625,25.439999
2021-02-13T12:00:00Z,0.0,-27.625,311.125,NaN
2021-02-13T12:00:00Z,0.0,-27.625,311.375,NaN
2021-02-13T12:00:00Z,0.0,-27.625,311.625,25.22
2021-02-13T12:00:00Z,0.0,-27.375,311.125,NaN
2021-02-13T12:00:00Z,0.0,-27.375,311.375,NaN
2021-02-13T12:00:00Z,0.0,-27.375,311.625,25.23
2021-02-14T12:00:00Z,0.0,-27.875,311.125,NaN
2021-02-14T12:00:00Z,0.0,-27.875,311.375,NaN
2021-02-14T12:00:00Z,0.0,-27.875,311.625,25.88
2021-02-14T12:00:00Z,0.0,-27.625,311.125,NaN
2021-02-14T12:00:00Z,0.0,-27.625,311.375,NaN
2021-02-14T12:00:00Z,0.0,-27.625,311.625,25.789999
2021-02-14T12:00:00Z,0.0,-27.375,311.125,NaN
2021-02-14T12:00:00Z,0.0,-27.375,311.375,NaN
2021-02-14T12:00:00Z,0.0,-27.375,311.625,26.06
2021-02-15T12:00:00Z,0.0,-27.875,311.125,NaN
2021-02-15T12:00:00Z,0.0,-27.875,311.375,NaN
2021-02-15T12:00:00Z,0.0,-27.875,311.625,26.64
2021-02-15T12:00:00Z,0.0,-27.625,311.125,NaN
2021-02-15T12:00:00Z,0.0,-27.625,311.375,NaN
2021-02-15T12:00:00Z,0.0,-27.625,311.625,26.8
2021-02-15T12:00:00Z,0.0,-27.375,311.125,NaN
2021-02-15T12:00:00Z,0.0,-27.375,311.375,NaN
2021-02-15T12:00:00Z,0.0,-27.375,311.625,27.019999
2021-02-16T12:00:00Z,0.0,-27.875,311.125,NaN
2021-02-16T12:00:00Z,0.0,-27.875,311.375,NaN
2021-02-16T12:00:00Z,0.0,-27.875,311.625,26.869999
2021-02-16T12:00:00Z,0.0,-27.625,311.125,NaN
2021-02-16T12:00:00Z,0.0,-27.625,311.375,NaN
2021-02-16T12:00:00Z,0.0,-27.625,311.625,26.97
2021-02-16T12:00:00Z,0.0,-27.375,311.125,NaN
2021-02-16T12:00:00Z,0.0,-27.375,311.375,NaN
2021-02-16T12:00:00Z,0.0,-27.375,311.625,27.08
2021-02-17T12:00:00Z,0.0,-27.875,311.125,NaN
2021-02-17T12:00:00Z,0.0,-27.875,311.375,NaN
2021-02-17T12:00:00Z,0.0,-27.875,311.625,26.949999
2021-02-17T12:00:00Z,0.0,-27.625,311.125,NaN
2021-02-17T12:00:00Z,0.0,-27.625,311.375,NaN
2021-02-17T12:00:00Z,0.0,-27.625,311.625,27.01
2021-02-17T12:00:00Z,0.0,-27.375,311.125,NaN
2021-02-17T12:00:00Z,0.0,-27.375,311.375,NaN
2021-02-17T12:00:00Z,0.0,-27.375,311.625,27.01
2021-02-18T12:00:00Z,0.0,-27.875,311.125,NaN
2021-02-18T12:00:00Z,0.0,-27.875,311.375,NaN
2021-02-18T12:00:00Z,0.0,-27.875,311.625,26.949999
2021-02-18T12:00:00Z,0.0,-27.625,311.125,NaN
2021-02-18T12:00:00Z,0.0,-27.625,311.375,NaN
2021-02-18T12:00:00Z,0.0,-27.625,311.625,27.01
2021-02-18T12:00:00Z,0.0,-27.375,311.125,NaN
2021-02-18T12:00:00Z,0.0,-27.375,311.375,NaN
2021-02-18T12:00:00Z,0.0,-27.375,311.625,26.99
2021-02-19T12:00:00Z,0.0,-27.875,311.125,NaN
2021-02-19T12:00:00Z,0.0,-27.875,311.375,NaN
2021-02-19T12:00:00Z,0.0,-27.875,311.625,26.97
2021-02-19T12:00:00Z,0.0,-27.625,311.125,NaN
2021-02-19T12:00:00Z,0.0,-27.625,311.375,NaN
2021-02-19T12:00:00Z,0.0,-27.625,311.625,27.05
2021-02-19T12:00:00Z,0.0,-27.375,311.125,NaN
2021-02-19T12:00:00Z,0.0,-27.375,311.375,NaN
2021-02-19T12:00:00Z,0.0,-27.375,311.625,27.039999
2021-02-20T12:00:00Z,0.0,-27.875,311.125,NaN
2021-02-20T12:00:00Z,0.0,-27.875,311.375,NaN
2021-02-20T12:00:00Z,0.0,-27.875,311.625,27.099998
2021-02-20T12:00:00Z,0.0,-27.625,311.125,NaN
2021-02-20T12:00:00Z,0.0,-27.625,311.375,NaN
2021-02-20T12:00:00Z,0.0,-27.625,311.625,27.109999
2021-02-20T12:00:00Z,0.0,-27.375,311.125,NaN
2021-02-20T12:00:00Z,0.0,-27.375,311.375,NaN
2021-02-20T12:00:00Z,0.0,-27.375,311.625,27.05
2021-02-21T12:00:00Z,0.0,-27.875,311.125,NaN
2021-02-21T12:00:00Z,0.0,-27.875,311.375,NaN
2021-02-21T12:00:00Z,0.0,-27.875,311.625,27.189999
2021-02-21T12:00:00Z,0.0,-27.625,311.125,NaN
2021-02-21T12:00:00Z,0.0,-27.625,311.375,NaN
2021-02-21T12:00:00Z,0.0,-27.625,311.625,27.199999
2021-02-21T12:00:00Z,0.0,-27.375,311.125,NaN
2021-02-21T12:00:00Z,0.0,-27.375,311.375,NaN
2021-02-21T12:00:00Z,0.0,-27.375,311.625,27.16
2021-02-22T12:00:00Z,0.0,-27.875,311.125,NaN
2021-02-22T12:00:00Z,0.0,-27.875,311.375,NaN
2021-02-22T12:00:00Z,0.0,-27.875,311.625,27.08
2021-02-22T12:00:00Z,0.0,-27.625,311.125,NaN
2021-02-22T12:00:00Z,0.0,-27.625,311.375,NaN
2021-02-22T12:00:00Z,0.0,-27.625,311.625,27.13
2021-02-22T12:00:00Z,0.0,-27.375,311.125,NaN
2021-02-22T12:00:00Z,0.0,-27.375,311.375,NaN
2021-02-22T12:00:00Z,0.0,-27.375,311.625,27.21
2021-02-23T12:00:00Z,0.0,-27.875,311.125,NaN
2021-02-23T12:00:00Z,0.0,-27.875,311.375,NaN
2021-02-23T12:00:00Z,0.0,-27.875,311.625,26.789999
2021-02-23T12:00:00Z,0.0,-27.625,311.125,NaN
2021-02-23T12:00:00Z,0.0,-27.625,311.375,NaN
2021-02-23T12:00:00Z,0.0,-27.625,311.625,26.9
2021-02-23T12:00:00Z,0.0,-27.375,311.125,NaN
2021-02-23T12:00:00Z,0.0,-27.375,311.375,NaN
2021-02-23T12:00:00Z,0.0,-27.375,311.625,27.05
2021-02-24T12:00:00Z,0.0,-27.875,311.125,NaN
2021-02-24T12:00:00Z,0.0,-27.875,311.375,NaN
2021-02-24T12:00:00Z,0.0,-27.875,311.625,26.67
2021-02-24T12:00:00Z,0.0,-27.625,311.125,NaN
2021-02-24T12:00:00Z,0.0,-27.625,311.375,NaN
2021-02-24T12:00:00Z,0.0,-27.625,311.625,26.789999
2021-02-24T12:00:00Z,0.0,-27.375,311.125,NaN
2021-02-24T12:00:00Z,0.0,-27.375,311.375,NaN
2021-02-24T12:00:00Z,0.0,-27.375,311.625,26.97
2021-02-25T12:00:00Z,0.0,-27.875,311.125,NaN
2021-02-25T12:00:00Z,0.0,-27.875,311.375,NaN
2021-02-25T12:00:00Z,0.0,-27.875,311.625,26.56
2021-02-25T12:00:00Z,0.0,-27.625,311.125,NaN
2021-02-25T12:00:00Z,0.0,-27.625,311.375,NaN
2021-02-25T12:00:00Z,0.0,-27.625,311.625,26.689999
2021-02-25T12:00:00Z,0.0,-27.375,311.125,NaN
2021-02-25T12:00:00Z,0.0,-27.375,311.375,NaN
2021-02-25T12:00:00Z,0.0,-27.375,311.625,26.869999
2021-02-26T12:00:00Z,0.0,-27.875,311.125,NaN
2021-02-26T12:00:00Z,0.0,-27.875,311.375,NaN
2021-02-26T12:00:00Z,0.0,-27.875,311.625,26.22
2021-02-26T12:00:00Z,0.0,-27.625,311.125,NaN
2021-02-26T12:00:00Z,0.0,-27.625,311.375,NaN
2021-02-26T12:00:00Z,0.0,-27.625,311.625,26.39
2021-02-26T12:00:00Z,0.0,-27.375,311.125,NaN
2021-02-26T12:00:00Z,0.0,-27.375,311.375,NaN
2021-02-26T12:00:00Z,0.0,-27.375,311.625,26.57
2021-02-27T12:00:00Z,0.0,-27.875,311.125,NaN
2021-02-27T12:00:00Z,0.0,-27.875,311.375,NaN
2021-02-27T12:00:00Z,0.0,-27.875,311.625,26.189999
2021-02-27T12:00:00Z,0.0,-27.625,311.125,NaN
2021-02-27T12:00:00Z,0.0,-27.625,311.375,NaN
2021-02-27T12:00:00Z,0.0,-27.625,311.625,26.39
2021-02-27T12:00:00Z,0.0,-27.375,311.125,NaN
2021-02-27T12:00:00Z,0.0,-27.375,311.375,NaN
2021-02-27T12:00:00Z,0.0,-27.375,311.625,26.55
2021-02-28T12:00:00Z,0.0,-27.875,311.125,NaN
2021-02-28T12:00:00Z,0.0,-27.875,311.375,NaN
2021-02-28T12:00:00Z,0.0,-27.875,311.625,26.22
2021-02-28T12:00:00Z,0.0,-27.625,311.125,NaN
2021-02-28T12:00:00Z,0.0,-27.625,311.375,NaN
2021-02-28T12:00:00Z,0.0,-27.625,311.625,26.4
2021-02-28T12:00:00Z,0.0,-27.375,311.125,NaN
2021-02-28T12:00:00Z,0.0,-27.375,311.375,NaN
2021-02-28T12:00:00Z,0.0,-27.375,311.625,26.55
2021-03-01T12:00:00Z,0.0,-27.875,311.125,NaN
2021-03-01T12:00:00Z,0.0,-27.875,311.375,NaN
2021-03-01T12:00:00Z,0.0,-27.875,311.625,26.21
2021-03-01T12:00:00Z,0.0,-27.625,311.125,NaN
2021-03-01T12:00:00Z,0.0,-27.625,311.375,NaN
2021-03-01T12:00:00Z,0.0,-27.625,311.625,26.39
2021-03-01T12:00:00Z,0.0,-27.375,311.125,NaN
2021-03-01T12:00:00Z,0.0,-27.375,311.375,NaN
2021-03-01T12:00:00Z,0.0,-27.375,311.625,26.529999
2021-03-02T12:00:00Z,0.0,-27.875,311.125,NaN
2021-03-02T12:00:00Z,0.0,-27.875,311.375,NaN
2021-03-02T12:00:00Z,0.0,-27.875,311.625,26.48
2021-03-02T12:00:00Z,0.0,-27.625,311.125,NaN
2021-03-02T12:00:00Z,0.0,-27.625,311.375,NaN
2021-03-02T12:00:00Z,0.0,-27.625,311.625,26.63
2021-03-02T12:00:00Z,0.0,-27.375,311.125,NaN
2021-03-02T12:00:00Z,0.0,-27.375,311.375,NaN
2021-03-02T12:00:00Z,0.0,-27.375,311.625,26.73
2021-03-03T12:00:00Z,0.0,-27.875,311.125,NaN
2021-03-03T12:00:00Z,0.0,-27.875,311.375,NaN
2021-03-03T12:00:00Z,0.0,-27.875,311.625,26.529999
2021-03-03T12:00:00Z,0.0,-27.625,311.125,NaN
2021-03-03T12:00:00Z,0.0,-27.625,311.375,NaN
2021-03-03T12:00:00Z,0.0,-27.625,311.625,26.67
2021-03-03T12:00:00Z,0.0,-27.375,311.125,NaN
2021-03-03T12:00:00Z,0.0,-27.375,311.375,NaN
2021-03-03T12:00:00Z,0.0,-27.375,311.625,26.76
2021-03-04T12:00:00Z,0.0,-27.875,311.125,NaN
2021-03-04T12:00:00Z,0.0,-27.875,311.375,NaN
2021-03-04T12:00:00Z,0.0,-27.875,311.625,26.519999
2021-03-04T12:00:00Z,0.0,-27.625,311.125,NaN
2021-03-04T12:00:00Z,0.0,-27.625,311.375,NaN
2021-03-04T12:00:00Z,0.0,-27.625,311.625,26.65
2021-03-04T12:00:00Z,0.0,-27.375,311.125,NaN
2021-03-04T12:00:00Z,0.0,-27.375,311.375,NaN
2021-03-04T12:00:00Z,0.0,-27.375,311.625,26.74
2021-03-05T12:00:00Z,0.0,-27.875,311.125,NaN
2021-03-05T12:00:00Z,0.0,-27.875,311.375,NaN
2021-03-05T12:00:00Z,0.0,-27.875,311.625,26.55
2021-03-05T12:00:00Z,0.0,-27.625,311.125,NaN
2021-03-05T12:00:00Z,0.0,-27.625,311.375,NaN
2021-03-05T12:00:00Z,0.0,-27.625,311.625,26.619999
2021-03-05T12:00:00Z,0.0,-27.375,311.125,NaN
2021-03-05T12:00:00Z,0.0,-27.375,311.375,NaN
2021-03-05T12:00:00Z,0.0,-27.375,311.625,26.68
2021-03-06T12:00:00Z,0.0,-27.875,311.125,NaN
2021-03-06T12:00:00Z,0.0,-27.875,311.375,NaN
2021-03-06T12:00:00Z,0.0,-27.875,311.625,26.519999
2021-03-06T12:00:00Z,0.0,-27.625,311.125,NaN
2021-03-06T12:00:00Z,0.0,-27.625,311.375,NaN
2021-03-06T12:00:00Z,0.0,-27.625,311.625,26.55
2021-03-06T12:00:00Z,0.0,-27.375,311.125,NaN
2021-03-06T12:00:00Z,0.0,-27.375,311.375,NaN
2021-03-06T12:00:00Z,0.0,-27.375,311.625,26.599998
2021-03-07T12:00:00Z,0.0,-27.875,311.125,NaN
2021-03-07T12:00:00Z,0.0,-27.875,311.375,NaN
2021-03-07T12:00:00Z,0.0,-27.875,311.625,26.58
2021-03-07T12:00:00Z,0.0,-27.625,311.125,NaN
2021-03-07T12:00:00Z,0.0,-27.625,311.375,NaN
2021-03-07T12:00:00Z,0.0,-27.625,311.625,26.59
2021-03-07T12:00:00Z,0.0,-27.375,311.125,NaN
2021-03-07T12:00:00Z,0.0,-27.375,311.375,NaN
2021-03-07T12:00:00Z,0.0,-27.375,311.625,26.63
2021-03-08T12:00:00Z,0.0,-27.875,311.125,NaN
2021-03-08T12:00:00Z,0.0,-27.875,311.375,NaN
2021-03-08T12:00:00Z,0.0,-27.875,311.625,26.46
2021-03-08T12:00:00Z,0.0,-27.625,311.125,NaN
2021-03-08T12:00:00Z,0.0,-27.625,311.375,NaN
2021-03-08T12:00:00Z,0.0,-27.625,311.625,26.5
2021-03-08T12:00:00Z,0.0,-27.375,311.125,NaN
2021-03-08T12:00:00Z,0.0,-27.375,311.375,NaN
2021-03-08T12:00:00Z,0.0,-27.375,311.625,26.57
2021-03-09T12:00:00Z,0.0,-27.875,311.125,NaN
2021-03-09T12:00:00Z,0.0,-27.875,311.375,NaN
2021-03-09T12:00:00Z,0.0,-27.875,311.625,26.39
2021-03-09T12:00:00Z,0.0,-27.625,311.125,NaN
2021-03-09T12:00:00Z,0.0,-27.625,311.375,NaN
2021-03-09T12:00:00Z,0.0,-27.625,311.625,26.42
2021-03-09T12:00:00Z,0.0,-27.375,311.125,NaN
2021-03-09T12:00:00Z,0.0,-27.375,311.375,NaN
2021-03-09T12:00:00Z,0.0,-27.375,311.625,26.48
2021-03-10T12:00:00Z,0.0,-27.875,311.125,NaN
2021-03-10T12:00:00Z,0.0,-27.875,311.375,NaN
2021-03-10T12:00:00Z,0.0,-27.875,311.625,26.26
2021-03-10T12:00:00Z,0.0,-27.625,311.125,NaN
2021-03-10T12:00:00Z,0.0,-27.625,311.375,NaN
2021-03-10T12:00:00Z,0.0,-27.625,311.625,26.269999
2021-03-10T12:00:00Z,0.0,-27.375,311.125,NaN
2021-03-10T12:00:00Z,0.0,-27.375,311.375,NaN
2021-03-10T12:00:00Z,0.0,-27.375,311.625,26.34
2021-03-11T12:00:00Z,0.0,-27.875,311.125,NaN
2021-03-11T12:00:00Z,0.0,-27.875,311.375,NaN
2021-03-11T12:00:00Z,0.0,-27.875,311.625,26.33
2021-03-11T12:00:00Z,0.0,-27.625,311.125,NaN
2021-03-11T12:00:00Z,0.0,-27.625,311.375,NaN
2021-03-11T12:00:00Z,0.0,-27.625,311.625,26.26
2021-03-11T12:00:00Z,0.0,-27.375,311.125,NaN
2021-03-11T12:00:00Z,0.0,-27.375,311.375,NaN
2021-03-11T12:00:00Z,0.0,-27.375,311.625,26.25
2021-03-12T12:00:00Z,0.0,-27.875,311.125,NaN
2021-03-12T12:00:00Z,0.0,-27.875,311.375,NaN
2021-03-12T12:00:00Z,0.0,-27.875,311.625,26.23
2021-03-12T12:00:00Z,0.0,-27.625,311.125,NaN
2021-03-12T12:00:00Z,0.0,-27.625,311.375,NaN
2021-03-12T12:00:00Z,0.0,-27.625,311.625,26.14
2021-03-12T12:00:00Z,0.0,-27.375,311.125,NaN
2021-03-12T12:00:00Z,0.0,-27.375,311.375,NaN
2021-03-12T12:00:00Z,0.0,-27.375,311.625,26.09
2021-03-13T12:00:00Z,0.0,-27.875,311.125,NaN
2021-03-13T12:00:00Z,0.0,-27.875,311.375,NaN
2021-03-13T12:00:00Z,0.0,-27.875,311.625,25.97
2021-03-13T12:00:00Z,0.0,-27.625,311.125,NaN
2021-03-13T12:00:00Z,0.0,-27.625,311.375,NaN
2021-03-13T12:00:00Z,0.0,-27.625,311.625,25.89
2021-03-13T12:00:00Z,0.0,-27.375,311.125,NaN
2021-03-13T12:00:00Z,0.0,-27.375,311.375,NaN
2021-03-13T12:00:00Z,0.0,-27.375,311.625,25.869999
2021-03-14T12:00:00Z,0.0,-27.875,311.125,NaN
2021-03-14T12:00:00Z,0.0,-27.875,311.375,NaN
2021-03-14T12:00:00Z,0.0,-27.875,311.625,26.119999
2021-03-14T12:00:00Z,0.0,-27.625,311.125,NaN
2021-03-14T12:00:00Z,0.0,-27.625,311.375,NaN
2021-03-14T12:00:00Z,0.0,-27.625,311.625,26.13
2021-03-14T12:00:00Z,0.0,-27.375,311.125,NaN
2021-03-14T12:00:00Z,0.0,-27.375,311.375,NaN
2021-03-14T12:00:00Z,0.0,-27.375,311.625,26.18
2021-03-15T12:00:00Z,0.0,-27.875,311.125,NaN
2021-03-15T12:00:00Z,0.0,-27.875,311.375,NaN
2021-03-15T12:00:00Z,0.0,-27.875,311.625,26.31
2021-03-15T12:00:00Z,0.0,-27.625,311.125,NaN
2021-03-15T12:00:00Z,0.0,-27.625,311.375,NaN
2021-03-15T12:00:00Z,0.0,-27.625,311.625,26.38
2021-03-15T12:00:00Z,0.0,-27.375,311.125,NaN
2021-03-15T12:00:00Z,0.0,-27.375,311.375,NaN
2021-03-15T12:00:00Z,0.0,-27.375,311.625,26.449999
2021-03-16T12:00:00Z,0.0,-27.875,311.125,NaN
2021-03-16T12:00:00Z,0.0,-27.875,311.375,NaN
2021-03-16T12:00:00Z,0.0,-27.875,311.625,26.43
2021-03-16T12:00:00Z,0.0,-27.625,311.125,NaN
2021-03-16T12:00:00Z,0.0,-27.625,311.375,NaN
2021-03-16T12:00:00Z,0.0,-27.625,311.625,26.51
2021-03-16T12:00:00Z,0.0,-27.375,311.125,NaN
2021-03-16T12:00:00Z,0.0,-27.375,311.375,NaN
2021-03-16T12:00:00Z,0.0,-27.375,311.625,26.58
2021-03-17T12:00:00Z,0.0,-27.875,311.125,NaN
2021-03-17T12:00:00Z,0.0,-27.875,311.375,NaN
2021-03-17T12:00:00Z,0.0,-27.875,311.625,26.449999
2021-03-17T12:00:00Z,0.0,-27.625,311.125,NaN
2021-03-17T12:00:00Z,0.0,-27.625,311.375,NaN
2021-03-17T12:00:00Z,0.0,-27.625,311.625,26.519999
2021-03-17T12:00:00Z,0.0,-27.375,311.125,NaN
2021-03-17T12:00:00Z,0.0,-27.375,311.375,NaN
2021-03-17T12:00:00Z,0.0,-27.375,311.625,26.609999
2021-03-18T12:00:00Z,0.0,-27.875,311.125,NaN
2021-03-18T12:00:00Z,0.0,-27.875,311.375,NaN
2021-03-18T12:00:00Z,0.0,-27.875,311.625,26.24
2021-03-18T12:00:00Z,0.0,-27.625,311.125,NaN
2021-03-18T12:00:00Z,0.0,-27.625,311.375,NaN
2021-03-18T12:00:00Z,0.0,-27.625,311.625,26.289999
2021-03-18T12:00:00Z,0.0,-27.375,311.125,NaN
2021-03-18T12:00:00Z,0.0,-27.375,311.375,NaN
2021-03-18T12:00:00Z,0.0,-27.375,311.625,26.439999
2021-03-19T12:00:00Z,0.0,-27.875,311.125,NaN
2021-03-19T12:00:00Z,0.0,-27.875,311.375,NaN
2021-03-19T12:00:00Z,0.0,-27.875,311.625,26.21
2021-03-19T12:00:00Z,0.0,-27.625,311.125,NaN
2021-03-19T12:00:00Z,0.0,-27.625,311.375,NaN
2021-03-19T12:00:00Z,0.0,-27.625,311.625,26.24
2021-03-19T12:00:00Z,0.0,-27.375,311.125,NaN
2021-03-19T12:00:00Z,0.0,-27.375,311.375,NaN
2021-03-19T12:00:00Z,0.0,-27.375,311.625,26.369999
2021-03-20T12:00:00Z,0.0,-27.875,311.125,NaN
2021-03-20T12:00:00Z,0.0,-27.875,311.375,NaN
2021-03-20T12:00:00Z,0.0,-27.875,311.625,26.369999
2021-03-20T12:00:00Z,0.0,-27.625,311.125,NaN
2021-03-20T12:00:00Z,0.0,-27.625,311.375,NaN
2021-03-20T12:00:00Z,0.0,-27.625,311.625,26.359999
2021-03-20T12:00:00Z,0.0,-27.375,311.125,NaN
2021-03-20T12:00:00Z,0.0,-27.375,311.375,NaN
2021-03-20T12:00:00Z,0.0,-27.375,311.625,26.439999
2021-03-21T12:00:00Z,0.0,-27.875,311.125,NaN
2021-03-21T12:00:00Z,0.0,-27.875,311.375,NaN
2021-03-21T12:00:00Z,0.0,-27.875,311.625,26.46
2021-03-21T12:00:00Z,0.0,-27.625,311.125,NaN
2021-03-21T12:00:00Z,0.0,-27.625,311.375,NaN
2021-03-21T12:00:00Z,0.0,-27.625,311.625,26.439999
2021-03-21T12:00:00Z,0.0,-27.375,311.125,NaN
2021-03-21T12:00:00Z,0.0,-27.375,311.375,NaN
2021-03-21T12:00:00Z,0.0,-27.375,311.625,26.47
2021-03-22T12:00:00Z,0.0,-27.875,311.125,NaN
2021-03-22T12:00:00Z,0.0,-27.875,311.375,NaN
2021-03-22T12:00:00Z,0.0,-27.875,311.625,26.51
2021-03-22T12:00:00Z,0.0,-27.625,311.125,NaN
2021-03-22T12:00:00Z,0.0,-27.625,311.375,NaN
2021-03-22T12:00:00Z,0.0,-27.625,311.625,26.49
2021-03-22T12:00:00Z,0.0,-27.375,311.125,NaN
2021-03-22T12:00:00Z,0.0,-27.375,311.375,NaN
2021-03-22T12:00:00Z,0.0,-27.375,311.625,26.49
2021-03-23T12:00:00Z,0.0,-27.875,311.125,NaN
2021-03-23T12:00:00Z,0.0,-27.875,311.375,NaN
2021-03-23T12:00:00Z,0.0,-27.875,311.625,26.63
2021-03-23T12:00:00Z,0.0,-27.625,311.125,NaN
2021-03-23T12:00:00Z,0.0,-27.625,311.375,NaN
2021-03-23T12:00:00Z,0.0,-27.625,311.625,26.66
2021-03-23T12:00:00Z,0.0,-27.375,311.125,NaN
2021-03-23T12:00:00Z,0.0,-27.375,311.375,NaN
2021-03-23T12:00:00Z,0.0,-27.375,311.625,26.699999
2021-03-24T12:00:00Z,0.0,-27.875,311.125,NaN
2021-03-24T12:00:00Z,0.0,-27.875,311.375,NaN
2021-03-24T12:00:00Z,0.0,-27.875,311.625,26.55
2021-03-24T12:00:00Z,0.0,-27.625,311.125,NaN
2021-03-24T12:00:00Z,0.0,-27.625,311.375,NaN
2021-03-24T12:00:00Z,0.0,-27.625,311.625,26.64
2021-03-24T12:00:00Z,0.0,-27.375,311.125,NaN
2021-03-24T12:00:00Z,0.0,-27.375,311.375,NaN
2021-03-24T12:00:00Z,0.0,-27.375,311.625,26.689999
2021-03-25T12:00:00Z,0.0,-27.875,311.125,NaN
2021-03-25T12:00:00Z,0.0,-27.875,311.375,NaN
2021-03-25T12:00:00Z,0.0,-27.875,311.625,26.539999
2021-03-25T12:00:00Z,0.0,-27.625,311.125,NaN
2021-03-25T12:00:00Z,0.0,-27.625,311.375,NaN
2021-03-25T12:00:00Z,0.0,-27.625,311.625,26.609999
2021-03-25T12:00:00Z,0.0,-27.375,311.125,NaN
2021-03-25T12:00:00Z,0.0,-27.375,311.375,NaN
2021-03-25T12:00:00Z,0.0,-27.375,311.625,26.65
2021-03-26T12:00:00Z,0.0,-27.875,311.125,NaN
2021-03-26T12:00:00Z,0.0,-27.875,311.375,NaN
2021-03-26T12:00:00Z,0.0,-27.875,311.625,26.75
2021-03-26T12:00:00Z,0.0,-27.625,311.125,NaN
2021-03-26T12:00:00Z,0.0,-27.625,311.375,NaN
2021-03-26T12:00:00Z,0.0,-27.625,311.625,26.779999
2021-03-26T12:00:00Z,0.0,-27.375,311.125,NaN
2021-03-26T12:00:00Z,0.0,-27.375,311.375,NaN
2021-03-26T12:00:00Z,0.0,-27.375,311.625,26.74
2021-03-27T12:00:00Z,0.0,-27.875,311.125,NaN
2021-03-27T12:00:00Z,0.0,-27.875,311.375,NaN
2021-03-27T12:00:00Z,0.0,-27.875,311.625,26.8
2021-03-27T12:00:00Z,0.0,-27.625,311.125,NaN
2021-03-27T12:00:00Z,0.0,-27.625,311.375,NaN
2021-03-27T12:00:00Z,0.0,-27.625,311.625,26.83
2021-03-27T12:00:00Z,0.0,-27.375,311.125,NaN
2021-03-27T12:00:00Z,0.0,-27.375,311.375,NaN
2021-03-27T12:00:00Z,0.0,-27.375,311.625,26.789999
2021-03-28T12:00:00Z,0.0,-27.875,311.125,NaN
2021-03-28T12:00:00Z,0.0,-27.875,311.375,NaN
2021-03-28T12:00:00Z,0.0,-27.875,311.625,26.769999
2021-03-28T12:00:00Z,0.0,-27.625,311.125,NaN
2021-03-28T12:00:00Z,0.0,-27.625,311.375,NaN
2021-03-28T12:00:00Z,0.0,-27.625,311.625,26.849998
2021-03-28T12:00:00Z,0.0,-27.375,311.125,NaN
2021-03-28T12:00:00Z,0.0,-27.375,311.375,NaN
2021-03-28T12:00:00Z,0.0,-27.375,311.625,26.859999
2021-03-29T12:00:00Z,0.0,-27.875,311.125,NaN
2021-03-29T12:00:00Z,0.0,-27.875,311.375,NaN
2021-03-29T12:00:00Z,0.0,-27.875,311.625,26.699999
2021-03-29T12:00:00Z,0.0,-27.625,311.125,NaN
2021-03-29T12:00:00Z,0.0,-27.625,311.375,NaN
2021-03-29T12:00:00Z,0.0,-27.625,311.625,26.82
2021-03-29T12:00:00Z,0.0,-27.375,311.125,NaN
2021-03-29T12:00:00Z,0.0,-27.375,311.375,NaN
2021-03-29T12:00:00Z,0.0,-27.375,311.625,26.84
2021-03-30T12:00:00Z,0.0,-27.875,311.125,NaN
2021-03-30T12:00:00Z,0.0,-27.875,311.375,NaN
2021-03-30T12:00:00Z,0.0,-27.875,311.625,26.689999
2021-03-30T12:00:00Z,0.0,-27.625,311.125,NaN
2021-03-30T12:00:00Z,0.0,-27.625,311.375,NaN
2021-03-30T12:00:00Z,0.0,-27.625,311.625,26.8
2021-03-30T12:00:00Z,0.0,-27.375,311.125,NaN
2021-03-30T12:00:00Z,0.0,-27.375,311.375,NaN
2021-03-30T12:00:00Z,0.0,-27.375,311.625,26.8
2021-03-31T12:00:00Z,0.0,-27.875,311.125,NaN
2021-03-31T12:00:00Z,0.0,-27.875,311.375,NaN
2021-03-31T12:00:00Z,0.0,-27.875,311.625,26.599998
2021-03-31T12:00:00Z,0.0,-27.625,311.125,NaN
2021-03-31T12:00:00Z,0.0,-27.625,311.375,NaN
2021-03-31T12:00:00Z,0.0,-27.625,311.625,26.75
2021-03-31T12:00:00Z,0.0,-27.375,311.125,NaN
2021-03-31T12:00:00Z,0.0,-27.375,311.375,NaN
2021-03-31T12:00:00Z,0.0,-27.375,311.625,26.75
2021-04-01T12:00:00Z,0.0,-27.875,311.125,NaN
2021-04-01T12:00:00Z,0.0,-27.875,311.375,NaN
2021-04-01T12:00:00Z,0.0,-27.875,311.625,26.07
2021-04-01T12:00:00Z,0.0,-27.625,311.125,NaN
2021-04-01T12:00:00Z,0.0,-27.625,311.375,NaN
2021-04-01T12:00:00Z,0.0,-27.625,311.625,26.18
2021-04-01T12:00:00Z,0.0,-27.375,311.125,NaN
2021-04-01T12:00:00Z,0.0,-27.375,311.375,NaN
2021-04-01T12:00:00Z,0.0,-27.375,311.625,26.25
2021-04-02T12:00:00Z,0.0,-27.875,311.125,NaN
2021-04-02T12:00:00Z,0.0,-27.875,311.375,NaN
2021-04-02T12:00:00Z,0.0,-27.875,311.625,25.49
2021-04-02T12:00:00Z,0.0,-27.625,311.125,NaN
2021-04-02T12:00:00Z,0.0,-27.625,311.375,NaN
2021-04-02T12:00:00Z,0.0,-27.625,311.625,25.519999
2021-04-02T12:00:00Z,0.0,-27.375,311.125,NaN
2021-04-02T12:00:00Z,0.0,-27.375,311.375,NaN
2021-04-02T12:00:00Z,0.0,-27.375,311.625,25.58
2021-04-03T12:00:00Z,0.0,-27.875,311.125,NaN
2021-04-03T12:00:00Z,0.0,-27.875,311.375,NaN
2021-04-03T12:00:00Z,0.0,-27.875,311.625,25.33
2021-04-03T12:00:00Z,0.0,-27.625,311.125,NaN
2021-04-03T12:00:00Z,0.0,-27.625,311.375,NaN
2021-04-03T12:00:00Z,0.0,-27.625,311.625,25.35
2021-04-03T12:00:00Z,0.0,-27.375,311.125,NaN
2021-04-03T12:00:00Z,0.0,-27.375,311.375,NaN
2021-04-03T12:00:00Z,0.0,-27.375,311.625,25.46
2021-04-04T12:00:00Z,0.0,-27.875,311.125,NaN
2021-04-04T12:00:00Z,0.0,-27.875,311.375,NaN
2021-04-04T12:00:00Z,0.0,-27.875,311.625,25.23
2021-04-04T12:00:00Z,0.0,-27.625,311.125,NaN
2021-04-04T12:00:00Z,0.0,-27.625,311.375,NaN
2021-04-04T12:00:00Z,0.0,-27.625,311.625,25.24
2021-04-04T12:00:00Z,0.0,-27.375,311.125,NaN
2021-04-04T12:00:00Z,0.0,-27.375,311.375,NaN
2021-04-04T12:00:00Z,0.0,-27.375,311.625,25.369999
2021-04-05T12:00:00Z,0.0,-27.875,311.125,NaN
2021-04-05T12:00:00Z,0.0,-27.875,311.375,NaN
2021-04-05T12:00:00Z,0.0,-27.875,311.625,25.21
2021-04-05T12:00:00Z,0.0,-27.625,311.125,NaN
2021-04-05T12:00:00Z,0.0,-27.625,311.375,NaN
2021-04-05T12:00:00Z,0.0,-27.625,311.625,25.24
2021-04-05T12:00:00Z,0.0,-27.375,311.125,NaN
2021-04-05T12:00:00Z,0.0,-27.375,311.375,NaN
2021-04-05T12:00:00Z,0.0,-27.375,311.625,25.38
2021-04-06T12:00:00Z,0.0,-27.875,311.125,NaN
2021-04-06T12:00:00Z,0.0,-27.875,311.375,NaN
2021-04-06T12:00:00Z,0.0,-27.875,311.625,25.42
2021-04-06T12:00:00Z,0.0,-27.625,311.125,NaN
2021-04-06T12:00:00Z,0.0,-27.625,311.375,NaN
2021-04-06T12:00:00Z,0.0,-27.625,311.625,25.439999
2021-04-06T12:00:00Z,0.0,-27.375,311.125,NaN
2021-04-06T12:00:00Z,0.0,-27.375,311.375,NaN
2021-04-06T12:00:00Z,0.0,-27.375,311.625,25.55
2021-04-07T12:00:00Z,0.0,-27.875,311.125,NaN
2021-04-07T12:00:00Z,0.0,-27.875,311.375,NaN
2021-04-07T12:00:00Z,0.0,-27.875,311.625,25.47
2021-04-07T12:00:00Z,0.0,-27.625,311.125,NaN
2021-04-07T12:00:00Z,0.0,-27.625,311.375,NaN
2021-04-07T12:00:00Z,0.0,-27.625,311.625,25.51
2021-04-07T12:00:00Z,0.0,-27.375,311.125,NaN
2021-04-07T12:00:00Z,0.0,-27.375,311.375,NaN
2021-04-07T12:00:00Z,0.0,-27.375,311.625,25.63
2021-04-08T12:00:00Z,0.0,-27.875,311.125,NaN
2021-04-08T12:00:00Z,0.0,-27.875,311.375,NaN
2021-04-08T12:00:00Z,0.0,-27.875,311.625,25.39
2021-04-08T12:00:00Z,0.0,-27.625,311.125,NaN
2021-04-08T12:00:00Z,0.0,-27.625,311.375,NaN
2021-04-08T12:00:00Z,0.0,-27.625,311.625,25.48
2021-04-08T12:00:00Z,0.0,-27.375,311.125,NaN
2021-04-08T12:00:00Z,0.0,-27.375,311.375,NaN
2021-04-08T12:00:00Z,0.0,-27.375,311.625,25.619999
2021-04-09T12:00:00Z,0.0,-27.875,311.125,NaN
2021-04-09T12:00:00Z,0.0,-27.875,311.375,NaN
2021-04-09T12:00:00Z,0.0,-27.875,311.625,25.38
2021-04-09T12:00:00Z,0.0,-27.625,311.125,NaN
2021-04-09T12:00:00Z,0.0,-27.625,311.375,NaN
2021-04-09T12:00:00Z,0.0,-27.625,311.625,25.47
2021-04-09T12:00:00Z,0.0,-27.375,311.125,NaN
2021-04-09T12:00:00Z,0.0,-27.375,311.375,NaN
2021-04-09T12:00:00Z,0.0,-27.375,311.625,25.609999
2021-04-10T12:00:00Z,0.0,-27.875,311.125,NaN
2021-04-10T12:00:00Z,0.0,-27.875,311.375,NaN
2021-04-10T12:00:00Z,0.0,-27.875,311.625,25.38
2021-04-10T12:00:00Z,0.0,-27.625,311.125,NaN
2021-04-10T12:00:00Z,0.0,-27.625,311.375,NaN
2021-04-10T12:00:00Z,0.0,-27.625,311.625,25.47
2021-04-10T12:00:00Z,0.0,-27.375,311.125,NaN
2021-04-10T12:00:00Z,0.0,-27.375,311.375,NaN
2021-04-10T12:00:00Z,0.0,-27.375,311.625,25.599998
2021-04-11T12:00:00Z,0.0,-27.875,311.125,NaN
2021-04-11T12:00:00Z,0.0,-27.875,311.375,NaN
2021-04-11T12:00:00Z,0.0,-27.875,311.625,25.699999
2021-04-11T12:00:00Z,0.0,-27.625,311.125,NaN
2021-04-11T12:00:00Z,0.0,-27.625,311.375,NaN
2021-04-11T12:00:00Z,0.0,-27.625,311.625,25.81
2021-04-11T12:00:00Z,0.0,-27.375,311.125,NaN
2021-04-11T12:00:00Z,0.0,-27.375,311.375,NaN
2021-04-11T12:00:00Z,0.0,-27.375,311.625,25.939999
2021-04-12T12:00:00Z,0.0,-27.875,311.125,NaN
2021-04-12T12:00:00Z,0.0,-27.875,311.375,NaN
2021-04-12T12:00:00Z,0.0,-27.875,311.625,25.859999
2021-04-12T12:00:00Z,0.0,-27.625,311.125,NaN
2021-04-12T12:00:00Z,0.0,-27.625,311.375,NaN
2021-04-12T12:00:00Z,0.0,-27.625,311.625,25.97
2021-04-12T12:00:00Z,0.0,-27.375,311.125,NaN
2021-04-12T12:00:00Z,0.0,-27.375,311.375,NaN
2021-04-12T12:00:00Z,0.0,-27.375,311.625,26.099998
2021-04-13T12:00:00Z,0.0,-27.875,311.125,NaN
2021-04-13T12:00:00Z,0.0,-27.875,311.375,NaN
2021-04-13T12:00:00Z,0.0,-27.875,311.625,25.619999
2021-04-13T12:00:00Z,0.0,-27.625,311.125,NaN
2021-04-13T12:00:00Z,0.0,-27.625,311.375,NaN
2021-04-13T12:00:00Z,0.0,-27.625,311.625,25.699999
2021-04-13T12:00:00Z,0.0,-27.375,311.125,NaN
2021-04-13T12:00:00Z,0.0,-27.375,311.375,NaN
2021-04-13T12:00:00Z,0.0,-27.375,311.625,25.81
2021-04-14T12:00:00Z,0.0,-27.875,311.125,NaN
2021-04-14T12:00:00Z,0.0,-27.875,311.375,NaN
2021-04-14T12:00:00Z,0.0,-27.875,311.625,25.51
2021-04-14T12:00:00Z,0.0,-27.625,311.125,NaN
2021-04-14T12:00:00Z,0.0,-27.625,311.375,NaN
2021-04-14T12:00:00Z,0.0,-27.625,311.625,25.57
2021-04-14T12:00:00Z,0.0,-27.375,311.125,NaN
2021-04-14T12:00:00Z,0.0,-27.375,311.375,NaN
2021-04-14T12:00:00Z,0.0,-27.375,311.625,25.689999
2021-04-15T12:00:00Z,0.0,-27.875,311.125,NaN
2021-04-15T12:00:00Z,0.0,-27.875,311.375,NaN
2021-04-15T12:00:00Z,0.0,-27.875,311.625,25.5
2021-04-15T12:00:00Z,0.0,-27.625,311.125,NaN
2021-04-15T12:00:00Z,0.0,-27.625,311.375,NaN
2021-04-15T12:00:00Z,0.0,-27.625,311.625,25.519999
2021-04-15T12:00:00Z,0.0,-27.375,311.125,NaN
2021-04-15T12:00:00Z,0.0,-27.375,311.375,NaN
2021-04-15T12:00:00Z,0.0,-27.375,311.625,25.59
2021-04-16T12:00:00Z,0.0,-27.875,311.125,NaN
2021-04-16T12:00:00Z,0.0,-27.875,311.375,NaN
2021-04-16T12:00:00Z,0.0,-27.875,311.625,25.519999
2021-04-16T12:00:00Z,0.0,-27.625,311.125,NaN
2021-04-16T12:00:00Z,0.0,-27.625,311.375,NaN
2021-04-16T12:00:00Z,0.0,-27.625,311.625,25.539999
2021-04-16T12:00:00Z,0.0,-27.375,311.125,NaN
2021-04-16T12:00:00Z,0.0,-27.375,311.375,NaN
2021-04-16T12:00:00Z,0.0,-27.375,311.625,25.63
2021-04-17T12:00:00Z,0.0,-27.875,311.125,NaN
2021-04-17T12:00:00Z,0.0,-27.875,311.375,NaN
2021-04-17T12:00:00Z,0.0,-27.875,311.625,25.359999
2021-04-17T12:00:00Z,0.0,-27.625,311.125,NaN
2021-04-17T12:00:00Z,0.0,-27.625,311.375,NaN
2021-04-17T12:00:00Z,0.0,-27.625,311.625,25.519999
2021-04-17T12:00:00Z,0.0,-27.375,311.125,NaN
2021-04-17T12:00:00Z,0.0,-27.375,311.375,NaN
2021-04-17T12:00:00Z,0.0,-27.375,311.625,25.64
2021-04-18T12:00:00Z,0.0,-27.875,311.125,NaN
2021-04-18T12:00:00Z,0.0,-27.875,311.375,NaN
2021-04-18T12:00:00Z,0.0,-27.875,311.625,25.17
2021-04-18T12:00:00Z,0.0,-27.625,311.125,NaN
2021-04-18T12:00:00Z,0.0,-27.625,311.375,NaN
2021-04-18T12:00:00Z,0.0,-27.625,311.625,25.369999
2021-04-18T12:00:00Z,0.0,-27.375,311.125,NaN
2021-04-18T12:00:00Z,0.0,-27.375,311.375,NaN
2021-04-18T12:00:00Z,0.0,-27.375,311.625,25.48
2021-04-19T12:00:00Z,0.0,-27.875,311.125,NaN
2021-04-19T12:00:00Z,0.0,-27.875,311.375,NaN
2021-04-19T12:00:00Z,0.0,-27.875,311.625,24.98
2021-04-19T12:00:00Z,0.0,-27.625,311.125,NaN
2021-04-19T12:00:00Z,0.0,-27.625,311.375,NaN
2021-04-19T12:00:00Z,0.0,-27.625,311.625,25.14
2021-04-19T12:00:00Z,0.0,-27.375,311.125,NaN
2021-04-19T12:00:00Z,0.0,-27.375,311.375,NaN
2021-04-19T12:00:00Z,0.0,-27.375,311.625,25.269999
2021-04-20T12:00:00Z,0.0,-27.875,311.125,NaN
2021-04-20T12:00:00Z,0.0,-27.875,311.375,NaN
2021-04-20T12:00:00Z,0.0,-27.875,311.625,24.66
2021-04-20T12:00:00Z,0.0,-27.625,311.125,NaN
2021-04-20T12:00:00Z,0.0,-27.625,311.375,NaN
2021-04-20T12:00:00Z,0.0,-27.625,311.625,24.85
2021-04-20T12:00:00Z,0.0,-27.375,311.125,NaN
2021-04-20T12:00:00Z,0.0,-27.375,311.375,NaN
2021-04-20T12:00:00Z,0.0,-27.375,311.625,25.05
2021-04-21T12:00:00Z,0.0,-27.875,311.125,NaN
2021-04-21T12:00:00Z,0.0,-27.875,311.375,NaN
2021-04-21T12:00:00Z,0.0,-27.875,311.625,24.269999
2021-04-21T12:00:00Z,0.0,-27.625,311.125,NaN
2021-04-21T12:00:00Z,0.0,-27.625,311.375,NaN
2021-04-21T12:00:00Z,0.0,-27.625,311.625,24.449999
2021-04-21T12:00:00Z,0.0,-27.375,311.125,NaN
2021-04-21T12:00:00Z,0.0,-27.375,311.375,NaN
2021-04-21T12:00:00Z,0.0,-27.375,311.625,24.65
2021-04-22T12:00:00Z,0.0,-27.875,311.125,NaN
2021-04-22T12:00:00Z,0.0,-27.875,311.375,NaN
2021-04-22T12:00:00Z,0.0,-27.875,311.625,24.17
2021-04-22T12:00:00Z,0.0,-27.625,311.125,NaN
2021-04-22T12:00:00Z,0.0,-27.625,311.375,NaN
2021-04-22T12:00:00Z,0.0,-27.625,311.625,24.42
2021-04-22T12:00:00Z,0.0,-27.375,311.125,NaN
2021-04-22T12:00:00Z,0.0,-27.375,311.375,NaN
2021-04-22T12:00:00Z,0.0,-27.375,311.625,24.64
2021-04-23T12:00:00Z,0.0,-27.875,311.125,NaN
2021-04-23T12:00:00Z,0.0,-27.875,311.375,NaN
2021-04-23T12:00:00Z,0.0,-27.875,311.625,24.119999
2021-04-23T12:00:00Z,0.0,-27.625,311.125,NaN
2021-04-23T12:00:00Z,0.0,-27.625,311.375,NaN
2021-04-23T12:00:00Z,0.0,-27.625,311.625,24.39
2021-04-23T12:00:00Z,0.0,-27.375,311.125,NaN
2021-04-23T12:00:00Z,0.0,-27.375,311.375,NaN
2021-04-23T12:00:00Z,0.0,-27.375,311.625,24.63
2021-04-24T12:00:00Z,0.0,-27.875,311.125,NaN
2021-04-24T12:00:00Z,0.0,-27.875,311.375,NaN
2021-04-24T12:00:00Z,0.0,-27.875,311.625,24.16
2021-04-24T12:00:00Z,0.0,-27.625,311.125,NaN
2021-04-24T12:00:00Z,0.0,-27.625,311.375,NaN
2021-04-24T12:00:00Z,0.0,-27.625,311.625,24.49
2021-04-24T12:00:00Z,0.0,-27.375,311.125,NaN
2021-04-24T12:00:00Z,0.0,-27.375,311.375,NaN
2021-04-24T12:00:00Z,0.0,-27.375,311.625,24.609999
2021-04-25T12:00:00Z,0.0,-27.875,311.125,NaN
2021-04-25T12:00:00Z,0.0,-27.875,311.375,NaN
2021-04-25T12:00:00Z,0.0,-27.875,311.625,24.22
2021-04-25T12:00:00Z,0.0,-27.625,311.125,NaN
2021-04-25T12:00:00Z,0.0,-27.625,311.375,NaN
2021-04-25T12:00:00Z,0.0,-27.625,311.625,24.369999
2021-04-25T12:00:00Z,0.0,-27.375,311.125,NaN
2021-04-25T12:00:00Z,0.0,-27.375,311.375,NaN
2021-04-25T12:00:00Z,0.0,-27.375,311.625,24.41
2021-04-26T12:00:00Z,0.0,-27.875,311.125,NaN
2021-04-26T12:00:00Z,0.0,-27.875,311.375,NaN
2021-04-26T12:00:00Z,0.0,-27.875,311.625,24.09
2021-04-26T12:00:00Z,0.0,-27.625,311.125,NaN
2021-04-26T12:00:00Z,0.0,-27.625,311.375,NaN
2021-04-26T12:00:00Z,0.0,-27.625,311.625,24.199999
2021-04-26T12:00:00Z,0.0,-27.375,311.125,NaN
2021-04-26T12:00:00Z,0.0,-27.375,311.375,NaN
2021-04-26T12:00:00Z,0.0,-27.375,311.625,24.21
2021-04-27T12:00:00Z,0.0,-27.875,311.125,NaN
2021-04-27T12:00:00Z,0.0,-27.875,311.375,NaN
2021-04-27T12:00:00Z,0.0,-27.875,311.625,23.82
2021-04-27T12:00:00Z,0.0,-27.625,311.125,NaN
2021-04-27T12:00:00Z,0.0,-27.625,311.375,NaN
2021-04-27T12:00:00Z,0.0,-27.625,311.625,23.939999
2021-04-27T12:00:00Z,0.0,-27.375,311.125,NaN
2021-04-27T12:00:00Z,0.0,-27.375,311.375,NaN
2021-04-27T12:00:00Z,0.0,-27.375,311.625,24.05
2021-04-28T12:00:00Z,0.0,-27.875,311.125,NaN
2021-04-28T12:00:00Z,0.0,-27.875,311.375,NaN
2021-04-28T12:00:00Z,0.0,-27.875,311.625,23.6
2021-04-28T12:00:00Z,0.0,-27.625,311.125,NaN
2021-04-28T12:00:00Z,0.0,-27.625,311.375,NaN
2021-04-28T12:00:00Z,0.0,-27.625,311.625,23.699999
2021-04-28T12:00:00Z,0.0,-27.375,311.125,NaN
2021-04-28T12:00:00Z,0.0,-27.375,311.375,NaN
2021-04-28T12:00:00Z,0.0,-27.375,311.625,23.81
2021-04-29T12:00:00Z,0.0,-27.875,311.125,NaN
2021-04-29T12:00:00Z,0.0,-27.875,311.375,NaN
2021-04-29T12:00:00Z,0.0,-27.875,311.625,23.42
2021-04-29T12:00:00Z,0.0,-27.625,311.125,NaN
2021-04-29T12:00:00Z,0.0,-27.625,311.375,NaN
2021-04-29T12:00:00Z,0.0,-27.625,311.625,23.439999
2021-04-29T12:00:00Z,0.0,-27.375,311.125,NaN
2021-04-29T12:00:00Z,0.0,-27.375,311.375,NaN
2021-04-29T12:00:00Z,0.0,-27.375,311.625,23.55
2021-04-30T12:00:00Z,0.0,-27.875,311.125,NaN
2021-04-30T12:00:00Z,0.0,-27.875,311.375,NaN
2021-04-30T12:00:00Z,0.0,-27.875,311.625,23.13
2021-04-30T12:00:00Z,0.0,-27.625,311.125,NaN
2021-04-30T12:00:00Z,0.0,-27.625,311.375,NaN
2021-04-30T12:00:00Z,0.0,-27.625,311.625,23.09
2021-04-30T12:00:00Z,0.0,-27.375,311.125,NaN
2021-04-30T12:00:00Z,0.0,-27.375,311.375,NaN
2021-04-30T12:00:00Z,0.0,-27.375,311.625,23.18
2021-05-01T12:00:00Z,0.0,-27.875,311.125,NaN
2021-05-01T12:00:00Z,0.0,-27.875,311.375,NaN
2021-05-01T12:00:00Z,0.0,-27.875,311.625,23.019999
2021-05-01T12:00:00Z,0.0,-27.625,311.125,NaN
2021-05-01T12:00:00Z,0.0,-27.625,311.375,NaN
2021-05-01T12:00:00Z,0.0,-27.625,311.625,23.019999
2021-05-01T12:00:00Z,0.0,-27.375,311.125,NaN
2021-05-01T12:00:00Z,0.0,-27.375,311.375,NaN
2021-05-01T12:00:00Z,0.0,-27.375,311.625,23.15
2021-05-02T12:00:00Z,0.0,-27.875,311.125,NaN
2021-05-02T12:00:00Z,0.0,-27.875,311.375,NaN
2021-05-02T12:00:00Z,0.0,-27.875,311.625,23.0
2021-05-02T12:00:00Z,0.0,-27.625,311.125,NaN
2021-05-02T12:00:00Z,0.0,-27.625,311.375,NaN
2021-05-02T12:00:00Z,0.0,-27.625,311.625,23.05
2021-05-02T12:00:00Z,0.0,-27.375,311.125,NaN
2021-05-02T12:00:00Z,0.0,-27.375,311.375,NaN
2021-05-02T12:00:00Z,0.0,-27.375,311.625,23.23
2021-05-03T12:00:00Z,0.0,-27.875,311.125,NaN
2021-05-03T12:00:00Z,0.0,-27.875,311.375,NaN
2021-05-03T12:00:00Z,0.0,-27.875,311.625,22.98
2021-05-03T12:00:00Z,0.0,-27.625,311.125,NaN
2021-05-03T12:00:00Z,0.0,-27.625,311.375,NaN
2021-05-03T12:00:00Z,0.0,-27.625,311.625,23.07
2021-05-03T12:00:00Z,0.0,-27.375,311.125,NaN
2021-05-03T12:00:00Z,0.0,-27.375,311.375,NaN
2021-05-03T12:00:00Z,0.0,-27.375,311.625,23.32
2021-05-04T12:00:00Z,0.0,-27.875,311.125,NaN
2021-05-04T12:00:00Z,0.0,-27.875,311.375,NaN
2021-05-04T12:00:00Z,0.0,-27.875,311.625,22.939999
2021-05-04T12:00:00Z,0.0,-27.625,311.125,NaN
2021-05-04T12:00:00Z,0.0,-27.625,311.375,NaN
2021-05-04T12:00:00Z,0.0,-27.625,311.625,23.08
2021-05-04T12:00:00Z,0.0,-27.375,311.125,NaN
2021-05-04T12:00:00Z,0.0,-27.375,311.375,NaN
2021-05-04T12:00:00Z,0.0,-27.375,311.625,23.38
2021-05-05T12:00:00Z,0.0,-27.875,311.125,NaN
2021-05-05T12:00:00Z,0.0,-27.875,311.375,NaN
2021-05-05T12:00:00Z,0.0,-27.875,311.625,22.98
2021-05-05T12:00:00Z,0.0,-27.625,311.125,NaN
2021-05-05T12:00:00Z,0.0,-27.625,311.375,NaN
2021-05-05T12:00:00Z,0.0,-27.625,311.625,23.1
2021-05-05T12:00:00Z,0.0,-27.375,311.125,NaN
2021-05-05T12:00:00Z,0.0,-27.375,311.375,NaN
2021-05-05T12:00:00Z,0.0,-27.375,311.625,23.38
2021-05-06T12:00:00Z,0.0,-27.875,311.125,NaN
2021-05-06T12:00:00Z,0.0,-27.875,311.375,NaN
2021-05-06T12:00:00Z,0.0,-27.875,311.625,22.529999
2021-05-06T12:00:00Z,0.0,-27.625,311.125,NaN
2021-05-06T12:00:00Z,0.0,-27.625,311.375,NaN
2021-05-06T12:00:00Z,0.0,-27.625,311.625,22.64
2021-05-06T12:00:00Z,0.0,-27.375,311.125,NaN
2021-05-06T12:00:00Z,0.0,-27.375,311.375,NaN
2021-05-06T12:00:00Z,0.0,-27.375,311.625,22.859999
2021-05-07T12:00:00Z,0.0,-27.875,311.125,NaN
2021-05-07T12:00:00Z,0.0,-27.875,311.375,NaN
2021-05-07T12:00:00Z,0.0,-27.875,311.625,22.43
2021-05-07T12:00:00Z,0.0,-27.625,311.125,NaN
2021-05-07T12:00:00Z,0.0,-27.625,311.375,NaN
2021-05-07T12:00:00Z,0.0,-27.625,311.625,22.5
2021-05-07T12:00:00Z,0.0,-27.375,311.125,NaN
2021-05-07T12:00:00Z,0.0,-27.375,311.375,NaN
2021-05-07T12:00:00Z,0.0,-27.375,311.625,22.609999
2021-05-08T12:00:00Z,0.0,-27.875,311.125,NaN
2021-05-08T12:00:00Z,0.0,-27.875,311.375,NaN
2021-05-08T12:00:00Z,0.0,-27.875,311.625,22.24
2021-05-08T12:00:00Z,0.0,-27.625,311.125,NaN
2021-05-08T12:00:00Z,0.0,-27.625,311.375,NaN
2021-05-08T12:00:00Z,0.0,-27.625,311.625,22.289999
2021-05-08T12:00:00Z,0.0,-27.375,311.125,NaN
2021-05-08T12:00:00Z,0.0,-27.375,311.375,NaN
2021-05-08T12:00:00Z,0.0,-27.375,311.625,22.369999
2021-05-09T12:00:00Z,0.0,-27.875,311.125,NaN
2021-05-09T12:00:00Z,0.0,-27.875,311.375,NaN
2021-05-09T12:00:00Z,0.0,-27.875,311.625,22.18
2021-05-09T12:00:00Z,0.0,-27.625,311.125,NaN
2021-05-09T12:00:00Z,0.0,-27.625,311.375,NaN
2021-05-09T12:00:00Z,0.0,-27.625,311.625,22.22
2021-05-09T12:00:00Z,0.0,-27.375,311.125,NaN
2021-05-09T12:00:00Z,0.0,-27.375,311.375,NaN
2021-05-09T12:00:00Z,0.0,-27.375,311.625,22.34
2021-05-10T12:00:00Z,0.0,-27.875,311.125,NaN
2021-05-10T12:00:00Z,0.0,-27.875,311.375,NaN
2021-05-10T12:00:00Z,0.0,-27.875,311.625,22.18
2021-05-10T12:00:00Z,0.0,-27.625,311.125,NaN
2021-05-10T12:00:00Z,0.0,-27.625,311.375,NaN
2021-05-10T12:00:00Z,0.0,-27.625,311.625,22.199999
2021-05-10T12:00:00Z,0.0,-27.375,311.125,NaN
2021-05-10T12:00:00Z,0.0,-27.375,311.375,NaN
2021-05-10T12:00:00Z,0.0,-27.375,311.625,22.289999
2021-05-11T12:00:00Z,0.0,-27.875,311.125,NaN
2021-05-11T12:00:00Z,0.0,-27.875,311.375,NaN
2021-05-11T12:00:00Z,0.0,-27.875,311.625,22.279999
2021-05-11T12:00:00Z,0.0,-27.625,311.125,NaN
2021-05-11T12:00:00Z,0.0,-27.625,311.375,NaN
2021-05-11T12:00:00Z,0.0,-27.625,311.625,22.32
2021-05-11T12:00:00Z,0.0,-27.375,311.125,NaN
2021-05-11T12:00:00Z,0.0,-27.375,311.375,NaN
2021-05-11T12:00:00Z,0.0,-27.375,311.625,22.4
2021-05-12T12:00:00Z,0.0,-27.875,311.125,NaN
2021-05-12T12:00:00Z,0.0,-27.875,311.375,NaN
2021-05-12T12:00:00Z,0.0,-27.875,311.625,22.14
2021-05-12T12:00:00Z,0.0,-27.625,311.125,NaN
2021-05-12T12:00:00Z,0.0,-27.625,311.375,NaN
2021-05-12T12:00:00Z,0.0,-27.625,311.625,22.14
2021-05-12T12:00:00Z,0.0,-27.375,311.125,NaN
2021-05-12T12:00:00Z,0.0,-27.375,311.375,NaN
2021-05-12T12:00:00Z,0.0,-27.375,311.625,22.189999
2021-05-13T12:00:00Z,0.0,-27.875,311.125,NaN
2021-05-13T12:00:00Z,0.0,-27.875,311.375,NaN
2021-05-13T12:00:00Z,0.0,-27.875,311.625,21.9
2021-05-13T12:00:00Z,0.0,-27.625,311.125,NaN
2021-05-13T12:00:00Z,0.0,-27.625,311.375,NaN
2021-05-13T12:00:00Z,0.0,-27.625,311.625,21.85
2021-05-13T12:00:00Z,0.0,-27.375,311.125,NaN
2021-05-13T12:00:00Z,0.0,-27.375,311.375,NaN
2021-05-13T12:00:00Z,0.0,-27.375,311.625,21.859999
2021-05-14T12:00:00Z,0.0,-27.875,311.125,NaN
2021-05-14T12:00:00Z,0.0,-27.875,311.375,NaN
2021-05-14T12:00:00Z,0.0,-27.875,311.625,21.82
2021-05-14T12:00:00Z,0.0,-27.625,311.125,NaN
2021-05-14T12:00:00Z,0.0,-27.625,311.375,NaN
2021-05-14T12:00:00Z,0.0,-27.625,311.625,21.75
2021-05-14T12:00:00Z,0.0,-27.375,311.125,NaN
2021-05-14T12:00:00Z,0.0,-27.375,311.375,NaN
2021-05-14T12:00:00Z,0.0,-27.375,311.625,21.779999
2021-05-15T12:00:00Z,0.0,-27.875,311.125,NaN
2021-05-15T12:00:00Z,0.0,-27.875,311.375,NaN
2021-05-15T12:00:00Z,0.0,-27.875,311.625,21.369999
2021-05-15T12:00:00Z,0.0,-27.625,311.125,NaN
2021-05-15T12:00:00Z,0.0,-27.625,311.375,NaN
2021-05-15T12:00:00Z,0.0,-27.625,311.625,21.359999
2021-05-15T12:00:00Z,0.0,-27.375,311.125,NaN
2021-05-15T12:00:00Z,0.0,-27.375,311.375,NaN
2021-05-15T12:00:00Z,0.0,-27.375,311.625,21.439999
2021-05-16T12:00:00Z,0.0,-27.875,311.125,NaN
2021-05-16T12:00:00Z,0.0,-27.875,311.375,NaN
2021-05-16T12:00:00Z,0.0,-27.875,311.625,21.51
2021-05-16T12:00:00Z,0.0,-27.625,311.125,NaN
2021-05-16T12:00:00Z,0.0,-27.625,311.375,NaN
2021-05-16T12:00:00Z,0.0,-27.625,311.625,21.55
2021-05-16T12:00:00Z,0.0,-27.375,311.125,NaN
2021-05-16T12:00:00Z,0.0,-27.375,311.375,NaN
2021-05-16T12:00:00Z,0.0,-27.375,311.625,21.63
2021-05-17T12:00:00Z,0.0,-27.875,311.125,NaN
2021-05-17T12:00:00Z,0.0,-27.875,311.375,NaN
2021-05-17T12:00:00Z,0.0,-27.875,311.625,21.56
2021-05-17T12:00:00Z,0.0,-27.625,311.125,NaN
2021-05-17T12:00:00Z,0.0,-27.625,311.375,NaN
2021-05-17T12:00:00Z,0.0,-27.625,311.625,21.59
2021-05-17T12:00:00Z,0.0,-27.375,311.125,NaN
2021-05-17T12:00:00Z,0.0,-27.375,311.375,NaN
2021-05-17T12:00:00Z,0.0,-27.375,311.625,21.66
2021-05-18T12:00:00Z,0.0,-27.875,311.125,NaN
2021-05-18T12:00:00Z,0.0,-27.875,311.375,NaN
2021-05-18T12:00:00Z,0.0,-27.875,311.625,21.52
2021-05-18T12:00:00Z,0.0,-27.625,311.125,NaN
2021-05-18T12:00:00Z,0.0,-27.625,311.375,NaN
2021-05-18T12:00:00Z,0.0,-27.625,311.625,21.51
2021-05-18T12:00:00Z,0.0,-27.375,311.125,NaN
2021-05-18T12:00:00Z,0.0,-27.375,311.375,NaN
2021-05-18T12:00:00Z,0.0,-27.375,311.625,21.609999
2021-05-19T12:00:00Z,0.0,-27.875,311.125,NaN
2021-05-19T12:00:00Z,0.0,-27.875,311.375,NaN
2021-05-19T12:00:00Z,0.0,-27.875,311.625,21.47
2021-05-19T12:00:00Z,0.0,-27.625,311.125,NaN
2021-05-19T12:00:00Z,0.0,-27.625,311.375,NaN
2021-05-19T12:00:00Z,0.0,-27.625,311.625,21.46
2021-05-19T12:00:00Z,0.0,-27.375,311.125,NaN
2021-05-19T12:00:00Z,0.0,-27.375,311.375,NaN
2021-05-19T12:00:00Z,0.0,-27.375,311.625,21.55
2021-05-20T12:00:00Z,0.0,-27.875,311.125,NaN
2021-05-20T12:00:00Z,0.0,-27.875,311.375,NaN
2021-05-20T12:00:00Z,0.0,-27.875,311.625,21.24
2021-05-20T12:00:00Z,0.0,-27.625,311.125,NaN
2021-05-20T12:00:00Z,0.0,-27.625,311.375,NaN
2021-05-20T12:00:00Z,0.0,-27.625,311.625,21.21
2021-05-20T12:00:00Z,0.0,-27.375,311.125,NaN
2021-05-20T12:00:00Z,0.0,-27.375,311.375,NaN
2021-05-20T12:00:00Z,0.0,-27.375,311.625,21.33
2021-05-21T12:00:00Z,0.0,-27.875,311.125,NaN
2021-05-21T12:00:00Z,0.0,-27.875,311.375,NaN
2021-05-21T12:00:00Z,0.0,-27.875,311.625,21.27
2021-05-21T12:00:00Z,0.0,-27.625,311.125,NaN
2021-05-21T12:00:00Z,0.0,-27.625,311.375,NaN
2021-05-21T12:00:00Z,0.0,-27.625,311.625,21.17
2021-05-21T12:00:00Z,0.0,-27.375,311.125,NaN
2021-05-21T12:00:00Z,0.0,-27.375,311.375,NaN
2021-05-21T12:00:00Z,0.0,-27.375,311.625,21.25
2021-05-22T12:00:00Z,0.0,-27.875,311.125,NaN
2021-05-22T12:00:00Z,0.0,-27.875,311.375,NaN
2021-05-22T12:00:00Z,0.0,-27.875,311.625,21.279999
2021-05-22T12:00:00Z,0.0,-27.625,311.125,NaN
2021-05-22T12:00:00Z,0.0,-27.625,311.375,NaN
2021-05-22T12:00:00Z,0.0,-27.625,311.625,21.17
2021-05-22T12:00:00Z,0.0,-27.375,311.125,NaN
2021-05-22T12:00:00Z,0.0,-27.375,311.375,NaN
2021-05-22T12:00:00Z,0.0,-27.375,311.625,21.189999
2021-05-23T12:00:00Z,0.0,-27.875,311.125,NaN
2021-05-23T12:00:00Z,0.0,-27.875,311.375,NaN
2021-05-23T12:00:00Z,0.0,-27.875,311.625,21.58
2021-05-23T12:00:00Z,0.0,-27.625,311.125,NaN
2021-05-23T12:00:00Z,0.0,-27.625,311.375,NaN
2021-05-23T12:00:00Z,0.0,-27.625,311.625,21.699999
2021-05-23T12:00:00Z,0.0,-27.375,311.125,NaN
2021-05-23T12:00:00Z,0.0,-27.375,311.375,NaN
2021-05-23T12:00:00Z,0.0,-27.375,311.625,21.66
2021-05-24T12:00:00Z,0.0,-27.875,311.125,NaN
2021-05-24T12:00:00Z,0.0,-27.875,311.375,NaN
2021-05-24T12:00:00Z,0.0,-27.875,311.625,21.25
2021-05-24T12:00:00Z,0.0,-27.625,311.125,NaN
2021-05-24T12:00:00Z,0.0,-27.625,311.375,NaN
2021-05-24T12:00:00Z,0.0,-27.625,311.625,21.4
2021-05-24T12:00:00Z,0.0,-27.375,311.125,NaN
2021-05-24T12:00:00Z,0.0,-27.375,311.375,NaN
2021-05-24T12:00:00Z,0.0,-27.375,311.625,21.46
2021-05-25T12:00:00Z,0.0,-27.875,311.125,NaN
2021-05-25T12:00:00Z,0.0,-27.875,311.375,NaN
2021-05-25T12:00:00Z,0.0,-27.875,311.625,21.15
2021-05-25T12:00:00Z,0.0,-27.625,311.125,NaN
2021-05-25T12:00:00Z,0.0,-27.625,311.375,NaN
2021-05-25T12:00:00Z,0.0,-27.625,311.625,21.27
2021-05-25T12:00:00Z,0.0,-27.375,311.125,NaN
2021-05-25T12:00:00Z,0.0,-27.375,311.375,NaN
2021-05-25T12:00:00Z,0.0,-27.375,311.625,21.39
2021-05-26T12:00:00Z,0.0,-27.875,311.125,NaN
2021-05-26T12:00:00Z,0.0,-27.875,311.375,NaN
2021-05-26T12:00:00Z,0.0,-27.875,311.625,21.14
2021-05-26T12:00:00Z,0.0,-27.625,311.125,NaN
2021-05-26T12:00:00Z,0.0,-27.625,311.375,NaN
2021-05-26T12:00:00Z,0.0,-27.625,311.625,21.22
2021-05-26T12:00:00Z,0.0,-27.375,311.125,NaN
2021-05-26T12:00:00Z,0.0,-27.375,311.375,NaN
2021-05-26T12:00:00Z,0.0,-27.375,311.625,21.31
2021-05-27T12:00:00Z,0.0,-27.875,311.125,NaN
2021-05-27T12:00:00Z,0.0,-27.875,311.375,NaN
2021-05-27T12:00:00Z,0.0,-27.875,311.625,21.25
2021-05-27T12:00:00Z,0.0,-27.625,311.125,NaN
2021-05-27T12:00:00Z,0.0,-27.625,311.375,NaN
2021-05-27T12:00:00Z,0.0,-27.625,311.625,21.32
2021-05-27T12:00:00Z,0.0,-27.375,311.125,NaN
2021-05-27T12:00:00Z,0.0,-27.375,311.375,NaN
2021-05-27T12:00:00Z,0.0,-27.375,311.625,21.4
2021-05-28T12:00:00Z,0.0,-27.875,311.125,NaN
2021-05-28T12:00:00Z,0.0,-27.875,311.375,NaN
2021-05-28T12:00:00Z,0.0,-27.875,311.625,21.42
2021-05-28T12:00:00Z,0.0,-27.625,311.125,NaN
2021-05-28T12:00:00Z,0.0,-27.625,311.375,NaN
2021-05-28T12:00:00Z,0.0,-27.625,311.625,21.49
2021-05-28T12:00:00Z,0.0,-27.375,311.125,NaN
2021-05-28T12:00:00Z,0.0,-27.375,311.375,NaN
2021-05-28T12:00:00Z,0.0,-27.375,311.625,21.6
2021-05-29T12:00:00Z,0.0,-27.875,311.125,NaN
2021-05-29T12:00:00Z,0.0,-27.875,311.375,NaN
2021-05-29T12:00:00Z,0.0,-27.875,311.625,21.039999
2021-05-29T12:00:00Z,0.0,-27.625,311.125,NaN
2021-05-29T12:00:00Z,0.0,-27.625,311.375,NaN
2021-05-29T12:00:00Z,0.0,-27.625,311.625,21.21
2021-05-29T12:00:00Z,0.0,-27.375,311.125,NaN
2021-05-29T12:00:00Z,0.0,-27.375,311.375,NaN
2021-05-29T12:00:00Z,0.0,-27.375,311.625,21.39
2021-05-30T12:00:00Z,0.0,-27.875,311.125,NaN
2021-05-30T12:00:00Z,0.0,-27.875,311.375,NaN
2021-05-30T12:00:00Z,0.0,-27.875,311.625,20.74
2021-05-30T12:00:00Z,0.0,-27.625,311.125,NaN
2021-05-30T12:00:00Z,0.0,-27.625,311.375,NaN
2021-05-30T12:00:00Z,0.0,-27.625,311.625,20.85
2021-05-30T12:00:00Z,0.0,-27.375,311.125,NaN
2021-05-30T12:00:00Z,0.0,-27.375,311.375,NaN
2021-05-30T12:00:00Z,0.0,-27.375,311.625,21.0
2021-05-31T12:00:00Z,0.0,-27.875,311.125,NaN
2021-05-31T12:00:00Z,0.0,-27.875,311.375,NaN
2021-05-31T12:00:00Z,0.0,-27.875,311.625,20.46
2021-05-31T12:00:00Z,0.0,-27.625,311.125,NaN
2021-05-31T12:00:00Z,0.0,-27.625,311.375,NaN
2021-05-31T12:00:00Z,0.0,-27.625,311.625,20.55
2021-05-31T12:00:00Z,0.0,-27.375,311.125,NaN
2021-05-31T12:00:00Z,0.0,-27.375,311.375,NaN
2021-05-31T12:00:00Z,0.0,-27.375,311.625,20.64
2021-06-01T12:00:00Z,0.0,-27.875,311.125,NaN
2021-06-01T12:00:00Z,0.0,-27.875,311.375,NaN
2021-06-01T12:00:00Z,0.0,-27.875,311.625,20.439999
2021-06-01T12:00:00Z,0.0,-27.625,311.125,NaN
2021-06-01T12:00:00Z,0.0,-27.625,311.375,NaN
2021-06-01T12:00:00Z,0.0,-27.625,311.625,20.55
2021-06-01T12:00:00Z,0.0,-27.375,311.125,NaN
2021-06-01T12:00:00Z,0.0,-27.375,311.375,NaN
2021-06-01T12:00:00Z,0.0,-27.375,311.625,20.619999
2021-06-02T12:00:00Z,0.0,-27.875,311.125,NaN
2021-06-02T12:00:00Z,0.0,-27.875,311.375,NaN
2021-06-02T12:00:00Z,0.0,-27.875,311.625,20.41
2021-06-02T12:00:00Z,0.0,-27.625,311.125,NaN
2021-06-02T12:00:00Z,0.0,-27.625,311.375,NaN
2021-06-02T12:00:00Z,0.0,-27.625,311.625,20.539999
2021-06-02T12:00:00Z,0.0,-27.375,311.125,NaN
2021-06-02T12:00:00Z,0.0,-27.375,311.375,NaN
2021-06-02T12:00:00Z,0.0,-27.375,311.625,20.66
2021-06-03T12:00:00Z,0.0,-27.875,311.125,NaN
2021-06-03T12:00:00Z,0.0,-27.875,311.375,NaN
2021-06-03T12:00:00Z,0.0,-27.875,311.625,20.199999
2021-06-03T12:00:00Z,0.0,-27.625,311.125,NaN
2021-06-03T12:00:00Z,0.0,-27.625,311.375,NaN
2021-06-03T12:00:00Z,0.0,-27.625,311.625,20.38
2021-06-03T12:00:00Z,0.0,-27.375,311.125,NaN
2021-06-03T12:00:00Z,0.0,-27.375,311.375,NaN
2021-06-03T12:00:00Z,0.0,-27.375,311.625,20.55
2021-06-04T12:00:00Z,0.0,-27.875,311.125,NaN
2021-06-04T12:00:00Z,0.0,-27.875,311.375,NaN
2021-06-04T12:00:00Z,0.0,-27.875,311.625,20.17
2021-06-04T12:00:00Z,0.0,-27.625,311.125,NaN
2021-06-04T12:00:00Z,0.0,-27.625,311.375,NaN
2021-06-04T12:00:00Z,0.0,-27.625,311.625,20.359999
2021-06-04T12:00:00Z,0.0,-27.375,311.125,NaN
2021-06-04T12:00:00Z,0.0,-27.375,311.375,NaN
2021-06-04T12:00:00Z,0.0,-27.375,311.625,20.56
2021-06-05T12:00:00Z,0.0,-27.875,311.125,NaN
2021-06-05T12:00:00Z,0.0,-27.875,311.375,NaN
2021-06-05T12:00:00Z,0.0,-27.875,311.625,20.23
2021-06-05T12:00:00Z,0.0,-27.625,311.125,NaN
2021-06-05T12:00:00Z,0.0,-27.625,311.375,NaN
2021-06-05T12:00:00Z,0.0,-27.625,311.625,20.439999
2021-06-05T12:00:00Z,0.0,-27.375,311.125,NaN
2021-06-05T12:00:00Z,0.0,-27.375,311.375,NaN
2021-06-05T12:00:00Z,0.0,-27.375,311.625,20.72
2021-06-06T12:00:00Z,0.0,-27.875,311.125,NaN
2021-06-06T12:00:00Z,0.0,-27.875,311.375,NaN
2021-06-06T12:00:00Z,0.0,-27.875,311.625,20.47
2021-06-06T12:00:00Z,0.0,-27.625,311.125,NaN
2021-06-06T12:00:00Z,0.0,-27.625,311.375,NaN
2021-06-06T12:00:00Z,0.0,-27.625,311.625,20.76
2021-06-06T12:00:00Z,0.0,-27.375,311.125,NaN
2021-06-06T12:00:00Z,0.0,-27.375,311.375,NaN
2021-06-06T12:00:00Z,0.0,-27.375,311.625,21.119999
2021-06-07T12:00:00Z,0.0,-27.875,311.125,NaN
2021-06-07T12:00:00Z,0.0,-27.875,311.375,NaN
2021-06-07T12:00:00Z,0.0,-27.875,311.625,20.72
2021-06-07T12:00:00Z,0.0,-27.625,311.125,NaN
2021-06-07T12:00:00Z,0.0,-27.625,311.375,NaN
2021-06-07T12:00:00Z,0.0,-27.625,311.625,20.99
2021-06-07T12:00:00Z,0.0,-27.375,311.125,NaN
2021-06-07T12:00:00Z,0.0,-27.375,311.375,NaN
2021-06-07T12:00:00Z,0.0,-27.375,311.625,21.279999
2021-06-08T12:00:00Z,0.0,-27.875,311.125,NaN
2021-06-08T12:00:00Z,0.0,-27.875,311.375,NaN
2021-06-08T12:00:00Z,0.0,-27.875,311.625,20.64
2021-06-08T12:00:00Z,0.0,-27.625,311.125,NaN
2021-06-08T12:00:00Z,0.0,-27.625,311.375,NaN
2021-06-08T12:00:00Z,0.0,-27.625,311.625,20.89
2021-06-08T12:00:00Z,0.0,-27.375,311.125,NaN
2021-06-08T12:00:00Z,0.0,-27.375,311.375,NaN
2021-06-08T12:00:00Z,0.0,-27.375,311.625,21.109999
2021-06-09T12:00:00Z,0.0,-27.875,311.125,NaN
2021-06-09T12:00:00Z,0.0,-27.875,311.375,NaN
2021-06-09T12:00:00Z,0.0,-27.875,311.625,20.74
2021-06-09T12:00:00Z,0.0,-27.625,311.125,NaN
2021-06-09T12:00:00Z,0.0,-27.625,311.375,NaN
2021-06-09T12:00:00Z,0.0,-27.625,311.625,20.97
2021-06-09T12:00:00Z,0.0,-27.375,311.125,NaN
2021-06-09T12:00:00Z,0.0,-27.375,311.375,NaN
2021-06-09T12:00:00Z,0.0,-27.375,311.625,21.109999
2021-06-10T12:00:00Z,0.0,-27.875,311.125,NaN
2021-06-10T12:00:00Z,0.0,-27.875,311.375,NaN
2021-06-10T12:00:00Z,0.0,-27.875,311.625,20.779999
2021-06-10T12:00:00Z,0.0,-27.625,311.125,NaN
2021-06-10T12:00:00Z,0.0,-27.625,311.375,NaN
2021-06-10T12:00:00Z,0.0,-27.625,311.625,20.98
2021-06-10T12:00:00Z,0.0,-27.375,311.125,NaN
2021-06-10T12:00:00Z,0.0,-27.375,311.375,NaN
2021-06-10T12:00:00Z,0.0,-27.375,311.625,21.119999
2021-06-11T12:00:00Z,0.0,-27.875,311.125,NaN
2021-06-11T12:00:00Z,0.0,-27.875,311.375,NaN
2021-06-11T12:00:00Z,0.0,-27.875,311.625,20.859999
2021-06-11T12:00:00Z,0.0,-27.625,311.125,NaN
2021-06-11T12:00:00Z,0.0,-27.625,311.375,NaN
2021-06-11T12:00:00Z,0.0,-27.625,311.625,20.98
2021-06-11T12:00:00Z,0.0,-27.375,311.125,NaN
2021-06-11T12:00:00Z,0.0,-27.375,311.375,NaN
2021-06-11T12:00:00Z,0.0,-27.375,311.625,21.039999
2021-06-12T12:00:00Z,0.0,-27.875,311.125,NaN
2021-06-12T12:00:00Z,0.0,-27.875,311.375,NaN
2021-06-12T12:00:00Z,0.0,-27.875,311.625,20.439999
2021-06-12T12:00:00Z,0.0,-27.625,311.125,NaN
2021-06-12T12:00:00Z,0.0,-27.625,311.375,NaN
2021-06-12T12:00:00Z,0.0,-27.625,311.625,20.609999
2021-06-12T12:00:00Z,0.0,-27.375,311.125,NaN
2021-06-12T12:00:00Z,0.0,-27.375,311.375,NaN
2021-06-12T12:00:00Z,0.0,-27.375,311.625,20.77
2021-06-13T12:00:00Z,0.0,-27.875,311.125,NaN
2021-06-13T12:00:00Z,0.0,-27.875,311.375,NaN
2021-06-13T12:00:00Z,0.0,-27.875,311.625,20.1
2021-06-13T12:00:00Z,0.0,-27.625,311.125,NaN
2021-06-13T12:00:00Z,0.0,-27.625,311.375,NaN
2021-06-13T12:00:00Z,0.0,-27.625,311.625,20.25
2021-06-13T12:00:00Z,0.0,-27.375,311.125,NaN
2021-06-13T12:00:00Z,0.0,-27.375,311.375,NaN
2021-06-13T12:00:00Z,0.0,-27.375,311.625,20.49
2021-06-14T12:00:00Z,0.0,-27.875,311.125,NaN
2021-06-14T12:00:00Z,0.0,-27.875,311.375,NaN
2021-06-14T12:00:00Z,0.0,-27.875,311.625,20.029999
2021-06-14T12:00:00Z,0.0,-27.625,311.125,NaN
2021-06-14T12:00:00Z,0.0,-27.625,311.375,NaN
2021-06-14T12:00:00Z,0.0,-27.625,311.625,20.189999
2021-06-14T12:00:00Z,0.0,-27.375,311.125,NaN
2021-06-14T12:00:00Z,0.0,-27.375,311.375,NaN
2021-06-14T12:00:00Z,0.0,-27.375,311.625,20.369999
2021-06-15T12:00:00Z,0.0,-27.875,311.125,NaN
2021-06-15T12:00:00Z,0.0,-27.875,311.375,NaN
2021-06-15T12:00:00Z,0.0,-27.875,311.625,19.97
2021-06-15T12:00:00Z,0.0,-27.625,311.125,NaN
2021-06-15T12:00:00Z,0.0,-27.625,311.375,NaN
2021-06-15T12:00:00Z,0.0,-27.625,311.625,20.119999
2021-06-15T12:00:00Z,0.0,-27.375,311.125,NaN
2021-06-15T12:00:00Z,0.0,-27.375,311.375,NaN
2021-06-15T12:00:00Z,0.0,-27.375,311.625,20.27
2021-06-16T12:00:00Z,0.0,-27.875,311.125,NaN
2021-06-16T12:00:00Z,0.0,-27.875,311.375,NaN
2021-06-16T12:00:00Z,0.0,-27.875,311.625,19.869999
2021-06-16T12:00:00Z,0.0,-27.625,311.125,NaN
2021-06-16T12:00:00Z,0.0,-27.625,311.375,NaN
2021-06-16T12:00:00Z,0.0,-27.625,311.625,20.07
2021-06-16T12:00:00Z,0.0,-27.375,311.125,NaN
2021-06-16T12:00:00Z,0.0,-27.375,311.375,NaN
2021-06-16T12:00:00Z,0.0,-27.375,311.625,20.23
2021-06-17T12:00:00Z,0.0,-27.875,311.125,NaN
2021-06-17T12:00:00Z,0.0,-27.875,311.375,NaN
2021-06-17T12:00:00Z,0.0,-27.875,311.625,19.789999
2021-06-17T12:00:00Z,0.0,-27.625,311.125,NaN
2021-06-17T12:00:00Z,0.0,-27.625,311.375,NaN
2021-06-17T12:00:00Z,0.0,-27.625,311.625,19.98
2021-06-17T12:00:00Z,0.0,-27.375,311.125,NaN
2021-06-17T12:00:00Z,0.0,-27.375,311.375,NaN
2021-06-17T12:00:00Z,0.0,-27.375,311.625,20.1
2021-06-18T12:00:00Z,0.0,-27.875,311.125,NaN
2021-06-18T12:00:00Z,0.0,-27.875,311.375,NaN
2021-06-18T12:00:00Z,0.0,-27.875,311.625,19.73
2021-06-18T12:00:00Z,0.0,-27.625,311.125,NaN
2021-06-18T12:00:00Z,0.0,-27.625,311.375,NaN
2021-06-18T12:00:00Z,0.0,-27.625,311.625,19.9
2021-06-18T12:00:00Z,0.0,-27.375,311.125,NaN
2021-06-18T12:00:00Z,0.0,-27.375,311.375,NaN
2021-06-18T12:00:00Z,0.0,-27.375,311.625,20.029999
2021-06-19T12:00:00Z,0.0,-27.875,311.125,NaN
2021-06-19T12:00:00Z,0.0,-27.875,311.375,NaN
2021-06-19T12:00:00Z,0.0,-27.875,311.625,19.68
2021-06-19T12:00:00Z,0.0,-27.625,311.125,NaN
2021-06-19T12:00:00Z,0.0,-27.625,311.375,NaN
2021-06-19T12:00:00Z,0.0,-27.625,311.625,20.02
2021-06-19T12:00:00Z,0.0,-27.375,311.125,NaN
2021-06-19T12:00:00Z,0.0,-27.375,311.375,NaN
2021-06-19T12:00:00Z,0.0,-27.375,311.625,20.15
2021-06-20T12:00:00Z,0.0,-27.875,311.125,NaN
2021-06-20T12:00:00Z,0.0,-27.875,311.375,NaN
2021-06-20T12:00:00Z,0.0,-27.875,311.625,18.939999
2021-06-20T12:00:00Z,0.0,-27.625,311.125,NaN
2021-06-20T12:00:00Z,0.0,-27.625,311.375,NaN
2021-06-20T12:00:00Z,0.0,-27.625,311.625,19.42
2021-06-20T12:00:00Z,0.0,-27.375,311.125,NaN
2021-06-20T12:00:00Z,0.0,-27.375,311.375,NaN
2021-06-20T12:00:00Z,0.0,-27.375,311.625,19.72
2021-06-21T12:00:00Z,0.0,-27.875,311.125,NaN
2021-06-21T12:00:00Z,0.0,-27.875,311.375,NaN
2021-06-21T12:00:00Z,0.0,-27.875,311.625,18.52
2021-06-21T12:00:00Z,0.0,-27.625,311.125,NaN
2021-06-21T12:00:00Z,0.0,-27.625,311.375,NaN
2021-06-21T12:00:00Z,0.0,-27.625,311.625,19.02
2021-06-21T12:00:00Z,0.0,-27.375,311.125,NaN
2021-06-21T12:00:00Z,0.0,-27.375,311.375,NaN
2021-06-21T12:00:00Z,0.0,-27.375,311.625,19.369999
2021-06-22T12:00:00Z,0.0,-27.875,311.125,NaN
2021-06-22T12:00:00Z,0.0,-27.875,311.375,NaN
2021-06-22T12:00:00Z,0.0,-27.875,311.625,18.39
2021-06-22T12:00:00Z,0.0,-27.625,311.125,NaN
2021-06-22T12:00:00Z,0.0,-27.625,311.375,NaN
2021-06-22T12:00:00Z,0.0,-27.625,311.625,18.779999
2021-06-22T12:00:00Z,0.0,-27.375,311.125,NaN
2021-06-22T12:00:00Z,0.0,-27.375,311.375,NaN
2021-06-22T12:00:00Z,0.0,-27.375,311.625,19.06
2021-06-23T12:00:00Z,0.0,-27.875,311.125,NaN
2021-06-23T12:00:00Z,0.0,-27.875,311.375,NaN
2021-06-23T12:00:00Z,0.0,-27.875,311.625,18.529999
2021-06-23T12:00:00Z,0.0,-27.625,311.125,NaN
2021-06-23T12:00:00Z,0.0,-27.625,311.375,NaN
2021-06-23T12:00:00Z,0.0,-27.625,311.625,18.82
2021-06-23T12:00:00Z,0.0,-27.375,311.125,NaN
2021-06-23T12:00:00Z,0.0,-27.375,311.375,NaN
2021-06-23T12:00:00Z,0.0,-27.375,311.625,19.01
2021-06-24T12:00:00Z,0.0,-27.875,311.125,NaN
2021-06-24T12:00:00Z,0.0,-27.875,311.375,NaN
2021-06-24T12:00:00Z,0.0,-27.875,311.625,18.77
2021-06-24T12:00:00Z,0.0,-27.625,311.125,NaN
2021-06-24T12:00:00Z,0.0,-27.625,311.375,NaN
2021-06-24T12:00:00Z,0.0,-27.625,311.625,18.91
2021-06-24T12:00:00Z,0.0,-27.375,311.125,NaN
2021-06-24T12:00:00Z,0.0,-27.375,311.375,NaN
2021-06-24T12:00:00Z,0.0,-27.375,311.625,19.09
2021-06-25T12:00:00Z,0.0,-27.875,311.125,NaN
2021-06-25T12:00:00Z,0.0,-27.875,311.375,NaN
2021-06-25T12:00:00Z,0.0,-27.875,311.625,18.949999
2021-06-25T12:00:00Z,0.0,-27.625,311.125,NaN
2021-06-25T12:00:00Z,0.0,-27.625,311.375,NaN
2021-06-25T12:00:00Z,0.0,-27.625,311.625,19.02
2021-06-25T12:00:00Z,0.0,-27.375,311.125,NaN
2021-06-25T12:00:00Z,0.0,-27.375,311.375,NaN
2021-06-25T12:00:00Z,0.0,-27.375,311.625,19.15
2021-06-26T12:00:00Z,0.0,-27.875,311.125,NaN
2021-06-26T12:00:00Z,0.0,-27.875,311.375,NaN
2021-06-26T12:00:00Z,0.0,-27.875,311.625,19.029999
2021-06-26T12:00:00Z,0.0,-27.625,311.125,NaN
2021-06-26T12:00:00Z,0.0,-27.625,311.375,NaN
2021-06-26T12:00:00Z,0.0,-27.625,311.625,19.02
2021-06-26T12:00:00Z,0.0,-27.375,311.125,NaN
2021-06-26T12:00:00Z,0.0,-27.375,311.375,NaN
2021-06-26T12:00:00Z,0.0,-27.375,311.625,19.199999
2021-06-27T12:00:00Z,0.0,-27.875,311.125,NaN
2021-06-27T12:00:00Z,0.0,-27.875,311.375,NaN
2021-06-27T12:00:00Z,0.0,-27.875,311.625,19.119999
2021-06-27T12:00:00Z,0.0,-27.625,311.125,NaN
2021-06-27T12:00:00Z,0.0,-27.625,311.375,NaN
2021-06-27T12:00:00Z,0.0,-27.625,311.625,19.1
2021-06-27T12:00:00Z,0.0,-27.375,311.125,NaN
2021-06-27T12:00:00Z,0.0,-27.375,311.375,NaN
2021-06-27T12:00:00Z,0.0,-27.375,311.625,19.199999
2021-06-28T12:00:00Z,0.0,-27.875,311.125,NaN
2021-06-28T12:00:00Z,0.0,-27.875,311.375,NaN
2021-06-28T12:00:00Z,0.0,-27.875,311.625,18.64
2021-06-28T12:00:00Z,0.0,-27.625,311.125,NaN
2021-06-28T12:00:00Z,0.0,-27.625,311.375,NaN
2021-06-28T12:00:00Z,0.0,-27.625,311.625,18.65
2021-06-28T12:00:00Z,0.0,-27.375,311.125,NaN
2021-06-28T12:00:00Z,0.0,-27.375,311.375,NaN
2021-06-28T12:00:00Z,0.0,-27.375,311.625,18.77
2021-06-29T12:00:00Z,0.0,-27.875,311.125,NaN
2021-06-29T12:00:00Z,0.0,-27.875,311.375,NaN
2021-06-29T12:00:00Z,0.0,-27.875,311.625,18.6
2021-06-29T12:00:00Z,0.0,-27.625,311.125,NaN
2021-06-29T12:00:00Z,0.0,-27.625,311.375,NaN
2021-06-29T12:00:00Z,0.0,-27.625,311.625,18.65
2021-06-29T12:00:00Z,0.0,-27.375,311.125,NaN
2021-06-29T12:00:00Z,0.0,-27.375,311.375,NaN
2021-06-29T12:00:00Z,0.0,-27.375,311.625,18.779999
2021-06-30T12:00:00Z,0.0,-27.875,311.125,NaN
2021-06-30T12:00:00Z,0.0,-27.875,311.375,NaN
2021-06-30T12:00:00Z,0.0,-27.875,311.625,18.51
2021-06-30T12:00:00Z,0.0,-27.625,311.125,NaN
2021-06-30T12:00:00Z,0.0,-27.625,311.375,NaN
2021-06-30T12:00:00Z,0.0,-27.625,311.625,18.58
2021-06-30T12:00:00Z,0.0,-27.375,311.125,NaN
2021-06-30T12:00:00Z,0.0,-27.375,311.375,NaN
2021-06-30T12:00:00Z,0.0,-27.375,311.625,18.76
2021-07-01T12:00:00Z,0.0,-27.875,311.125,NaN
2021-07-01T12:00:00Z,0.0,-27.875,311.375,NaN
2021-07-01T12:00:00Z,0.0,-27.875,311.625,18.42
2021-07-01T12:00:00Z,0.0,-27.625,311.125,NaN
2021-07-01T12:00:00Z,0.0,-27.625,311.375,NaN
2021-07-01T12:00:00Z,0.0,-27.625,311.625,18.55
2021-07-01T12:00:00Z,0.0,-27.375,311.125,NaN
2021-07-01T12:00:00Z,0.0,-27.375,311.375,NaN
2021-07-01T12:00:00Z,0.0,-27.375,311.625,18.74
2021-07-02T12:00:00Z,0.0,-27.875,311.125,NaN
2021-07-02T12:00:00Z,0.0,-27.875,311.375,NaN
2021-07-02T12:00:00Z,0.0,-27.875,311.625,18.029999
2021-07-02T12:00:00Z,0.0,-27.625,311.125,NaN
2021-07-02T12:00:00Z,0.0,-27.625,311.375,NaN
2021-07-02T12:00:00Z,0.0,-27.625,311.625,18.1
2021-07-02T12:00:00Z,0.0,-27.375,311.125,NaN
2021-07-02T12:00:00Z,0.0,-27.375,311.375,NaN
2021-07-02T12:00:00Z,0.0,-27.375,311.625,18.23
2021-07-03T12:00:00Z,0.0,-27.875,311.125,NaN
2021-07-03T12:00:00Z,0.0,-27.875,311.375,NaN
2021-07-03T12:00:00Z,0.0,-27.875,311.625,18.01
2021-07-03T12:00:00Z,0.0,-27.625,311.125,NaN
2021-07-03T12:00:00Z,0.0,-27.625,311.375,NaN
2021-07-03T12:00:00Z,0.0,-27.625,311.625,18.07
2021-07-03T12:00:00Z,0.0,-27.375,311.125,NaN
2021-07-03T12:00:00Z,0.0,-27.375,311.375,NaN
2021-07-03T12:00:00Z,0.0,-27.375,311.625,18.23
2021-07-04T12:00:00Z,0.0,-27.875,311.125,NaN
2021-07-04T12:00:00Z,0.0,-27.875,311.375,NaN
2021-07-04T12:00:00Z,0.0,-27.875,311.625,17.91
2021-07-04T12:00:00Z,0.0,-27.625,311.125,NaN
2021-07-04T12:00:00Z,0.0,-27.625,311.375,NaN
2021-07-04T12:00:00Z,0.0,-27.625,311.625,18.029999
2021-07-04T12:00:00Z,0.0,-27.375,311.125,NaN
2021-07-04T12:00:00Z,0.0,-27.375,311.375,NaN
2021-07-04T12:00:00Z,0.0,-27.375,311.625,18.21
2021-07-05T12:00:00Z,0.0,-27.875,311.125,NaN
2021-07-05T12:00:00Z,0.0,-27.875,311.375,NaN
2021-07-05T12:00:00Z,0.0,-27.875,311.625,17.82
2021-07-05T12:00:00Z,0.0,-27.625,311.125,NaN
2021-07-05T12:00:00Z,0.0,-27.625,311.375,NaN
2021-07-05T12:00:00Z,0.0,-27.625,311.625,17.97
2021-07-05T12:00:00Z,0.0,-27.375,311.125,NaN
2021-07-05T12:00:00Z,0.0,-27.375,311.375,NaN
2021-07-05T12:00:00Z,0.0,-27.375,311.625,18.13
2021-07-06T12:00:00Z,0.0,-27.875,311.125,NaN
2021-07-06T12:00:00Z,0.0,-27.875,311.375,NaN
2021-07-06T12:00:00Z,0.0,-27.875,311.625,17.68
2021-07-06T12:00:00Z,0.0,-27.625,311.125,NaN
2021-07-06T12:00:00Z,0.0,-27.625,311.375,NaN
2021-07-06T12:00:00Z,0.0,-27.625,311.625,17.83
2021-07-06T12:00:00Z,0.0,-27.375,311.125,NaN
2021-07-06T12:00:00Z,0.0,-27.375,311.375,NaN
2021-07-06T12:00:00Z,0.0,-27.375,311.625,17.94
2021-07-07T12:00:00Z,0.0,-27.875,311.125,NaN
2021-07-07T12:00:00Z,0.0,-27.875,311.375,NaN
2021-07-07T12:00:00Z,0.0,-27.875,311.625,17.859999
2021-07-07T12:00:00Z,0.0,-27.625,311.125,NaN
2021-07-07T12:00:00Z,0.0,-27.625,311.375,NaN
2021-07-07T12:00:00Z,0.0,-27.625,311.625,18.0
2021-07-07T12:00:00Z,0.0,-27.375,311.125,NaN
2021-07-07T12:00:00Z,0.0,-27.375,311.375,NaN
2021-07-07T12:00:00Z,0.0,-27.375,311.625,18.1
2021-07-08T12:00:00Z,0.0,-27.875,311.125,NaN
2021-07-08T12:00:00Z,0.0,-27.875,311.375,NaN
2021-07-08T12:00:00Z,0.0,-27.875,311.625,17.73
2021-07-08T12:00:00Z,0.0,-27.625,311.125,NaN
2021-07-08T12:00:00Z,0.0,-27.625,311.375,NaN
2021-07-08T12:00:00Z,0.0,-27.625,311.625,17.89
2021-07-08T12:00:00Z,0.0,-27.375,311.125,NaN
2021-07-08T12:00:00Z,0.0,-27.375,311.375,NaN
2021-07-08T12:00:00Z,0.0,-27.375,311.625,18.07
2021-07-09T12:00:00Z,0.0,-27.875,311.125,NaN
2021-07-09T12:00:00Z,0.0,-27.875,311.375,NaN
2021-07-09T12:00:00Z,0.0,-27.875,311.625,17.68
2021-07-09T12:00:00Z,0.0,-27.625,311.125,NaN
2021-07-09T12:00:00Z,0.0,-27.625,311.375,NaN
2021-07-09T12:00:00Z,0.0,-27.625,311.625,17.91
2021-07-09T12:00:00Z,0.0,-27.375,311.125,NaN
2021-07-09T12:00:00Z,0.0,-27.375,311.375,NaN
2021-07-09T12:00:00Z,0.0,-27.375,311.625,18.16
2021-07-10T12:00:00Z,0.0,-27.875,311.125,NaN
2021-07-10T12:00:00Z,0.0,-27.875,311.375,NaN
2021-07-10T12:00:00Z,0.0,-27.875,311.625,17.73
2021-07-10T12:00:00Z,0.0,-27.625,311.125,NaN
2021-07-10T12:00:00Z,0.0,-27.625,311.375,NaN
2021-07-10T12:00:00Z,0.0,-27.625,311.625,18.029999
2021-07-10T12:00:00Z,0.0,-27.375,311.125,NaN
2021-07-10T12:00:00Z,0.0,-27.375,311.375,NaN
2021-07-10T12:00:00Z,0.0,-27.375,311.625,18.32
2021-07-11T12:00:00Z,0.0,-27.875,311.125,NaN
2021-07-11T12:00:00Z,0.0,-27.875,311.375,NaN
2021-07-11T12:00:00Z,0.0,-27.875,311.625,17.63
2021-07-11T12:00:00Z,0.0,-27.625,311.125,NaN
2021-07-11T12:00:00Z,0.0,-27.625,311.375,NaN
2021-07-11T12:00:00Z,0.0,-27.625,311.625,17.9
2021-07-11T12:00:00Z,0.0,-27.375,311.125,NaN
2021-07-11T12:00:00Z,0.0,-27.375,311.375,NaN
2021-07-11T12:00:00Z,0.0,-27.375,311.625,18.25
2021-07-12T12:00:00Z,0.0,-27.875,311.125,NaN
2021-07-12T12:00:00Z,0.0,-27.875,311.375,NaN
2021-07-12T12:00:00Z,0.0,-27.875,311.625,17.69
2021-07-12T12:00:00Z,0.0,-27.625,311.125,NaN
2021-07-12T12:00:00Z,0.0,-27.625,311.375,NaN
2021-07-12T12:00:00Z,0.0,-27.625,311.625,18.02
2021-07-12T12:00:00Z,0.0,-27.375,311.125,NaN
2021-07-12T12:00:00Z,0.0,-27.375,311.375,NaN
2021-07-12T12:00:00Z,0.0,-27.375,311.625,18.33
2021-07-13T12:00:00Z,0.0,-27.875,311.125,NaN
2021-07-13T12:00:00Z,0.0,-27.875,311.375,NaN
2021-07-13T12:00:00Z,0.0,-27.875,311.625,18.06
2021-07-13T12:00:00Z,0.0,-27.625,311.125,NaN
2021-07-13T12:00:00Z,0.0,-27.625,311.375,NaN
2021-07-13T12:00:00Z,0.0,-27.625,311.625,18.33
2021-07-13T12:00:00Z,0.0,-27.375,311.125,NaN
2021-07-13T12:00:00Z,0.0,-27.375,311.375,NaN
2021-07-13T12:00:00Z,0.0,-27.375,311.625,18.55
2021-07-14T12:00:00Z,0.0,-27.875,311.125,NaN
2021-07-14T12:00:00Z,0.0,-27.875,311.375,NaN
2021-07-14T12:00:00Z,0.0,-27.875,311.625,18.119999
2021-07-14T12:00:00Z,0.0,-27.625,311.125,NaN
2021-07-14T12:00:00Z,0.0,-27.625,311.375,NaN
2021-07-14T12:00:00Z,0.0,-27.625,311.625,18.34
2021-07-14T12:00:00Z,0.0,-27.375,311.125,NaN
2021-07-14T12:00:00Z,0.0,-27.375,311.375,NaN
2021-07-14T12:00:00Z,0.0,-27.375,311.625,18.52
2021-07-15T12:00:00Z,0.0,-27.875,311.125,NaN
2021-07-15T12:00:00Z,0.0,-27.875,311.375,NaN
2021-07-15T12:00:00Z,0.0,-27.875,311.625,18.06
2021-07-15T12:00:00Z,0.0,-27.625,311.125,NaN
2021-07-15T12:00:00Z,0.0,-27.625,311.375,NaN
2021-07-15T12:00:00Z,0.0,-27.625,311.625,18.21
2021-07-15T12:00:00Z,0.0,-27.375,311.125,NaN
2021-07-15T12:00:00Z,0.0,-27.375,311.375,NaN
2021-07-15T12:00:00Z,0.0,-27.375,311.625,18.44
2021-07-16T12:00:00Z,0.0,-27.875,311.125,NaN
2021-07-16T12:00:00Z,0.0,-27.875,311.375,NaN
2021-07-16T12:00:00Z,0.0,-27.875,311.625,18.07
2021-07-16T12:00:00Z,0.0,-27.625,311.125,NaN
2021-07-16T12:00:00Z,0.0,-27.625,311.375,NaN
2021-07-16T12:00:00Z,0.0,-27.625,311.625,18.199999
2021-07-16T12:00:00Z,0.0,-27.375,311.125,NaN
2021-07-16T12:00:00Z,0.0,-27.375,311.375,NaN
2021-07-16T12:00:00Z,0.0,-27.375,311.625,18.47
2021-07-17T12:00:00Z,0.0,-27.875,311.125,NaN
2021-07-17T12:00:00Z,0.0,-27.875,311.375,NaN
2021-07-17T12:00:00Z,0.0,-27.875,311.625,17.89
2021-07-17T12:00:00Z,0.0,-27.625,311.125,NaN
2021-07-17T12:00:00Z,0.0,-27.625,311.375,NaN
2021-07-17T12:00:00Z,0.0,-27.625,311.625,18.07
2021-07-17T12:00:00Z,0.0,-27.375,311.125,NaN
2021-07-17T12:00:00Z,0.0,-27.375,311.375,NaN
2021-07-17T12:00:00Z,0.0,-27.375,311.625,18.33
2021-07-18T12:00:00Z,0.0,-27.875,311.125,NaN
2021-07-18T12:00:00Z,0.0,-27.875,311.375,NaN
2021-07-18T12:00:00Z,0.0,-27.875,311.625,17.83
2021-07-18T12:00:00Z,0.0,-27.625,311.125,NaN
2021-07-18T12:00:00Z,0.0,-27.625,311.375,NaN
2021-07-18T12:00:00Z,0.0,-27.625,311.625,18.08
2021-07-18T12:00:00Z,0.0,-27.375,311.125,NaN
2021-07-18T12:00:00Z,0.0,-27.375,311.375,NaN
2021-07-18T12:00:00Z,0.0,-27.375,311.625,18.31
2021-07-19T12:00:00Z,0.0,-27.875,311.125,NaN
2021-07-19T12:00:00Z,0.0,-27.875,311.375,NaN
2021-07-19T12:00:00Z,0.0,-27.875,311.625,17.82
2021-07-19T12:00:00Z,0.0,-27.625,311.125,NaN
2021-07-19T12:00:00Z,0.0,-27.625,311.375,NaN
2021-07-19T12:00:00Z,0.0,-27.625,311.625,18.05
2021-07-19T12:00:00Z,0.0,-27.375,311.125,NaN
2021-07-19T12:00:00Z,0.0,-27.375,311.375,NaN
2021-07-19T12:00:00Z,0.0,-27.375,311.625,18.25
2021-07-20T12:00:00Z,0.0,-27.875,311.125,NaN
2021-07-20T12:00:00Z,0.0,-27.875,311.375,NaN
2021-07-20T12:00:00Z,0.0,-27.875,311.625,17.869999
2021-07-20T12:00:00Z,0.0,-27.625,311.125,NaN
2021-07-20T12:00:00Z,0.0,-27.625,311.375,NaN
2021-07-20T12:00:00Z,0.0,-27.625,311.625,18.109999
2021-07-20T12:00:00Z,0.0,-27.375,311.125,NaN
2021-07-20T12:00:00Z,0.0,-27.375,311.375,NaN
2021-07-20T12:00:00Z,0.0,-27.375,311.625,18.32
2021-07-21T12:00:00Z,0.0,-27.875,311.125,NaN
2021-07-21T12:00:00Z,0.0,-27.875,311.375,NaN
2021-07-21T12:00:00Z,0.0,-27.875,311.625,17.949999
2021-07-21T12:00:00Z,0.0,-27.625,311.125,NaN
2021-07-21T12:00:00Z,0.0,-27.625,311.375,NaN
2021-07-21T12:00:00Z,0.0,-27.625,311.625,18.21
2021-07-21T12:00:00Z,0.0,-27.375,311.125,NaN
2021-07-21T12:00:00Z,0.0,-27.375,311.375,NaN
2021-07-21T12:00:00Z,0.0,-27.375,311.625,18.449999
2021-07-22T12:00:00Z,0.0,-27.875,311.125,NaN
2021-07-22T12:00:00Z,0.0,-27.875,311.375,NaN
2021-07-22T12:00:00Z,0.0,-27.875,311.625,17.89
2021-07-22T12:00:00Z,0.0,-27.625,311.125,NaN
2021-07-22T12:00:00Z,0.0,-27.625,311.375,NaN
2021-07-22T12:00:00Z,0.0,-27.625,311.625,18.23
2021-07-22T12:00:00Z,0.0,-27.375,311.125,NaN
2021-07-22T12:00:00Z,0.0,-27.375,311.375,NaN
2021-07-22T12:00:00Z,0.0,-27.375,311.625,18.51
2021-07-23T12:00:00Z,0.0,-27.875,311.125,NaN
2021-07-23T12:00:00Z,0.0,-27.875,311.375,NaN
2021-07-23T12:00:00Z,0.0,-27.875,311.625,17.81
2021-07-23T12:00:00Z,0.0,-27.625,311.125,NaN
2021-07-23T12:00:00Z,0.0,-27.625,311.375,NaN
2021-07-23T12:00:00Z,0.0,-27.625,311.625,18.17
2021-07-23T12:00:00Z,0.0,-27.375,311.125,NaN
2021-07-23T12:00:00Z,0.0,-27.375,311.375,NaN
2021-07-23T12:00:00Z,0.0,-27.375,311.625,18.449999
2021-07-24T12:00:00Z,0.0,-27.875,311.125,NaN
2021-07-24T12:00:00Z,0.0,-27.875,311.375,NaN
2021-07-24T12:00:00Z,0.0,-27.875,311.625,17.93
2021-07-24T12:00:00Z,0.0,-27.625,311.125,NaN
2021-07-24T12:00:00Z,0.0,-27.625,311.375,NaN
2021-07-24T12:00:00Z,0.0,-27.625,311.625,18.31
2021-07-24T12:00:00Z,0.0,-27.375,311.125,NaN
2021-07-24T12:00:00Z,0.0,-27.375,311.375,NaN
2021-07-24T12:00:00Z,0.0,-27.375,311.625,18.63
2021-07-25T12:00:00Z,0.0,-27.875,311.125,NaN
2021-07-25T12:00:00Z,0.0,-27.875,311.375,NaN
2021-07-25T12:00:00Z,0.0,-27.875,311.625,18.27
2021-07-25T12:00:00Z,0.0,-27.625,311.125,NaN
2021-07-25T12:00:00Z,0.0,-27.625,311.375,NaN
2021-07-25T12:00:00Z,0.0,-27.625,311.625,18.699999
2021-07-25T12:00:00Z,0.0,-27.375,311.125,NaN
2021-07-25T12:00:00Z,0.0,-27.375,311.375,NaN
2021-07-25T12:00:00Z,0.0,-27.375,311.625,18.9
2021-07-26T12:00:00Z,0.0,-27.875,311.125,NaN
2021-07-26T12:00:00Z,0.0,-27.875,311.375,NaN
2021-07-26T12:00:00Z,0.0,-27.875,311.625,18.5
2021-07-26T12:00:00Z,0.0,-27.625,311.125,NaN
2021-07-26T12:00:00Z,0.0,-27.625,311.375,NaN
2021-07-26T12:00:00Z,0.0,-27.625,311.625,18.859999
2021-07-26T12:00:00Z,0.0,-27.375,311.125,NaN
2021-07-26T12:00:00Z,0.0,-27.375,311.375,NaN
2021-07-26T12:00:00Z,0.0,-27.375,311.625,19.039999
2021-07-27T12:00:00Z,0.0,-27.875,311.125,NaN
2021-07-27T12:00:00Z,0.0,-27.875,311.375,NaN
2021-07-27T12:00:00Z,0.0,-27.875,311.625,17.83
2021-07-27T12:00:00Z,0.0,-27.625,311.125,NaN
2021-07-27T12:00:00Z,0.0,-27.625,311.375,NaN
2021-07-27T12:00:00Z,0.0,-27.625,311.625,18.19
2021-07-27T12:00:00Z,0.0,-27.375,311.125,NaN
2021-07-27T12:00:00Z,0.0,-27.375,311.375,NaN
2021-07-27T12:00:00Z,0.0,-27.375,311.625,18.48
2021-07-28T12:00:00Z,0.0,-27.875,311.125,NaN
2021-07-28T12:00:00Z,0.0,-27.875,311.375,NaN
2021-07-28T12:00:00Z,0.0,-27.875,311.625,17.529999
2021-07-28T12:00:00Z,0.0,-27.625,311.125,NaN
2021-07-28T12:00:00Z,0.0,-27.625,311.375,NaN
2021-07-28T12:00:00Z,0.0,-27.625,311.625,17.88
2021-07-28T12:00:00Z,0.0,-27.375,311.125,NaN
2021-07-28T12:00:00Z,0.0,-27.375,311.375,NaN
2021-07-28T12:00:00Z,0.0,-27.375,311.625,18.199999
2021-07-29T12:00:00Z,0.0,-27.875,311.125,NaN
2021-07-29T12:00:00Z,0.0,-27.875,311.375,NaN
2021-07-29T12:00:00Z,0.0,-27.875,311.625,17.029999
2021-07-29T12:00:00Z,0.0,-27.625,311.125,NaN
2021-07-29T12:00:00Z,0.0,-27.625,311.375,NaN
2021-07-29T12:00:00Z,0.0,-27.625,311.625,17.42
2021-07-29T12:00:00Z,0.0,-27.375,311.125,NaN
2021-07-29T12:00:00Z,0.0,-27.375,311.375,NaN
2021-07-29T12:00:00Z,0.0,-27.375,311.625,17.85
2021-07-30T12:00:00Z,0.0,-27.875,311.125,NaN
2021-07-30T12:00:00Z,0.0,-27.875,311.375,NaN
2021-07-30T12:00:00Z,0.0,-27.875,311.625,16.92
2021-07-30T12:00:00Z,0.0,-27.625,311.125,NaN
2021-07-30T12:00:00Z,0.0,-27.625,311.375,NaN
2021-07-30T12:00:00Z,0.0,-27.625,311.625,17.3
2021-07-30T12:00:00Z,0.0,-27.375,311.125,NaN
2021-07-30T12:00:00Z,0.0,-27.375,311.375,NaN
2021-07-30T12:00:00Z,0.0,-27.375,311.625,17.67
2021-07-31T12:00:00Z,0.0,-27.875,311.125,NaN
2021-07-31T12:00:00Z,0.0,-27.875,311.375,NaN
2021-07-31T12:00:00Z,0.0,-27.875,311.625,16.31
2021-07-31T12:00:00Z,0.0,-27.625,311.125,NaN
2021-07-31T12:00:00Z,0.0,-27.625,311.375,NaN
2021-07-31T12:00:00Z,0.0,-27.625,311.625,16.609999
2021-07-31T12:00:00Z,0.0,-27.375,311.125,NaN
2021-07-31T12:00:00Z,0.0,-27.375,311.375,NaN
2021-07-31T12:00:00Z,0.0,-27.375,311.625,16.949999
2021-08-01T12:00:00Z,0.0,-27.875,311.125,NaN
2021-08-01T12:00:00Z,0.0,-27.875,311.375,NaN
2021-08-01T12:00:00Z,0.0,-27.875,311.625,16.199999
2021-08-01T12:00:00Z,0.0,-27.625,311.125,NaN
2021-08-01T12:00:00Z,0.0,-27.625,311.375,NaN
2021-08-01T12:00:00Z,0.0,-27.625,311.625,16.56
2021-08-01T12:00:00Z,0.0,-27.375,311.125,NaN
2021-08-01T12:00:00Z,0.0,-27.375,311.375,NaN
2021-08-01T12:00:00Z,0.0,-27.375,311.625,16.93
2021-08-02T12:00:00Z,0.0,-27.875,311.125,NaN
2021-08-02T12:00:00Z,0.0,-27.875,311.375,NaN
2021-08-02T12:00:00Z,0.0,-27.875,311.625,16.32
2021-08-02T12:00:00Z,0.0,-27.625,311.125,NaN
2021-08-02T12:00:00Z,0.0,-27.625,311.375,NaN
2021-08-02T12:00:00Z,0.0,-27.625,311.625,16.74
2021-08-02T12:00:00Z,0.0,-27.375,311.125,NaN
2021-08-02T12:00:00Z,0.0,-27.375,311.375,NaN
2021-08-02T12:00:00Z,0.0,-27.375,311.625,17.14
2021-08-03T12:00:00Z,0.0,-27.875,311.125,NaN
2021-08-03T12:00:00Z,0.0,-27.875,311.375,NaN
2021-08-03T12:00:00Z,0.0,-27.875,311.625,16.279999
2021-08-03T12:00:00Z,0.0,-27.625,311.125,NaN
2021-08-03T12:00:00Z,0.0,-27.625,311.375,NaN
2021-08-03T12:00:00Z,0.0,-27.625,311.625,16.76
2021-08-03T12:00:00Z,0.0,-27.375,311.125,NaN
2021-08-03T12:00:00Z,0.0,-27.375,311.375,NaN
2021-08-03T12:00:00Z,0.0,-27.375,311.625,17.109999
2021-08-04T12:00:00Z,0.0,-27.875,311.125,NaN
2021-08-04T12:00:00Z,0.0,-27.875,311.375,NaN
2021-08-04T12:00:00Z,0.0,-27.875,311.625,16.43
2021-08-04T12:00:00Z,0.0,-27.625,311.125,NaN
2021-08-04T12:00:00Z,0.0,-27.625,311.375,NaN
2021-08-04T12:00:00Z,0.0,-27.625,311.625,16.789999
2021-08-04T12:00:00Z,0.0,-27.375,311.125,NaN
2021-08-04T12:00:00Z,0.0,-27.375,311.375,NaN
2021-08-04T12:00:00Z,0.0,-27.375,311.625,17.1
2021-08-05T12:00:00Z,0.0,-27.875,311.125,NaN
2021-08-05T12:00:00Z,0.0,-27.875,311.375,NaN
2021-08-05T12:00:00Z,0.0,-27.875,311.625,16.32
2021-08-05T12:00:00Z,0.0,-27.625,311.125,NaN
2021-08-05T12:00:00Z,0.0,-27.625,311.375,NaN
2021-08-05T12:00:00Z,0.0,-27.625,311.625,16.59
2021-08-05T12:00:00Z,0.0,-27.375,311.125,NaN
2021-08-05T12:00:00Z,0.0,-27.375,311.375,NaN
2021-08-05T12:00:00Z,0.0,-27.375,311.625,16.85
2021-08-06T12:00:00Z,0.0,-27.875,311.125,NaN
2021-08-06T12:00:00Z,0.0,-27.875,311.375,NaN
2021-08-06T12:00:00Z,0.0,-27.875,311.625,16.359999
2021-08-06T12:00:00Z,0.0,-27.625,311.125,NaN
2021-08-06T12:00:00Z,0.0,-27.625,311.375,NaN
2021-08-06T12:00:00Z,0.0,-27.625,311.625,16.76
2021-08-06T12:00:00Z,0.0,-27.375,311.125,NaN
2021-08-06T12:00:00Z,0.0,-27.375,311.375,NaN
2021-08-06T12:00:00Z,0.0,-27.375,311.625,17.1
2021-08-07T12:00:00Z,0.0,-27.875,311.125,NaN
2021-08-07T12:00:00Z,0.0,-27.875,311.375,NaN
2021-08-07T12:00:00Z,0.0,-27.875,311.625,16.68
2021-08-07T12:00:00Z,0.0,-27.625,311.125,NaN
2021-08-07T12:00:00Z,0.0,-27.625,311.375,NaN
2021-08-07T12:00:00Z,0.0,-27.625,311.625,17.01
2021-08-07T12:00:00Z,0.0,-27.375,311.125,NaN
2021-08-07T12:00:00Z,0.0,-27.375,311.375,NaN
2021-08-07T12:00:00Z,0.0,-27.375,311.625,17.24
2021-08-08T12:00:00Z,0.0,-27.875,311.125,NaN
2021-08-08T12:00:00Z,0.0,-27.875,311.375,NaN
2021-08-08T12:00:00Z,0.0,-27.875,311.625,16.859999
2021-08-08T12:00:00Z,0.0,-27.625,311.125,NaN
2021-08-08T12:00:00Z,0.0,-27.625,311.375,NaN
2021-08-08T12:00:00Z,0.0,-27.625,311.625,17.09
2021-08-08T12:00:00Z,0.0,-27.375,311.125,NaN
2021-08-08T12:00:00Z,0.0,-27.375,311.375,NaN
2021-08-08T12:00:00Z,0.0,-27.375,311.625,17.26
2021-08-09T12:00:00Z,0.0,-27.875,311.125,NaN
2021-08-09T12:00:00Z,0.0,-27.875,311.375,NaN
2021-08-09T12:00:00Z,0.0,-27.875,311.625,16.76
2021-08-09T12:00:00Z,0.0,-27.625,311.125,NaN
2021-08-09T12:00:00Z,0.0,-27.625,311.375,NaN
2021-08-09T12:00:00Z,0.0,-27.625,311.625,17.01
2021-08-09T12:00:00Z,0.0,-27.375,311.125,NaN
2021-08-09T12:00:00Z,0.0,-27.375,311.375,NaN
2021-08-09T12:00:00Z,0.0,-27.375,311.625,17.199999
2021-08-10T12:00:00Z,0.0,-27.875,311.125,NaN
2021-08-10T12:00:00Z,0.0,-27.875,311.375,NaN
2021-08-10T12:00:00Z,0.0,-27.875,311.625,16.789999
2021-08-10T12:00:00Z,0.0,-27.625,311.125,NaN
2021-08-10T12:00:00Z,0.0,-27.625,311.375,NaN
2021-08-10T12:00:00Z,0.0,-27.625,311.625,17.09
2021-08-10T12:00:00Z,0.0,-27.375,311.125,NaN
2021-08-10T12:00:00Z,0.0,-27.375,311.375,NaN
2021-08-10T12:00:00Z,0.0,-27.375,311.625,17.24
2021-08-11T12:00:00Z,0.0,-27.875,311.125,NaN
2021-08-11T12:00:00Z,0.0,-27.875,311.375,NaN
2021-08-11T12:00:00Z,0.0,-27.875,311.625,16.8
2021-08-11T12:00:00Z,0.0,-27.625,311.125,NaN
2021-08-11T12:00:00Z,0.0,-27.625,311.375,NaN
2021-08-11T12:00:00Z,0.0,-27.625,311.625,17.14
2021-08-11T12:00:00Z,0.0,-27.375,311.125,NaN
2021-08-11T12:00:00Z,0.0,-27.375,311.375,NaN
2021-08-11T12:00:00Z,0.0,-27.375,311.625,17.52
2021-08-12T12:00:00Z,0.0,-27.875,311.125,NaN
2021-08-12T12:00:00Z,0.0,-27.875,311.375,NaN
2021-08-12T12:00:00Z,0.0,-27.875,311.625,16.81
2021-08-12T12:00:00Z,0.0,-27.625,311.125,NaN
2021-08-12T12:00:00Z,0.0,-27.625,311.375,NaN
2021-08-12T12:00:00Z,0.0,-27.625,311.625,17.109999
2021-08-12T12:00:00Z,0.0,-27.375,311.125,NaN
2021-08-12T12:00:00Z,0.0,-27.375,311.375,NaN
2021-08-12T12:00:00Z,0.0,-27.375,311.625,17.51
2021-08-13T12:00:00Z,0.0,-27.875,311.125,NaN
2021-08-13T12:00:00Z,0.0,-27.875,311.375,NaN
2021-08-13T12:00:00Z,0.0,-27.875,311.625,16.74
2021-08-13T12:00:00Z,0.0,-27.625,311.125,NaN
2021-08-13T12:00:00Z,0.0,-27.625,311.375,NaN
2021-08-13T12:00:00Z,0.0,-27.625,311.625,16.949999
2021-08-13T12:00:00Z,0.0,-27.375,311.125,NaN
2021-08-13T12:00:00Z,0.0,-27.375,311.375,NaN
2021-08-13T12:00:00Z,0.0,-27.375,311.625,17.24
2021-08-14T12:00:00Z,0.0,-27.875,311.125,NaN
2021-08-14T12:00:00Z,0.0,-27.875,311.375,NaN
2021-08-14T12:00:00Z,0.0,-27.875,311.625,16.66
2021-08-14T12:00:00Z,0.0,-27.625,311.125,NaN
2021-08-14T12:00:00Z,0.0,-27.625,311.375,NaN
2021-08-14T12:00:00Z,0.0,-27.625,311.625,16.949999
2021-08-14T12:00:00Z,0.0,-27.375,311.125,NaN
2021-08-14T12:00:00Z,0.0,-27.375,311.375,NaN
2021-08-14T12:00:00Z,0.0,-27.375,311.625,17.1
2021-08-15T12:00:00Z,0.0,-27.875,311.125,NaN
2021-08-15T12:00:00Z,0.0,-27.875,311.375,NaN
2021-08-15T12:00:00Z,0.0,-27.875,311.625,16.71
2021-08-15T12:00:00Z,0.0,-27.625,311.125,NaN
2021-08-15T12:00:00Z,0.0,-27.625,311.375,NaN
2021-08-15T12:00:00Z,0.0,-27.625,311.625,16.949999
2021-08-15T12:00:00Z,0.0,-27.375,311.125,NaN
2021-08-15T12:00:00Z,0.0,-27.375,311.375,NaN
2021-08-15T12:00:00Z,0.0,-27.375,311.625,17.029999
2021-08-16T12:00:00Z,0.0,-27.875,311.125,NaN
2021-08-16T12:00:00Z,0.0,-27.875,311.375,NaN
2021-08-16T12:00:00Z,0.0,-27.875,311.625,16.68
2021-08-16T12:00:00Z,0.0,-27.625,311.125,NaN
2021-08-16T12:00:00Z,0.0,-27.625,311.375,NaN
2021-08-16T12:00:00Z,0.0,-27.625,311.625,16.74
2021-08-16T12:00:00Z,0.0,-27.375,311.125,NaN
2021-08-16T12:00:00Z,0.0,-27.375,311.375,NaN
2021-08-16T12:00:00Z,0.0,-27.375,311.625,16.91
2021-08-17T12:00:00Z,0.0,-27.875,311.125,NaN
2021-08-17T12:00:00Z,0.0,-27.875,311.375,NaN
2021-08-17T12:00:00Z,0.0,-27.875,311.625,16.52
2021-08-17T12:00:00Z,0.0,-27.625,311.125,NaN
2021-08-17T12:00:00Z,0.0,-27.625,311.375,NaN
2021-08-17T12:00:00Z,0.0,-27.625,311.625,16.63
2021-08-17T12:00:00Z,0.0,-27.375,311.125,NaN
2021-08-17T12:00:00Z,0.0,-27.375,311.375,NaN
2021-08-17T12:00:00Z,0.0,-27.375,311.625,16.84
2021-08-18T12:00:00Z,0.0,-27.875,311.125,NaN
2021-08-18T12:00:00Z,0.0,-27.875,311.375,NaN
2021-08-18T12:00:00Z,0.0,-27.875,311.625,16.529999
2021-08-18T12:00:00Z,0.0,-27.625,311.125,NaN
2021-08-18T12:00:00Z,0.0,-27.625,311.375,NaN
2021-08-18T12:00:00Z,0.0,-27.625,311.625,16.64
2021-08-18T12:00:00Z,0.0,-27.375,311.125,NaN
2021-08-18T12:00:00Z,0.0,-27.375,311.375,NaN
2021-08-18T12:00:00Z,0.0,-27.375,311.625,16.88
2021-08-19T12:00:00Z,0.0,-27.875,311.125,NaN
2021-08-19T12:00:00Z,0.0,-27.875,311.375,NaN
2021-08-19T12:00:00Z,0.0,-27.875,311.625,16.859999
2021-08-19T12:00:00Z,0.0,-27.625,311.125,NaN
2021-08-19T12:00:00Z,0.0,-27.625,311.375,NaN
2021-08-19T12:00:00Z,0.0,-27.625,311.625,16.94
2021-08-19T12:00:00Z,0.0,-27.375,311.125,NaN
2021-08-19T12:00:00Z,0.0,-27.375,311.375,NaN
2021-08-19T12:00:00Z,0.0,-27.375,311.625,17.13
2021-08-20T12:00:00Z,0.0,-27.875,311.125,NaN
2021-08-20T12:00:00Z,0.0,-27.875,311.375,NaN
2021-08-20T12:00:00Z,0.0,-27.875,311.625,16.92
2021-08-20T12:00:00Z,0.0,-27.625,311.125,NaN
2021-08-20T12:00:00Z,0.0,-27.625,311.375,NaN
2021-08-20T12:00:00Z,0.0,-27.625,311.625,17.0
2021-08-20T12:00:00Z,0.0,-27.375,311.125,NaN
2021-08-20T12:00:00Z,0.0,-27.375,311.375,NaN
2021-08-20T12:00:00Z,0.0,-27.375,311.625,17.16
2021-08-21T12:00:00Z,0.0,-27.875,311.125,NaN
2021-08-21T12:00:00Z,0.0,-27.875,311.375,NaN
2021-08-21T12:00:00Z,0.0,-27.875,311.625,16.99
2021-08-21T12:00:00Z,0.0,-27.625,311.125,NaN
2021-08-21T12:00:00Z,0.0,-27.625,311.375,NaN
2021-08-21T12:00:00Z,0.0,-27.625,311.625,17.039999
2021-08-21T12:00:00Z,0.0,-27.375,311.125,NaN
2021-08-21T12:00:00Z,0.0,-27.375,311.375,NaN
2021-08-21T12:00:00Z,0.0,-27.375,311.625,17.199999
2021-08-22T12:00:00Z,0.0,-27.875,311.125,NaN
2021-08-22T12:00:00Z,0.0,-27.875,311.375,NaN
2021-08-22T12:00:00Z,0.0,-27.875,311.625,17.13
2021-08-22T12:00:00Z,0.0,-27.625,311.125,NaN
2021-08-22T12:00:00Z,0.0,-27.625,311.375,NaN
2021-08-22T12:00:00Z,0.0,-27.625,311.625,17.13
2021-08-22T12:00:00Z,0.0,-27.375,311.125,NaN
2021-08-22T12:00:00Z,0.0,-27.375,311.375,NaN
2021-08-22T12:00:00Z,0.0,-27.375,311.625,17.23
2021-08-23T12:00:00Z,0.0,-27.875,311.125,NaN
2021-08-23T12:00:00Z,0.0,-27.875,311.375,NaN
2021-08-23T12:00:00Z,0.0,-27.875,311.625,17.44
2021-08-23T12:00:00Z,0.0,-27.625,311.125,NaN
2021-08-23T12:00:00Z,0.0,-27.625,311.375,NaN
2021-08-23T12:00:00Z,0.0,-27.625,311.625,17.41
2021-08-23T12:00:00Z,0.0,-27.375,311.125,NaN
2021-08-23T12:00:00Z,0.0,-27.375,311.375,NaN
2021-08-23T12:00:00Z,0.0,-27.375,311.625,17.46
2021-08-24T12:00:00Z,0.0,-27.875,311.125,NaN
2021-08-24T12:00:00Z,0.0,-27.875,311.375,NaN
2021-08-24T12:00:00Z,0.0,-27.875,311.625,17.56
2021-08-24T12:00:00Z,0.0,-27.625,311.125,NaN
2021-08-24T12:00:00Z,0.0,-27.625,311.375,NaN
2021-08-24T12:00:00Z,0.0,-27.625,311.625,17.56
2021-08-24T12:00:00Z,0.0,-27.375,311.125,NaN
2021-08-24T12:00:00Z,0.0,-27.375,311.375,NaN
2021-08-24T12:00:00Z,0.0,-27.375,311.625,17.57
2021-08-25T12:00:00Z,0.0,-27.875,311.125,NaN
2021-08-25T12:00:00Z,0.0,-27.875,311.375,NaN
2021-08-25T12:00:00Z,0.0,-27.875,311.625,17.859999
2021-08-25T12:00:00Z,0.0,-27.625,311.125,NaN
2021-08-25T12:00:00Z,0.0,-27.625,311.375,NaN
2021-08-25T12:00:00Z,0.0,-27.625,311.625,17.89
2021-08-25T12:00:00Z,0.0,-27.375,311.125,NaN
2021-08-25T12:00:00Z,0.0,-27.375,311.375,NaN
2021-08-25T12:00:00Z,0.0,-27.375,311.625,17.89
2021-08-26T12:00:00Z,0.0,-27.875,311.125,NaN
2021-08-26T12:00:00Z,0.0,-27.875,311.375,NaN
2021-08-26T12:00:00Z,0.0,-27.875,311.625,17.82
2021-08-26T12:00:00Z,0.0,-27.625,311.125,NaN
2021-08-26T12:00:00Z,0.0,-27.625,311.375,NaN
2021-08-26T12:00:00Z,0.0,-27.625,311.625,17.98
2021-08-26T12:00:00Z,0.0,-27.375,311.125,NaN
2021-08-26T12:00:00Z,0.0,-27.375,311.375,NaN
2021-08-26T12:00:00Z,0.0,-27.375,311.625,18.029999
2021-08-27T12:00:00Z,0.0,-27.875,311.125,NaN
2021-08-27T12:00:00Z,0.0,-27.875,311.375,NaN
2021-08-27T12:00:00Z,0.0,-27.875,311.625,17.57
2021-08-27T12:00:00Z,0.0,-27.625,311.125,NaN
2021-08-27T12:00:00Z,0.0,-27.625,311.375,NaN
2021-08-27T12:00:00Z,0.0,-27.625,311.625,17.699999
2021-08-27T12:00:00Z,0.0,-27.375,311.125,NaN
2021-08-27T12:00:00Z,0.0,-27.375,311.375,NaN
2021-08-27T12:00:00Z,0.0,-27.375,311.625,17.779999
2021-08-28T12:00:00Z,0.0,-27.875,311.125,NaN
2021-08-28T12:00:00Z,0.0,-27.875,311.375,NaN
2021-08-28T12:00:00Z,0.0,-27.875,311.625,17.51
2021-08-28T12:00:00Z,0.0,-27.625,311.125,NaN
2021-08-28T12:00:00Z,0.0,-27.625,311.375,NaN
2021-08-28T12:00:00Z,0.0,-27.625,311.625,17.66
2021-08-28T12:00:00Z,0.0,-27.375,311.125,NaN
2021-08-28T12:00:00Z,0.0,-27.375,311.375,NaN
2021-08-28T12:00:00Z,0.0,-27.375,311.625,17.71
2021-08-29T12:00:00Z,0.0,-27.875,311.125,NaN
2021-08-29T12:00:00Z,0.0,-27.875,311.375,NaN
2021-08-29T12:00:00Z,0.0,-27.875,311.625,17.47
2021-08-29T12:00:00Z,0.0,-27.625,311.125,NaN
2021-08-29T12:00:00Z,0.0,-27.625,311.375,NaN
2021-08-29T12:00:00Z,0.0,-27.625,311.625,17.41
2021-08-29T12:00:00Z,0.0,-27.375,311.125,NaN
2021-08-29T12:00:00Z,0.0,-27.375,311.375,NaN
2021-08-29T12:00:00Z,0.0,-27.375,311.625,17.33
2021-08-30T12:00:00Z,0.0,-27.875,311.125,NaN
2021-08-30T12:00:00Z,0.0,-27.875,311.375,NaN
2021-08-30T12:00:00Z,0.0,-27.875,311.625,17.529999
2021-08-30T12:00:00Z,0.0,-27.625,311.125,NaN
2021-08-30T12:00:00Z,0.0,-27.625,311.375,NaN
2021-08-30T12:00:00Z,0.0,-27.625,311.625,17.52
2021-08-30T12:00:00Z,0.0,-27.375,311.125,NaN
2021-08-30T12:00:00Z,0.0,-27.375,311.375,NaN
2021-08-30T12:00:00Z,0.0,-27.375,311.625,17.46
2021-08-31T12:00:00Z,0.0,-27.875,311.125,NaN
2021-08-31T12:00:00Z,0.0,-27.875,311.375,NaN
2021-08-31T12:00:00Z,0.0,-27.875,311.625,17.52
2021-08-31T12:00:00Z,0.0,-27.625,311.125,NaN
2021-08-31T12:00:00Z,0.0,-27.625,311.375,NaN
2021-08-31T12:00:00Z,0.0,-27.625,311.625,17.59
2021-08-31T12:00:00Z,0.0,-27.375,311.125,NaN
2021-08-31T12:00:00Z,0.0,-27.375,311.375,NaN
2021-08-31T12:00:00Z,0.0,-27.375,311.625,17.609999
2021-09-01T12:00:00Z,0.0,-27.875,311.125,NaN
2021-09-01T12:00:00Z,0.0,-27.875,311.375,NaN
2021-09-01T12:00:00Z,0.0,-27.875,311.625,17.57
2021-09-01T12:00:00Z,0.0,-27.625,311.125,NaN
2021-09-01T12:00:00Z,0.0,-27.625,311.375,NaN
2021-09-01T12:00:00Z,0.0,-27.625,311.625,17.67
2021-09-01T12:00:00Z,0.0,-27.375,311.125,NaN
2021-09-01T12:00:00Z,0.0,-27.375,311.375,NaN
2021-09-01T12:00:00Z,0.0,-27.375,311.625,17.72
2021-09-02T12:00:00Z,0.0,-27.875,311.125,NaN
2021-09-02T12:00:00Z,0.0,-27.875,311.375,NaN
2021-09-02T12:00:00Z,0.0,-27.875,311.625,17.6
2021-09-02T12:00:00Z,0.0,-27.625,311.125,NaN
2021-09-02T12:00:00Z,0.0,-27.625,311.375,NaN
2021-09-02T12:00:00Z,0.0,-27.625,311.625,17.69
2021-09-02T12:00:00Z,0.0,-27.375,311.125,NaN
2021-09-02T12:00:00Z,0.0,-27.375,311.375,NaN
2021-09-02T12:00:00Z,0.0,-27.375,311.625,17.73
2021-09-03T12:00:00Z,0.0,-27.875,311.125,NaN
2021-09-03T12:00:00Z,0.0,-27.875,311.375,NaN
2021-09-03T12:00:00Z,0.0,-27.875,311.625,18.039999
2021-09-03T12:00:00Z,0.0,-27.625,311.125,NaN
2021-09-03T12:00:00Z,0.0,-27.625,311.375,NaN
2021-09-03T12:00:00Z,0.0,-27.625,311.625,18.1
2021-09-03T12:00:00Z,0.0,-27.375,311.125,NaN
2021-09-03T12:00:00Z,0.0,-27.375,311.375,NaN
2021-09-03T12:00:00Z,0.0,-27.375,311.625,18.14
2021-09-04T12:00:00Z,0.0,-27.875,311.125,NaN
2021-09-04T12:00:00Z,0.0,-27.875,311.375,NaN
2021-09-04T12:00:00Z,0.0,-27.875,311.625,18.22
2021-09-04T12:00:00Z,0.0,-27.625,311.125,NaN
2021-09-04T12:00:00Z,0.0,-27.625,311.375,NaN
2021-09-04T12:00:00Z,0.0,-27.625,311.625,18.359999
2021-09-04T12:00:00Z,0.0,-27.375,311.125,NaN
2021-09-04T12:00:00Z,0.0,-27.375,311.375,NaN
2021-09-04T12:00:00Z,0.0,-27.375,311.625,18.5
2021-09-05T12:00:00Z,0.0,-27.875,311.125,NaN
2021-09-05T12:00:00Z,0.0,-27.875,311.375,NaN
2021-09-05T12:00:00Z,0.0,-27.875,311.625,18.369999
2021-09-05T12:00:00Z,0.0,-27.625,311.125,NaN
2021-09-05T12:00:00Z,0.0,-27.625,311.375,NaN
2021-09-05T12:00:00Z,0.0,-27.625,311.625,18.57
2021-09-05T12:00:00Z,0.0,-27.375,311.125,NaN
2021-09-05T12:00:00Z,0.0,-27.375,311.375,NaN
2021-09-05T12:00:00Z,0.0,-27.375,311.625,18.72
2021-09-06T12:00:00Z,0.0,-27.875,311.125,NaN
2021-09-06T12:00:00Z,0.0,-27.875,311.375,NaN
2021-09-06T12:00:00Z,0.0,-27.875,311.625,18.359999
2021-09-06T12:00:00Z,0.0,-27.625,311.125,NaN
2021-09-06T12:00:00Z,0.0,-27.625,311.375,NaN
2021-09-06T12:00:00Z,0.0,-27.625,311.625,18.55
2021-09-06T12:00:00Z,0.0,-27.375,311.125,NaN
2021-09-06T12:00:00Z,0.0,-27.375,311.375,NaN
2021-09-06T12:00:00Z,0.0,-27.375,311.625,18.68
2021-09-07T12:00:00Z,0.0,-27.875,311.125,NaN
2021-09-07T12:00:00Z,0.0,-27.875,311.375,NaN
2021-09-07T12:00:00Z,0.0,-27.875,311.625,18.42
2021-09-07T12:00:00Z,0.0,-27.625,311.125,NaN
2021-09-07T12:00:00Z,0.0,-27.625,311.375,NaN
2021-09-07T12:00:00Z,0.0,-27.625,311.625,18.56
2021-09-07T12:00:00Z,0.0,-27.375,311.125,NaN
2021-09-07T12:00:00Z,0.0,-27.375,311.375,NaN
2021-09-07T12:00:00Z,0.0,-27.375,311.625,18.68
2021-09-08T12:00:00Z,0.0,-27.875,311.125,NaN
2021-09-08T12:00:00Z,0.0,-27.875,311.375,NaN
2021-09-08T12:00:00Z,0.0,-27.875,311.625,18.65
2021-09-08T12:00:00Z,0.0,-27.625,311.125,NaN
2021-09-08T12:00:00Z,0.0,-27.625,311.375,NaN
2021-09-08T12:00:00Z,0.0,-27.625,311.625,18.779999
2021-09-08T12:00:00Z,0.0,-27.375,311.125,NaN
2021-09-08T12:00:00Z,0.0,-27.375,311.375,NaN
2021-09-08T12:00:00Z,0.0,-27.375,311.625,18.88
2021-09-09T12:00:00Z,0.0,-27.875,311.125,NaN
2021-09-09T12:00:00Z,0.0,-27.875,311.375,NaN
2021-09-09T12:00:00Z,0.0,-27.875,311.625,18.73
2021-09-09T12:00:00Z,0.0,-27.625,311.125,NaN
2021-09-09T12:00:00Z,0.0,-27.625,311.375,NaN
2021-09-09T12:00:00Z,0.0,-27.625,311.625,18.77
2021-09-09T12:00:00Z,0.0,-27.375,311.125,NaN
2021-09-09T12:00:00Z,0.0,-27.375,311.375,NaN
2021-09-09T12:00:00Z,0.0,-27.375,311.625,18.8
2021-09-10T12:00:00Z,0.0,-27.875,311.125,NaN
2021-09-10T12:00:00Z,0.0,-27.875,311.375,NaN
2021-09-10T12:00:00Z,0.0,-27.875,311.625,18.81
2021-09-10T12:00:00Z,0.0,-27.625,311.125,NaN
2021-09-10T12:00:00Z,0.0,-27.625,311.375,NaN
2021-09-10T12:00:00Z,0.0,-27.625,311.625,18.85
2021-09-10T12:00:00Z,0.0,-27.375,311.125,NaN
2021-09-10T12:00:00Z,0.0,-27.375,311.375,NaN
2021-09-10T12:00:00Z,0.0,-27.375,311.625,18.859999
2021-09-11T12:00:00Z,0.0,-27.875,311.125,NaN
2021-09-11T12:00:00Z,0.0,-27.875,311.375,NaN
2021-09-11T12:00:00Z,0.0,-27.875,311.625,18.89
2021-09-11T12:00:00Z,0.0,-27.625,311.125,NaN
2021-09-11T12:00:00Z,0.0,-27.625,311.375,NaN
2021-09-11T12:00:00Z,0.0,-27.625,311.625,18.89
2021-09-11T12:00:00Z,0.0,-27.375,311.125,NaN
2021-09-11T12:00:00Z,0.0,-27.375,311.375,NaN
2021-09-11T12:00:00Z,0.0,-27.375,311.625,18.93
2021-09-12T12:00:00Z,0.0,-27.875,311.125,NaN
2021-09-12T12:00:00Z,0.0,-27.875,311.375,NaN
2021-09-12T12:00:00Z,0.0,-27.875,311.625,19.109999
2021-09-12T12:00:00Z,0.0,-27.625,311.125,NaN
2021-09-12T12:00:00Z,0.0,-27.625,311.375,NaN
2021-09-12T12:00:00Z,0.0,-27.625,311.625,19.039999
2021-09-12T12:00:00Z,0.0,-27.375,311.125,NaN
2021-09-12T12:00:00Z,0.0,-27.375,311.375,NaN
2021-09-12T12:00:00Z,0.0,-27.375,311.625,19.0
2021-09-13T12:00:00Z,0.0,-27.875,311.125,NaN
2021-09-13T12:00:00Z,0.0,-27.875,311.375,NaN
2021-09-13T12:00:00Z,0.0,-27.875,311.625,19.539999
2021-09-13T12:00:00Z,0.0,-27.625,311.125,NaN
2021-09-13T12:00:00Z,0.0,-27.625,311.375,NaN
2021-09-13T12:00:00Z,0.0,-27.625,311.625,19.56
2021-09-13T12:00:00Z,0.0,-27.375,311.125,NaN
2021-09-13T12:00:00Z,0.0,-27.375,311.375,NaN
2021-09-13T12:00:00Z,0.0,-27.375,311.625,19.58
2021-09-14T12:00:00Z,0.0,-27.875,311.125,NaN
2021-09-14T12:00:00Z,0.0,-27.875,311.375,NaN
2021-09-14T12:00:00Z,0.0,-27.875,311.625,19.58
2021-09-14T12:00:00Z,0.0,-27.625,311.125,NaN
2021-09-14T12:00:00Z,0.0,-27.625,311.375,NaN
2021-09-14T12:00:00Z,0.0,-27.625,311.625,19.63
2021-09-14T12:00:00Z,0.0,-27.375,311.125,NaN
2021-09-14T12:00:00Z,0.0,-27.375,311.375,NaN
2021-09-14T12:00:00Z,0.0,-27.375,311.625,19.699999
2021-09-15T12:00:00Z,0.0,-27.875,311.125,NaN
2021-09-15T12:00:00Z,0.0,-27.875,311.375,NaN
2021-09-15T12:00:00Z,0.0,-27.875,311.625,19.38
2021-09-15T12:00:00Z,0.0,-27.625,311.125,NaN
2021-09-15T12:00:00Z,0.0,-27.625,311.375,NaN
2021-09-15T12:00:00Z,0.0,-27.625,311.625,19.439999
2021-09-15T12:00:00Z,0.0,-27.375,311.125,NaN
2021-09-15T12:00:00Z,0.0,-27.375,311.375,NaN
2021-09-15T12:00:00Z,0.0,-27.375,311.625,19.57
2021-09-16T12:00:00Z,0.0,-27.875,311.125,NaN
2021-09-16T12:00:00Z,0.0,-27.875,311.375,NaN
2021-09-16T12:00:00Z,0.0,-27.875,311.625,19.3
2021-09-16T12:00:00Z,0.0,-27.625,311.125,NaN
2021-09-16T12:00:00Z,0.0,-27.625,311.375,NaN
2021-09-16T12:00:00Z,0.0,-27.625,311.625,19.38
2021-09-16T12:00:00Z,0.0,-27.375,311.125,NaN
2021-09-16T12:00:00Z,0.0,-27.375,311.375,NaN
2021-09-16T12:00:00Z,0.0,-27.375,311.625,19.539999
2021-09-17T12:00:00Z,0.0,-27.875,311.125,NaN
2021-09-17T12:00:00Z,0.0,-27.875,311.375,NaN
2021-09-17T12:00:00Z,0.0,-27.875,311.625,19.43
2021-09-17T12:00:00Z,0.0,-27.625,311.125,NaN
2021-09-17T12:00:00Z,0.0,-27.625,311.375,NaN
2021-09-17T12:00:00Z,0.0,-27.625,311.625,19.51
2021-09-17T12:00:00Z,0.0,-27.375,311.125,NaN
2021-09-17T12:00:00Z,0.0,-27.375,311.375,NaN
2021-09-17T12:00:00Z,0.0,-27.375,311.625,19.67
2021-09-18T12:00:00Z,0.0,-27.875,311.125,NaN
2021-09-18T12:00:00Z,0.0,-27.875,311.375,NaN
2021-09-18T12:00:00Z,0.0,-27.875,311.625,19.619999
2021-09-18T12:00:00Z,0.0,-27.625,311.125,NaN
2021-09-18T12:00:00Z,0.0,-27.625,311.375,NaN
2021-09-18T12:00:00Z,0.0,-27.625,311.625,19.84
2021-09-18T12:00:00Z,0.0,-27.375,311.125,NaN
2021-09-18T12:00:00Z,0.0,-27.375,311.375,NaN
2021-09-18T12:00:00Z,0.0,-27.375,311.625,20.15
2021-09-19T12:00:00Z,0.0,-27.875,311.125,NaN
2021-09-19T12:00:00Z,0.0,-27.875,311.375,NaN
2021-09-19T12:00:00Z,0.0,-27.875,311.625,19.99
2021-09-19T12:00:00Z,0.0,-27.625,311.125,NaN
2021-09-19T12:00:00Z,0.0,-27.625,311.375,NaN
2021-09-19T12:00:00Z,0.0,-27.625,311.625,20.34
2021-09-19T12:00:00Z,0.0,-27.375,311.125,NaN
2021-09-19T12:00:00Z,0.0,-27.375,311.375,NaN
2021-09-19T12:00:00Z,0.0,-27.375,311.625,20.66
2021-09-20T12:00:00Z,0.0,-27.875,311.125,NaN
2021-09-20T12:00:00Z,0.0,-27.875,311.375,NaN
2021-09-20T12:00:00Z,0.0,-27.875,311.625,20.02
2021-09-20T12:00:00Z,0.0,-27.625,311.125,NaN
2021-09-20T12:00:00Z,0.0,-27.625,311.375,NaN
2021-09-20T12:00:00Z,0.0,-27.625,311.625,20.34
2021-09-20T12:00:00Z,0.0,-27.375,311.125,NaN
2021-09-20T12:00:00Z,0.0,-27.375,311.375,NaN
2021-09-20T12:00:00Z,0.0,-27.375,311.625,20.59
2021-09-21T12:00:00Z,0.0,-27.875,311.125,NaN
2021-09-21T12:00:00Z,0.0,-27.875,311.375,NaN
2021-09-21T12:00:00Z,0.0,-27.875,311.625,20.109999
2021-09-21T12:00:00Z,0.0,-27.625,311.125,NaN
2021-09-21T12:00:00Z,0.0,-27.625,311.375,NaN
2021-09-21T12:00:00Z,0.0,-27.625,311.625,20.41
2021-09-21T12:00:00Z,0.0,-27.375,311.125,NaN
2021-09-21T12:00:00Z,0.0,-27.375,311.375,NaN
2021-09-21T12:00:00Z,0.0,-27.375,311.625,20.59
2021-09-22T12:00:00Z,0.0,-27.875,311.125,NaN
2021-09-22T12:00:00Z,0.0,-27.875,311.375,NaN
2021-09-22T12:00:00Z,0.0,-27.875,311.625,19.83
2021-09-22T12:00:00Z,0.0,-27.625,311.125,NaN
2021-09-22T12:00:00Z,0.0,-27.625,311.375,NaN
2021-09-22T12:00:00Z,0.0,-27.625,311.625,20.109999
2021-09-22T12:00:00Z,0.0,-27.375,311.125,NaN
2021-09-22T12:00:00Z,0.0,-27.375,311.375,NaN
2021-09-22T12:00:00Z,0.0,-27.375,311.625,20.31
2021-09-23T12:00:00Z,0.0,-27.875,311.125,NaN
2021-09-23T12:00:00Z,0.0,-27.875,311.375,NaN
2021-09-23T12:00:00Z,0.0,-27.875,311.625,19.81
2021-09-23T12:00:00Z,0.0,-27.625,311.125,NaN
2021-09-23T12:00:00Z,0.0,-27.625,311.375,NaN
2021-09-23T12:00:00Z,0.0,-27.625,311.625,20.029999
2021-09-23T12:00:00Z,0.0,-27.375,311.125,NaN
2021-09-23T12:00:00Z,0.0,-27.375,311.375,NaN
2021-09-23T12:00:00Z,0.0,-27.375,311.625,20.18
2021-09-24T12:00:00Z,0.0,-27.875,311.125,NaN
2021-09-24T12:00:00Z,0.0,-27.875,311.375,NaN
2021-09-24T12:00:00Z,0.0,-27.875,311.625,20.119999
2021-09-24T12:00:00Z,0.0,-27.625,311.125,NaN
2021-09-24T12:00:00Z,0.0,-27.625,311.375,NaN
2021-09-24T12:00:00Z,0.0,-27.625,311.625,20.199999
2021-09-24T12:00:00Z,0.0,-27.375,311.125,NaN
2021-09-24T12:00:00Z,0.0,-27.375,311.375,NaN
2021-09-24T12:00:00Z,0.0,-27.375,311.625,20.24
2021-09-25T12:00:00Z,0.0,-27.875,311.125,NaN
2021-09-25T12:00:00Z,0.0,-27.875,311.375,NaN
2021-09-25T12:00:00Z,0.0,-27.875,311.625,20.21
2021-09-25T12:00:00Z,0.0,-27.625,311.125,NaN
2021-09-25T12:00:00Z,0.0,-27.625,311.375,NaN
2021-09-25T12:00:00Z,0.0,-27.625,311.625,20.23
2021-09-25T12:00:00Z,0.0,-27.375,311.125,NaN
2021-09-25T12:00:00Z,0.0,-27.375,311.375,NaN
2021-09-25T12:00:00Z,0.0,-27.375,311.625,20.24
2021-09-26T12:00:00Z,0.0,-27.875,311.125,NaN
2021-09-26T12:00:00Z,0.0,-27.875,311.375,NaN
2021-09-26T12:00:00Z,0.0,-27.875,311.625,20.41
2021-09-26T12:00:00Z,0.0,-27.625,311.125,NaN
2021-09-26T12:00:00Z,0.0,-27.625,311.375,NaN
2021-09-26T12:00:00Z,0.0,-27.625,311.625,20.43
2021-09-26T12:00:00Z,0.0,-27.375,311.125,NaN
2021-09-26T12:00:00Z,0.0,-27.375,311.375,NaN
2021-09-26T12:00:00Z,0.0,-27.375,311.625,20.43
2021-09-27T12:00:00Z,0.0,-27.875,311.125,NaN
2021-09-27T12:00:00Z,0.0,-27.875,311.375,NaN
2021-09-27T12:00:00Z,0.0,-27.875,311.625,20.8
2021-09-27T12:00:00Z,0.0,-27.625,311.125,NaN
2021-09-27T12:00:00Z,0.0,-27.625,311.375,NaN
2021-09-27T12:00:00Z,0.0,-27.625,311.625,20.92
2021-09-27T12:00:00Z,0.0,-27.375,311.125,NaN
2021-09-27T12:00:00Z,0.0,-27.375,311.375,NaN
2021-09-27T12:00:00Z,0.0,-27.375,311.625,21.02
2021-09-28T12:00:00Z,0.0,-27.875,311.125,NaN
2021-09-28T12:00:00Z,0.0,-27.875,311.375,NaN
2021-09-28T12:00:00Z,0.0,-27.875,311.625,21.0
2021-09-28T12:00:00Z,0.0,-27.625,311.125,NaN
2021-09-28T12:00:00Z,0.0,-27.625,311.375,NaN
2021-09-28T12:00:00Z,0.0,-27.625,311.625,21.16
2021-09-28T12:00:00Z,0.0,-27.375,311.125,NaN
2021-09-28T12:00:00Z,0.0,-27.375,311.375,NaN
2021-09-28T12:00:00Z,0.0,-27.375,311.625,21.31
2021-09-29T12:00:00Z,0.0,-27.875,311.125,NaN
2021-09-29T12:00:00Z,0.0,-27.875,311.375,NaN
2021-09-29T12:00:00Z,0.0,-27.875,311.625,20.8
2021-09-29T12:00:00Z,0.0,-27.625,311.125,NaN
2021-09-29T12:00:00Z,0.0,-27.625,311.375,NaN
2021-09-29T12:00:00Z,0.0,-27.625,311.625,21.01
2021-09-29T12:00:00Z,0.0,-27.375,311.125,NaN
2021-09-29T12:00:00Z,0.0,-27.375,311.375,NaN
2021-09-29T12:00:00Z,0.0,-27.375,311.625,21.17
2021-09-30T12:00:00Z,0.0,-27.875,311.125,NaN
2021-09-30T12:00:00Z,0.0,-27.875,311.375,NaN
2021-09-30T12:00:00Z,0.0,-27.875,311.625,20.89
2021-09-30T12:00:00Z,0.0,-27.625,311.125,NaN
2021-09-30T12:00:00Z,0.0,-27.625,311.375,NaN
2021-09-30T12:00:00Z,0.0,-27.625,311.625,21.09
2021-09-30T12:00:00Z,0.0,-27.375,311.125,NaN
2021-09-30T12:00:00Z,0.0,-27.375,311.375,NaN
2021-09-30T12:00:00Z,0.0,-27.375,311.625,21.21
2021-10-01T12:00:00Z,0.0,-27.875,311.125,NaN
2021-10-01T12:00:00Z,0.0,-27.875,311.375,NaN
2021-10-01T12:00:00Z,0.0,-27.875,311.625,20.99
2021-10-01T12:00:00Z,0.0,-27.625,311.125,NaN
2021-10-01T12:00:00Z,0.0,-27.625,311.375,NaN
2021-10-01T12:00:00Z,0.0,-27.625,311.625,21.119999
2021-10-01T12:00:00Z,0.0,-27.375,311.125,NaN
2021-10-01T12:00:00Z,0.0,-27.375,311.375,NaN
2021-10-01T12:00:00Z,0.0,-27.375,311.625,21.27
2021-10-02T12:00:00Z,0.0,-27.875,311.125,NaN
2021-10-02T12:00:00Z,0.0,-27.875,311.375,NaN
2021-10-02T12:00:00Z,0.0,-27.875,311.625,21.039999
2021-10-02T12:00:00Z,0.0,-27.625,311.125,NaN
2021-10-02T12:00:00Z,0.0,-27.625,311.375,NaN
2021-10-02T12:00:00Z,0.0,-27.625,311.625,21.21
2021-10-02T12:00:00Z,0.0,-27.375,311.125,NaN
2021-10-02T12:00:00Z,0.0,-27.375,311.375,NaN
2021-10-02T12:00:00Z,0.0,-27.375,311.625,21.369999
2021-10-03T12:00:00Z,0.0,-27.875,311.125,NaN
2021-10-03T12:00:00Z,0.0,-27.875,311.375,NaN
2021-10-03T12:00:00Z,0.0,-27.875,311.625,21.039999
2021-10-03T12:00:00Z,0.0,-27.625,311.125,NaN
2021-10-03T12:00:00Z,0.0,-27.625,311.375,NaN
2021-10-03T12:00:00Z,0.0,-27.625,311.625,21.27
2021-10-03T12:00:00Z,0.0,-27.375,311.125,NaN
2021-10-03T12:00:00Z,0.0,-27.375,311.375,NaN
2021-10-03T12:00:00Z,0.0,-27.375,311.625,21.43
2021-10-04T12:00:00Z,0.0,-27.875,311.125,NaN
2021-10-04T12:00:00Z,0.0,-27.875,311.375,NaN
2021-10-04T12:00:00Z,0.0,-27.875,311.625,20.92
2021-10-04T12:00:00Z,0.0,-27.625,311.125,NaN
2021-10-04T12:00:00Z,0.0,-27.625,311.375,NaN
2021-10-04T12:00:00Z,0.0,-27.625,311.625,21.17
2021-10-04T12:00:00Z,0.0,-27.375,311.125,NaN
2021-10-04T12:00:00Z,0.0,-27.375,311.375,NaN
2021-10-04T12:00:00Z,0.0,-27.375,311.625,21.47
2021-10-05T12:00:00Z,0.0,-27.875,311.125,NaN
2021-10-05T12:00:00Z,0.0,-27.875,311.375,NaN
2021-10-05T12:00:00Z,0.0,-27.875,311.625,20.55
2021-10-05T12:00:00Z,0.0,-27.625,311.125,NaN
2021-10-05T12:00:00Z,0.0,-27.625,311.375,NaN
2021-10-05T12:00:00Z,0.0,-27.625,311.625,21.029999
2021-10-05T12:00:00Z,0.0,-27.375,311.125,NaN
2021-10-05T12:00:00Z,0.0,-27.375,311.375,NaN
2021-10-05T12:00:00Z,0.0,-27.375,311.625,21.5
2021-10-06T12:00:00Z,0.0,-27.875,311.125,NaN
2021-10-06T12:00:00Z,0.0,-27.875,311.375,NaN
2021-10-06T12:00:00Z,0.0,-27.875,311.625,20.779999
2021-10-06T12:00:00Z,0.0,-27.625,311.125,NaN
2021-10-06T12:00:00Z,0.0,-27.625,311.375,NaN
2021-10-06T12:00:00Z,0.0,-27.625,311.625,21.21
2021-10-06T12:00:00Z,0.0,-27.375,311.125,NaN
2021-10-06T12:00:00Z,0.0,-27.375,311.375,NaN
2021-10-06T12:00:00Z,0.0,-27.375,311.625,21.56
2021-10-07T12:00:00Z,0.0,-27.875,311.125,NaN
2021-10-07T12:00:00Z,0.0,-27.875,311.375,NaN
2021-10-07T12:00:00Z,0.0,-27.875,311.625,21.07
2021-10-07T12:00:00Z,0.0,-27.625,311.125,NaN
2021-10-07T12:00:00Z,0.0,-27.625,311.375,NaN
2021-10-07T12:00:00Z,0.0,-27.625,311.625,21.46
2021-10-07T12:00:00Z,0.0,-27.375,311.125,NaN
2021-10-07T12:00:00Z,0.0,-27.375,311.375,NaN
2021-10-07T12:00:00Z,0.0,-27.375,311.625,21.619999
2021-10-08T12:00:00Z,0.0,-27.875,311.125,NaN
2021-10-08T12:00:00Z,0.0,-27.875,311.375,NaN
2021-10-08T12:00:00Z,0.0,-27.875,311.625,21.039999
2021-10-08T12:00:00Z,0.0,-27.625,311.125,NaN
2021-10-08T12:00:00Z,0.0,-27.625,311.375,NaN
2021-10-08T12:00:00Z,0.0,-27.625,311.625,21.52
2021-10-08T12:00:00Z,0.0,-27.375,311.125,NaN
2021-10-08T12:00:00Z,0.0,-27.375,311.375,NaN
2021-10-08T12:00:00Z,0.0,-27.375,311.625,21.63
2021-10-09T12:00:00Z,0.0,-27.875,311.125,NaN
2021-10-09T12:00:00Z,0.0,-27.875,311.375,NaN
2021-10-09T12:00:00Z,0.0,-27.875,311.625,20.98
2021-10-09T12:00:00Z,0.0,-27.625,311.125,NaN
2021-10-09T12:00:00Z,0.0,-27.625,311.375,NaN
2021-10-09T12:00:00Z,0.0,-27.625,311.625,21.39
2021-10-09T12:00:00Z,0.0,-27.375,311.125,NaN
2021-10-09T12:00:00Z,0.0,-27.375,311.375,NaN
2021-10-09T12:00:00Z,0.0,-27.375,311.625,21.65
2021-10-10T12:00:00Z,0.0,-27.875,311.125,NaN
2021-10-10T12:00:00Z,0.0,-27.875,311.375,NaN
2021-10-10T12:00:00Z,0.0,-27.875,311.625,20.8
2021-10-10T12:00:00Z,0.0,-27.625,311.125,NaN
2021-10-10T12:00:00Z,0.0,-27.625,311.375,NaN
2021-10-10T12:00:00Z,0.0,-27.625,311.625,21.279999
2021-10-10T12:00:00Z,0.0,-27.375,311.125,NaN
2021-10-10T12:00:00Z,0.0,-27.375,311.375,NaN
2021-10-10T12:00:00Z,0.0,-27.375,311.625,21.52
2021-10-11T12:00:00Z,0.0,-27.875,311.125,NaN
2021-10-11T12:00:00Z,0.0,-27.875,311.375,NaN
2021-10-11T12:00:00Z,0.0,-27.875,311.625,21.06
2021-10-11T12:00:00Z,0.0,-27.625,311.125,NaN
2021-10-11T12:00:00Z,0.0,-27.625,311.375,NaN
2021-10-11T12:00:00Z,0.0,-27.625,311.625,21.43
2021-10-11T12:00:00Z,0.0,-27.375,311.125,NaN
2021-10-11T12:00:00Z,0.0,-27.375,311.375,NaN
2021-10-11T12:00:00Z,0.0,-27.375,311.625,21.619999
2021-10-12T12:00:00Z,0.0,-27.875,311.125,NaN
2021-10-12T12:00:00Z,0.0,-27.875,311.375,NaN
2021-10-12T12:00:00Z,0.0,-27.875,311.625,21.15
2021-10-12T12:00:00Z,0.0,-27.625,311.125,NaN
2021-10-12T12:00:00Z,0.0,-27.625,311.375,NaN
2021-10-12T12:00:00Z,0.0,-27.625,311.625,21.539999
2021-10-12T12:00:00Z,0.0,-27.375,311.125,NaN
2021-10-12T12:00:00Z,0.0,-27.375,311.375,NaN
2021-10-12T12:00:00Z,0.0,-27.375,311.625,21.71
2021-10-13T12:00:00Z,0.0,-27.875,311.125,NaN
2021-10-13T12:00:00Z,0.0,-27.875,311.375,NaN
2021-10-13T12:00:00Z,0.0,-27.875,311.625,21.039999
2021-10-13T12:00:00Z,0.0,-27.625,311.125,NaN
2021-10-13T12:00:00Z,0.0,-27.625,311.375,NaN
2021-10-13T12:00:00Z,0.0,-27.625,311.625,21.39
2021-10-13T12:00:00Z,0.0,-27.375,311.125,NaN
2021-10-13T12:00:00Z,0.0,-27.375,311.375,NaN
2021-10-13T12:00:00Z,0.0,-27.375,311.625,21.56
2021-10-14T12:00:00Z,0.0,-27.875,311.125,NaN
2021-10-14T12:00:00Z,0.0,-27.875,311.375,NaN
2021-10-14T12:00:00Z,0.0,-27.875,311.625,20.869999
2021-10-14T12:00:00Z,0.0,-27.625,311.125,NaN
2021-10-14T12:00:00Z,0.0,-27.625,311.375,NaN
2021-10-14T12:00:00Z,0.0,-27.625,311.625,21.08
2021-10-14T12:00:00Z,0.0,-27.375,311.125,NaN
2021-10-14T12:00:00Z,0.0,-27.375,311.375,NaN
2021-10-14T12:00:00Z,0.0,-27.375,311.625,21.31
2021-10-15T12:00:00Z,0.0,-27.875,311.125,NaN
2021-10-15T12:00:00Z,0.0,-27.875,311.375,NaN
2021-10-15T12:00:00Z,0.0,-27.875,311.625,20.88
2021-10-15T12:00:00Z,0.0,-27.625,311.125,NaN
2021-10-15T12:00:00Z,0.0,-27.625,311.375,NaN
2021-10-15T12:00:00Z,0.0,-27.625,311.625,21.01
2021-10-15T12:00:00Z,0.0,-27.375,311.125,NaN
2021-10-15T12:00:00Z,0.0,-27.375,311.375,NaN
2021-10-15T12:00:00Z,0.0,-27.375,311.625,21.23
2021-10-16T12:00:00Z,0.0,-27.875,311.125,NaN
2021-10-16T12:00:00Z,0.0,-27.875,311.375,NaN
2021-10-16T12:00:00Z,0.0,-27.875,311.625,20.49
2021-10-16T12:00:00Z,0.0,-27.625,311.125,NaN
2021-10-16T12:00:00Z,0.0,-27.625,311.375,NaN
2021-10-16T12:00:00Z,0.0,-27.625,311.625,20.699999
2021-10-16T12:00:00Z,0.0,-27.375,311.125,NaN
2021-10-16T12:00:00Z,0.0,-27.375,311.375,NaN
2021-10-16T12:00:00Z,0.0,-27.375,311.625,20.949999
2021-10-17T12:00:00Z,0.0,-27.875,311.125,NaN
2021-10-17T12:00:00Z,0.0,-27.875,311.375,NaN
2021-10-17T12:00:00Z,0.0,-27.875,311.625,20.529999
2021-10-17T12:00:00Z,0.0,-27.625,311.125,NaN
2021-10-17T12:00:00Z,0.0,-27.625,311.375,NaN
2021-10-17T12:00:00Z,0.0,-27.625,311.625,20.76
2021-10-17T12:00:00Z,0.0,-27.375,311.125,NaN
2021-10-17T12:00:00Z,0.0,-27.375,311.375,NaN
2021-10-17T12:00:00Z,0.0,-27.375,311.625,21.0
2021-10-18T12:00:00Z,0.0,-27.875,311.125,NaN
2021-10-18T12:00:00Z,0.0,-27.875,311.375,NaN
2021-10-18T12:00:00Z,0.0,-27.875,311.625,20.96
2021-10-18T12:00:00Z,0.0,-27.625,311.125,NaN
2021-10-18T12:00:00Z,0.0,-27.625,311.375,NaN
2021-10-18T12:00:00Z,0.0,-27.625,311.625,21.22
2021-10-18T12:00:00Z,0.0,-27.375,311.125,NaN
2021-10-18T12:00:00Z,0.0,-27.375,311.375,NaN
2021-10-18T12:00:00Z,0.0,-27.375,311.625,21.43
2021-10-19T12:00:00Z,0.0,-27.875,311.125,NaN
2021-10-19T12:00:00Z,0.0,-27.875,311.375,NaN
2021-10-19T12:00:00Z,0.0,-27.875,311.625,21.029999
2021-10-19T12:00:00Z,0.0,-27.625,311.125,NaN
2021-10-19T12:00:00Z,0.0,-27.625,311.375,NaN
2021-10-19T12:00:00Z,0.0,-27.625,311.625,21.27
2021-10-19T12:00:00Z,0.0,-27.375,311.125,NaN
2021-10-19T12:00:00Z,0.0,-27.375,311.375,NaN
2021-10-19T12:00:00Z,0.0,-27.375,311.625,21.5
2021-10-20T12:00:00Z,0.0,-27.875,311.125,NaN
2021-10-20T12:00:00Z,0.0,-27.875,311.375,NaN
2021-10-20T12:00:00Z,0.0,-27.875,311.625,20.82
2021-10-20T12:00:00Z,0.0,-27.625,311.125,NaN
2021-10-20T12:00:00Z,0.0,-27.625,311.375,NaN
2021-10-20T12:00:00Z,0.0,-27.625,311.625,21.09
2021-10-20T12:00:00Z,0.0,-27.375,311.125,NaN
2021-10-20T12:00:00Z,0.0,-27.375,311.375,NaN
2021-10-20T12:00:00Z,0.0,-27.375,311.625,21.38
2021-10-21T12:00:00Z,0.0,-27.875,311.125,NaN
2021-10-21T12:00:00Z,0.0,-27.875,311.375,NaN
2021-10-21T12:00:00Z,0.0,-27.875,311.625,20.789999
2021-10-21T12:00:00Z,0.0,-27.625,311.125,NaN
2021-10-21T12:00:00Z,0.0,-27.625,311.375,NaN
2021-10-21T12:00:00Z,0.0,-27.625,311.625,20.96
2021-10-21T12:00:00Z,0.0,-27.375,311.125,NaN
2021-10-21T12:00:00Z,0.0,-27.375,311.375,NaN
2021-10-21T12:00:00Z,0.0,-27.375,311.625,21.1
2021-10-22T12:00:00Z,0.0,-27.875,311.125,NaN
2021-10-22T12:00:00Z,0.0,-27.875,311.375,NaN
2021-10-22T12:00:00Z,0.0,-27.875,311.625,20.58
2021-10-22T12:00:00Z,0.0,-27.625,311.125,NaN
2021-10-22T12:00:00Z,0.0,-27.625,311.375,NaN
2021-10-22T12:00:00Z,0.0,-27.625,311.625,20.59
2021-10-22T12:00:00Z,0.0,-27.375,311.125,NaN
2021-10-22T12:00:00Z,0.0,-27.375,311.375,NaN
2021-10-22T12:00:00Z,0.0,-27.375,311.625,20.65
2021-10-23T12:00:00Z,0.0,-27.875,311.125,NaN
2021-10-23T12:00:00Z,0.0,-27.875,311.375,NaN
2021-10-23T12:00:00Z,0.0,-27.875,311.625,20.49
2021-10-23T12:00:00Z,0.0,-27.625,311.125,NaN
2021-10-23T12:00:00Z,0.0,-27.625,311.375,NaN
2021-10-23T12:00:00Z,0.0,-27.625,311.625,20.47
2021-10-23T12:00:00Z,0.0,-27.375,311.125,NaN
2021-10-23T12:00:00Z,0.0,-27.375,311.375,NaN
2021-10-23T12:00:00Z,0.0,-27.375,311.625,20.57
2021-10-24T12:00:00Z,0.0,-27.875,311.125,NaN
2021-10-24T12:00:00Z,0.0,-27.875,311.375,NaN
2021-10-24T12:00:00Z,0.0,-27.875,311.625,20.35
2021-10-24T12:00:00Z,0.0,-27.625,311.125,NaN
2021-10-24T12:00:00Z,0.0,-27.625,311.375,NaN
2021-10-24T12:00:00Z,0.0,-27.625,311.625,20.4
2021-10-24T12:00:00Z,0.0,-27.375,311.125,NaN
2021-10-24T12:00:00Z,0.0,-27.375,311.375,NaN
2021-10-24T12:00:00Z,0.0,-27.375,311.625,20.5
2021-10-25T12:00:00Z,0.0,-27.875,311.125,NaN
2021-10-25T12:00:00Z,0.0,-27.875,311.375,NaN
2021-10-25T12:00:00Z,0.0,-27.875,311.625,20.16
2021-10-25T12:00:00Z,0.0,-27.625,311.125,NaN
2021-10-25T12:00:00Z,0.0,-27.625,311.375,NaN
2021-10-25T12:00:00Z,0.0,-27.625,311.625,20.26
2021-10-25T12:00:00Z,0.0,-27.375,311.125,NaN
2021-10-25T12:00:00Z,0.0,-27.375,311.375,NaN
2021-10-25T12:00:00Z,0.0,-27.375,311.625,20.609999
2021-10-26T12:00:00Z,0.0,-27.875,311.125,NaN
2021-10-26T12:00:00Z,0.0,-27.875,311.375,NaN
2021-10-26T12:00:00Z,0.0,-27.875,311.625,20.07
2021-10-26T12:00:00Z,0.0,-27.625,311.125,NaN
2021-10-26T12:00:00Z,0.0,-27.625,311.375,NaN
2021-10-26T12:00:00Z,0.0,-27.625,311.625,20.34
2021-10-26T12:00:00Z,0.0,-27.375,311.125,NaN
2021-10-26T12:00:00Z,0.0,-27.375,311.375,NaN
2021-10-26T12:00:00Z,0.0,-27.375,311.625,20.81
2021-10-27T12:00:00Z,0.0,-27.875,311.125,NaN
2021-10-27T12:00:00Z,0.0,-27.875,311.375,NaN
2021-10-27T12:00:00Z,0.0,-27.875,311.625,20.939999
2021-10-27T12:00:00Z,0.0,-27.625,311.125,NaN
2021-10-27T12:00:00Z,0.0,-27.625,311.375,NaN
2021-10-27T12:00:00Z,0.0,-27.625,311.625,21.199999
2021-10-27T12:00:00Z,0.0,-27.375,311.125,NaN
2021-10-27T12:00:00Z,0.0,-27.375,311.375,NaN
2021-10-27T12:00:00Z,0.0,-27.375,311.625,21.6
2021-10-28T12:00:00Z,0.0,-27.875,311.125,NaN
2021-10-28T12:00:00Z,0.0,-27.875,311.375,NaN
2021-10-28T12:00:00Z,0.0,-27.875,311.625,21.43
2021-10-28T12:00:00Z,0.0,-27.625,311.125,NaN
2021-10-28T12:00:00Z,0.0,-27.625,311.375,NaN
2021-10-28T12:00:00Z,0.0,-27.625,311.625,21.689999
2021-10-28T12:00:00Z,0.0,-27.375,311.125,NaN
2021-10-28T12:00:00Z,0.0,-27.375,311.375,NaN
2021-10-28T12:00:00Z,0.0,-27.375,311.625,21.939999
2021-10-29T12:00:00Z,0.0,-27.875,311.125,NaN
2021-10-29T12:00:00Z,0.0,-27.875,311.375,NaN
2021-10-29T12:00:00Z,0.0,-27.875,311.625,21.47
2021-10-29T12:00:00Z,0.0,-27.625,311.125,NaN
2021-10-29T12:00:00Z,0.0,-27.625,311.375,NaN
2021-10-29T12:00:00Z,0.0,-27.625,311.625,21.57
2021-10-29T12:00:00Z,0.0,-27.375,311.125,NaN
2021-10-29T12:00:00Z,0.0,-27.375,311.375,NaN
2021-10-29T12:00:00Z,0.0,-27.375,311.625,21.64
2021-10-30T12:00:00Z,0.0,-27.875,311.125,NaN
2021-10-30T12:00:00Z,0.0,-27.875,311.375,NaN
2021-10-30T12:00:00Z,0.0,-27.875,311.625,21.43
2021-10-30T12:00:00Z,0.0,-27.625,311.125,NaN
2021-10-30T12:00:00Z,0.0,-27.625,311.375,NaN
2021-10-30T12:00:00Z,0.0,-27.625,311.625,21.369999
2021-10-30T12:00:00Z,0.0,-27.375,311.125,NaN
2021-10-30T12:00:00Z,0.0,-27.375,311.375,NaN
2021-10-30T12:00:00Z,0.0,-27.375,311.625,21.26
2021-10-31T12:00:00Z,0.0,-27.875,311.125,NaN
2021-10-31T12:00:00Z,0.0,-27.875,311.375,NaN
2021-10-31T12:00:00Z,0.0,-27.875,311.625,21.609999
2021-10-31T12:00:00Z,0.0,-27.625,311.125,NaN
2021-10-31T12:00:00Z,0.0,-27.625,311.375,NaN
2021-10-31T12:00:00Z,0.0,-27.625,311.625,21.619999
2021-10-31T12:00:00Z,0.0,-27.375,311.125,NaN
2021-10-31T12:00:00Z,0.0,-27.375,311.375,NaN
2021-10-31T12:00:00Z,0.0,-27.375,311.625,21.64
2021-11-01T12:00:00Z,0.0,-27.875,311.125,NaN
2021-11-01T12:00:00Z,0.0,-27.875,311.375,NaN
2021-11-01T12:00:00Z,0.0,-27.875,311.625,21.72
2021-11-01T12:00:00Z,0.0,-27.625,311.125,NaN
2021-11-01T12:00:00Z,0.0,-27.625,311.375,NaN
2021-11-01T12:00:00Z,0.0,-27.625,311.625,21.84
2021-11-01T12:00:00Z,0.0,-27.375,311.125,NaN
2021-11-01T12:00:00Z,0.0,-27.375,311.375,NaN
2021-11-01T12:00:00Z,0.0,-27.375,311.625,21.939999
2021-11-02T12:00:00Z,0.0,-27.875,311.125,NaN
2021-11-02T12:00:00Z,0.0,-27.875,311.375,NaN
2021-11-02T12:00:00Z,0.0,-27.875,311.625,21.93
2021-11-02T12:00:00Z,0.0,-27.625,311.125,NaN
2021-11-02T12:00:00Z,0.0,-27.625,311.375,NaN
2021-11-02T12:00:00Z,0.0,-27.625,311.625,22.1
2021-11-02T12:00:00Z,0.0,-27.375,311.125,NaN
2021-11-02T12:00:00Z,0.0,-27.375,311.375,NaN
2021-11-02T12:00:00Z,0.0,-27.375,311.625,22.23
2021-11-03T12:00:00Z,0.0,-27.875,311.125,NaN
2021-11-03T12:00:00Z,0.0,-27.875,311.375,NaN
2021-11-03T12:00:00Z,0.0,-27.875,311.625,22.07
2021-11-03T12:00:00Z,0.0,-27.625,311.125,NaN
2021-11-03T12:00:00Z,0.0,-27.625,311.375,NaN
2021-11-03T12:00:00Z,0.0,-27.625,311.625,22.269999
2021-11-03T12:00:00Z,0.0,-27.375,311.125,NaN
2021-11-03T12:00:00Z,0.0,-27.375,311.375,NaN
2021-11-03T12:00:00Z,0.0,-27.375,311.625,22.449999
2021-11-04T12:00:00Z,0.0,-27.875,311.125,NaN
2021-11-04T12:00:00Z,0.0,-27.875,311.375,NaN
2021-11-04T12:00:00Z,0.0,-27.875,311.625,22.23
2021-11-04T12:00:00Z,0.0,-27.625,311.125,NaN
2021-11-04T12:00:00Z,0.0,-27.625,311.375,NaN
2021-11-04T12:00:00Z,0.0,-27.625,311.625,22.46
2021-11-04T12:00:00Z,0.0,-27.375,311.125,NaN
2021-11-04T12:00:00Z,0.0,-27.375,311.375,NaN
2021-11-04T12:00:00Z,0.0,-27.375,311.625,22.68
2021-11-05T12:00:00Z,0.0,-27.875,311.125,NaN
2021-11-05T12:00:00Z,0.0,-27.875,311.375,NaN
2021-11-05T12:00:00Z,0.0,-27.875,311.625,22.31
2021-11-05T12:00:00Z,0.0,-27.625,311.125,NaN
2021-11-05T12:00:00Z,0.0,-27.625,311.375,NaN
2021-11-05T12:00:00Z,0.0,-27.625,311.625,22.609999
2021-11-05T12:00:00Z,0.0,-27.375,311.125,NaN
2021-11-05T12:00:00Z,0.0,-27.375,311.375,NaN
2021-11-05T12:00:00Z,0.0,-27.375,311.625,22.84
2021-11-06T12:00:00Z,0.0,-27.875,311.125,NaN
2021-11-06T12:00:00Z,0.0,-27.875,311.375,NaN
2021-11-06T12:00:00Z,0.0,-27.875,311.625,22.51
2021-11-06T12:00:00Z,0.0,-27.625,311.125,NaN
2021-11-06T12:00:00Z,0.0,-27.625,311.375,NaN
2021-11-06T12:00:00Z,0.0,-27.625,311.625,22.74
2021-11-06T12:00:00Z,0.0,-27.375,311.125,NaN
2021-11-06T12:00:00Z,0.0,-27.375,311.375,NaN
2021-11-06T12:00:00Z,0.0,-27.375,311.625,22.93
2021-11-07T12:00:00Z,0.0,-27.875,311.125,NaN
2021-11-07T12:00:00Z,0.0,-27.875,311.375,NaN
2021-11-07T12:00:00Z,0.0,-27.875,311.625,22.63
2021-11-07T12:00:00Z,0.0,-27.625,311.125,NaN
2021-11-07T12:00:00Z,0.0,-27.625,311.375,NaN
2021-11-07T12:00:00Z,0.0,-27.625,311.625,22.81
2021-11-07T12:00:00Z,0.0,-27.375,311.125,NaN
2021-11-07T12:00:00Z,0.0,-27.375,311.375,NaN
2021-11-07T12:00:00Z,0.0,-27.375,311.625,22.97
2021-11-08T12:00:00Z,0.0,-27.875,311.125,NaN
2021-11-08T12:00:00Z,0.0,-27.875,311.375,NaN
2021-11-08T12:00:00Z,0.0,-27.875,311.625,22.64
2021-11-08T12:00:00Z,0.0,-27.625,311.125,NaN
2021-11-08T12:00:00Z,0.0,-27.625,311.375,NaN
2021-11-08T12:00:00Z,0.0,-27.625,311.625,22.789999
2021-11-08T12:00:00Z,0.0,-27.375,311.125,NaN
2021-11-08T12:00:00Z,0.0,-27.375,311.375,NaN
2021-11-08T12:00:00Z,0.0,-27.375,311.625,22.92
2021-11-09T12:00:00Z,0.0,-27.875,311.125,NaN
2021-11-09T12:00:00Z,0.0,-27.875,311.375,NaN
2021-11-09T12:00:00Z,0.0,-27.875,311.625,22.49
2021-11-09T12:00:00Z,0.0,-27.625,311.125,NaN
2021-11-09T12:00:00Z,0.0,-27.625,311.375,NaN
2021-11-09T12:00:00Z,0.0,-27.625,311.625,22.66
2021-11-09T12:00:00Z,0.0,-27.375,311.125,NaN
2021-11-09T12:00:00Z,0.0,-27.375,311.375,NaN
2021-11-09T12:00:00Z,0.0,-27.375,311.625,22.82
2021-11-10T12:00:00Z,0.0,-27.875,311.125,NaN
2021-11-10T12:00:00Z,0.0,-27.875,311.375,NaN
2021-11-10T12:00:00Z,0.0,-27.875,311.625,22.39
2021-11-10T12:00:00Z,0.0,-27.625,311.125,NaN
2021-11-10T12:00:00Z,0.0,-27.625,311.375,NaN
2021-11-10T12:00:00Z,0.0,-27.625,311.625,22.58
2021-11-10T12:00:00Z,0.0,-27.375,311.125,NaN
2021-11-10T12:00:00Z,0.0,-27.375,311.375,NaN
2021-11-10T12:00:00Z,0.0,-27.375,311.625,22.779999
2021-11-11T12:00:00Z,0.0,-27.875,311.125,NaN
2021-11-11T12:00:00Z,0.0,-27.875,311.375,NaN
2021-11-11T12:00:00Z,0.0,-27.875,311.625,22.4
2021-11-11T12:00:00Z,0.0,-27.625,311.125,NaN
2021-11-11T12:00:00Z,0.0,-27.625,311.375,NaN
2021-11-11T12:00:00Z,0.0,-27.625,311.625,22.58
2021-11-11T12:00:00Z,0.0,-27.375,311.125,NaN
2021-11-11T12:00:00Z,0.0,-27.375,311.375,NaN
2021-11-11T12:00:00Z,0.0,-27.375,311.625,22.8
2021-11-12T12:00:00Z,0.0,-27.875,311.125,NaN
2021-11-12T12:00:00Z,0.0,-27.875,311.375,NaN
2021-11-12T12:00:00Z,0.0,-27.875,311.625,22.35
2021-11-12T12:00:00Z,0.0,-27.625,311.125,NaN
2021-11-12T12:00:00Z,0.0,-27.625,311.375,NaN
2021-11-12T12:00:00Z,0.0,-27.625,311.625,22.41
2021-11-12T12:00:00Z,0.0,-27.375,311.125,NaN
2021-11-12T12:00:00Z,0.0,-27.375,311.375,NaN
2021-11-12T12:00:00Z,0.0,-27.375,311.625,22.49
2021-11-13T12:00:00Z,0.0,-27.875,311.125,NaN
2021-11-13T12:00:00Z,0.0,-27.875,311.375,NaN
2021-11-13T12:00:00Z,0.0,-27.875,311.625,22.269999
2021-11-13T12:00:00Z,0.0,-27.625,311.125,NaN
2021-11-13T12:00:00Z,0.0,-27.625,311.375,NaN
2021-11-13T12:00:00Z,0.0,-27.625,311.625,22.39
2021-11-13T12:00:00Z,0.0,-27.375,311.125,NaN
2021-11-13T12:00:00Z,0.0,-27.375,311.375,NaN
2021-11-13T12:00:00Z,0.0,-27.375,311.625,22.5
2021-11-14T12:00:00Z,0.0,-27.875,311.125,NaN
2021-11-14T12:00:00Z,0.0,-27.875,311.375,NaN
2021-11-14T12:00:00Z,0.0,-27.875,311.625,22.35
2021-11-14T12:00:00Z,0.0,-27.625,311.125,NaN
2021-11-14T12:00:00Z,0.0,-27.625,311.375,NaN
2021-11-14T12:00:00Z,0.0,-27.625,311.625,22.539999
2021-11-14T12:00:00Z,0.0,-27.375,311.125,NaN
2021-11-14T12:00:00Z,0.0,-27.375,311.375,NaN
2021-11-14T12:00:00Z,0.0,-27.375,311.625,22.71
2021-11-15T12:00:00Z,0.0,-27.875,311.125,NaN
2021-11-15T12:00:00Z,0.0,-27.875,311.375,NaN
2021-11-15T12:00:00Z,0.0,-27.875,311.625,22.59
2021-11-15T12:00:00Z,0.0,-27.625,311.125,NaN
2021-11-15T12:00:00Z,0.0,-27.625,311.375,NaN
2021-11-15T12:00:00Z,0.0,-27.625,311.625,22.76
2021-11-15T12:00:00Z,0.0,-27.375,311.125,NaN
2021-11-15T12:00:00Z,0.0,-27.375,311.375,NaN
2021-11-15T12:00:00Z,0.0,-27.375,311.625,22.88
2021-11-16T12:00:00Z,0.0,-27.875,311.125,NaN
2021-11-16T12:00:00Z,0.0,-27.875,311.375,NaN
2021-11-16T12:00:00Z,0.0,-27.875,311.625,22.63
2021-11-16T12:00:00Z,0.0,-27.625,311.125,NaN
2021-11-16T12:00:00Z,0.0,-27.625,311.375,NaN
2021-11-16T12:00:00Z,0.0,-27.625,311.625,22.779999
2021-11-16T12:00:00Z,0.0,-27.375,311.125,NaN
2021-11-16T12:00:00Z,0.0,-27.375,311.375,NaN
2021-11-16T12:00:00Z,0.0,-27.375,311.625,22.89
2021-11-17T12:00:00Z,0.0,-27.875,311.125,NaN
2021-11-17T12:00:00Z,0.0,-27.875,311.375,NaN
2021-11-17T12:00:00Z,0.0,-27.875,311.625,22.72
2021-11-17T12:00:00Z,0.0,-27.625,311.125,NaN
2021-11-17T12:00:00Z,0.0,-27.625,311.375,NaN
2021-11-17T12:00:00Z,0.0,-27.625,311.625,22.85
2021-11-17T12:00:00Z,0.0,-27.375,311.125,NaN
2021-11-17T12:00:00Z,0.0,-27.375,311.375,NaN
2021-11-17T12:00:00Z,0.0,-27.375,311.625,22.96
2021-11-18T12:00:00Z,0.0,-27.875,311.125,NaN
2021-11-18T12:00:00Z,0.0,-27.875,311.375,NaN
2021-11-18T12:00:00Z,0.0,-27.875,311.625,22.73
2021-11-18T12:00:00Z,0.0,-27.625,311.125,NaN
2021-11-18T12:00:00Z,0.0,-27.625,311.375,NaN
2021-11-18T12:00:00Z,0.0,-27.625,311.625,22.869999
2021-11-18T12:00:00Z,0.0,-27.375,311.125,NaN
2021-11-18T12:00:00Z,0.0,-27.375,311.375,NaN
2021-11-18T12:00:00Z,0.0,-27.375,311.625,22.99
2021-11-19T12:00:00Z,0.0,-27.875,311.125,NaN
2021-11-19T12:00:00Z,0.0,-27.875,311.375,NaN
2021-11-19T12:00:00Z,0.0,-27.875,311.625,22.66
2021-11-19T12:00:00Z,0.0,-27.625,311.125,NaN
2021-11-19T12:00:00Z,0.0,-27.625,311.375,NaN
2021-11-19T12:00:00Z,0.0,-27.625,311.625,22.869999
2021-11-19T12:00:00Z,0.0,-27.375,311.125,NaN
2021-11-19T12:00:00Z,0.0,-27.375,311.375,NaN
2021-11-19T12:00:00Z,0.0,-27.375,311.625,23.09
2021-11-20T12:00:00Z,0.0,-27.875,311.125,NaN
2021-11-20T12:00:00Z,0.0,-27.875,311.375,NaN
2021-11-20T12:00:00Z,0.0,-27.875,311.625,22.539999
2021-11-20T12:00:00Z,0.0,-27.625,311.125,NaN
2021-11-20T12:00:00Z,0.0,-27.625,311.375,NaN
2021-11-20T12:00:00Z,0.0,-27.625,311.625,22.769999
2021-11-20T12:00:00Z,0.0,-27.375,311.125,NaN
2021-11-20T12:00:00Z,0.0,-27.375,311.375,NaN
2021-11-20T12:00:00Z,0.0,-27.375,311.625,22.98
2021-11-21T12:00:00Z,0.0,-27.875,311.125,NaN
2021-11-21T12:00:00Z,0.0,-27.875,311.375,NaN
2021-11-21T12:00:00Z,0.0,-27.875,311.625,22.4
2021-11-21T12:00:00Z,0.0,-27.625,311.125,NaN
2021-11-21T12:00:00Z,0.0,-27.625,311.375,NaN
2021-11-21T12:00:00Z,0.0,-27.625,311.625,22.67
2021-11-21T12:00:00Z,0.0,-27.375,311.125,NaN
2021-11-21T12:00:00Z,0.0,-27.375,311.375,NaN
2021-11-21T12:00:00Z,0.0,-27.375,311.625,22.93
2021-11-22T12:00:00Z,0.0,-27.875,311.125,NaN
2021-11-22T12:00:00Z,0.0,-27.875,311.375,NaN
2021-11-22T12:00:00Z,0.0,-27.875,311.625,22.43
2021-11-22T12:00:00Z,0.0,-27.625,311.125,NaN
2021-11-22T12:00:00Z,0.0,-27.625,311.375,NaN
2021-11-22T12:00:00Z,0.0,-27.625,311.625,22.72
2021-11-22T12:00:00Z,0.0,-27.375,311.125,NaN
2021-11-22T12:00:00Z,0.0,-27.375,311.375,NaN
2021-11-22T12:00:00Z,0.0,-27.375,311.625,22.96
2021-11-23T12:00:00Z,0.0,-27.875,311.125,NaN
2021-11-23T12:00:00Z,0.0,-27.875,311.375,NaN
2021-11-23T12:00:00Z,0.0,-27.875,311.625,22.67
2021-11-23T12:00:00Z,0.0,-27.625,311.125,NaN
2021-11-23T12:00:00Z,0.0,-27.625,311.375,NaN
2021-11-23T12:00:00Z,0.0,-27.625,311.625,22.89
2021-11-23T12:00:00Z,0.0,-27.375,311.125,NaN
2021-11-23T12:00:00Z,0.0,-27.375,311.375,NaN
2021-11-23T12:00:00Z,0.0,-27.375,311.625,23.039999
2021-11-24T12:00:00Z,0.0,-27.875,311.125,NaN
2021-11-24T12:00:00Z,0.0,-27.875,311.375,NaN
2021-11-24T12:00:00Z,0.0,-27.875,311.625,22.59
2021-11-24T12:00:00Z,0.0,-27.625,311.125,NaN
2021-11-24T12:00:00Z,0.0,-27.625,311.375,NaN
2021-11-24T12:00:00Z,0.0,-27.625,311.625,22.83
2021-11-24T12:00:00Z,0.0,-27.375,311.125,NaN
2021-11-24T12:00:00Z,0.0,-27.375,311.375,NaN
2021-11-24T12:00:00Z,0.0,-27.375,311.625,23.019999
2021-11-25T12:00:00Z,0.0,-27.875,311.125,NaN
2021-11-25T12:00:00Z,0.0,-27.875,311.375,NaN
2021-11-25T12:00:00Z,0.0,-27.875,311.625,22.63
2021-11-25T12:00:00Z,0.0,-27.625,311.125,NaN
2021-11-25T12:00:00Z,0.0,-27.625,311.375,NaN
2021-11-25T12:00:00Z,0.0,-27.625,311.625,22.81
2021-11-25T12:00:00Z,0.0,-27.375,311.125,NaN
2021-11-25T12:00:00Z,0.0,-27.375,311.375,NaN
2021-11-25T12:00:00Z,0.0,-27.375,311.625,22.97
2021-11-26T12:00:00Z,0.0,-27.875,311.125,NaN
2021-11-26T12:00:00Z,0.0,-27.875,311.375,NaN
2021-11-26T12:00:00Z,0.0,-27.875,311.625,23.019999
2021-11-26T12:00:00Z,0.0,-27.625,311.125,NaN
2021-11-26T12:00:00Z,0.0,-27.625,311.375,NaN
2021-11-26T12:00:00Z,0.0,-27.625,311.625,23.18
2021-11-26T12:00:00Z,0.0,-27.375,311.125,NaN
2021-11-26T12:00:00Z,0.0,-27.375,311.375,NaN
2021-11-26T12:00:00Z,0.0,-27.375,311.625,23.32
2021-11-27T12:00:00Z,0.0,-27.875,311.125,NaN
2021-11-27T12:00:00Z,0.0,-27.875,311.375,NaN
2021-11-27T12:00:00Z,0.0,-27.875,311.625,23.019999
2021-11-27T12:00:00Z,0.0,-27.625,311.125,NaN
2021-11-27T12:00:00Z,0.0,-27.625,311.375,NaN
2021-11-27T12:00:00Z,0.0,-27.625,311.625,23.26
2021-11-27T12:00:00Z,0.0,-27.375,311.125,NaN
2021-11-27T12:00:00Z,0.0,-27.375,311.375,NaN
2021-11-27T12:00:00Z,0.0,-27.375,311.625,23.46
2021-11-28T12:00:00Z,0.0,-27.875,311.125,NaN
2021-11-28T12:00:00Z,0.0,-27.875,311.375,NaN
2021-11-28T12:00:00Z,0.0,-27.875,311.625,23.07
2021-11-28T12:00:00Z,0.0,-27.625,311.125,NaN
2021-11-28T12:00:00Z,0.0,-27.625,311.375,NaN
2021-11-28T12:00:00Z,0.0,-27.625,311.625,23.32
2021-11-28T12:00:00Z,0.0,-27.375,311.125,NaN
2021-11-28T12:00:00Z,0.0,-27.375,311.375,NaN
2021-11-28T12:00:00Z,0.0,-27.375,311.625,23.539999
2021-11-29T12:00:00Z,0.0,-27.875,311.125,NaN
2021-11-29T12:00:00Z,0.0,-27.875,311.375,NaN
2021-11-29T12:00:00Z,0.0,-27.875,311.625,23.43
2021-11-29T12:00:00Z,0.0,-27.625,311.125,NaN
2021-11-29T12:00:00Z,0.0,-27.625,311.375,NaN
2021-11-29T12:00:00Z,0.0,-27.625,311.625,23.71
2021-11-29T12:00:00Z,0.0,-27.375,311.125,NaN
2021-11-29T12:00:00Z,0.0,-27.375,311.375,NaN
2021-11-29T12:00:00Z,0.0,-27.375,311.625,23.939999
2021-11-30T12:00:00Z,0.0,-27.875,311.125,NaN
2021-11-30T12:00:00Z,0.0,-27.875,311.375,NaN
2021-11-30T12:00:00Z,0.0,-27.875,311.625,23.71
2021-11-30T12:00:00Z,0.0,-27.625,311.125,NaN
2021-11-30T12:00:00Z,0.0,-27.625,311.375,NaN
2021-11-30T12:00:00Z,0.0,-27.625,311.625,24.08
2021-11-30T12:00:00Z,0.0,-27.375,311.125,NaN
2021-11-30T12:00:00Z,0.0,-27.375,311.375,NaN
2021-11-30T12:00:00Z,0.0,-27.375,311.625,24.369999
2021-12-01T12:00:00Z,0.0,-27.875,311.125,NaN
2021-12-01T12:00:00Z,0.0,-27.875,311.375,NaN
2021-12-01T12:00:00Z,0.0,-27.875,311.625,23.91
2021-12-01T12:00:00Z,0.0,-27.625,311.125,NaN
2021-12-01T12:00:00Z,0.0,-27.625,311.375,NaN
2021-12-01T12:00:00Z,0.0,-27.625,311.625,24.24
2021-12-01T12:00:00Z,0.0,-27.375,311.125,NaN
2021-12-01T12:00:00Z,0.0,-27.375,311.375,NaN
2021-12-01T12:00:00Z,0.0,-27.375,311.625,24.48
2021-12-02T12:00:00Z,0.0,-27.875,311.125,NaN
2021-12-02T12:00:00Z,0.0,-27.875,311.375,NaN
2021-12-02T12:00:00Z,0.0,-27.875,311.625,23.96
2021-12-02T12:00:00Z,0.0,-27.625,311.125,NaN
2021-12-02T12:00:00Z,0.0,-27.625,311.375,NaN
2021-12-02T12:00:00Z,0.0,-27.625,311.625,24.25
2021-12-02T12:00:00Z,0.0,-27.375,311.125,NaN
2021-12-02T12:00:00Z,0.0,-27.375,311.375,NaN
2021-12-02T12:00:00Z,0.0,-27.375,311.625,24.48
2021-12-03T12:00:00Z,0.0,-27.875,311.125,NaN
2021-12-03T12:00:00Z,0.0,-27.875,311.375,NaN
2021-12-03T12:00:00Z,0.0,-27.875,311.625,24.019999
2021-12-03T12:00:00Z,0.0,-27.625,311.125,NaN
2021-12-03T12:00:00Z,0.0,-27.625,311.375,NaN
2021-12-03T12:00:00Z,0.0,-27.625,311.625,24.25
2021-12-03T12:00:00Z,0.0,-27.375,311.125,NaN
2021-12-03T12:00:00Z,0.0,-27.375,311.375,NaN
2021-12-03T12:00:00Z,0.0,-27.375,311.625,24.439999
2021-12-04T12:00:00Z,0.0,-27.875,311.125,NaN
2021-12-04T12:00:00Z,0.0,-27.875,311.375,NaN
2021-12-04T12:00:00Z,0.0,-27.875,311.625,23.98
2021-12-04T12:00:00Z,0.0,-27.625,311.125,NaN
2021-12-04T12:00:00Z,0.0,-27.625,311.375,NaN
2021-12-04T12:00:00Z,0.0,-27.625,311.625,24.23
2021-12-04T12:00:00Z,0.0,-27.375,311.125,NaN
2021-12-04T12:00:00Z,0.0,-27.375,311.375,NaN
2021-12-04T12:00:00Z,0.0,-27.375,311.625,24.439999
2021-12-05T12:00:00Z,0.0,-27.875,311.125,NaN
2021-12-05T12:00:00Z,0.0,-27.875,311.375,NaN
2021-12-05T12:00:00Z,0.0,-27.875,311.625,24.119999
2021-12-05T12:00:00Z,0.0,-27.625,311.125,NaN
2021-12-05T12:00:00Z,0.0,-27.625,311.375,NaN
2021-12-05T12:00:00Z,0.0,-27.625,311.625,24.33
2021-12-05T12:00:00Z,0.0,-27.375,311.125,NaN
2021-12-05T12:00:00Z,0.0,-27.375,311.375,NaN
2021-12-05T12:00:00Z,0.0,-27.375,311.625,24.48
2021-12-06T12:00:00Z,0.0,-27.875,311.125,NaN
2021-12-06T12:00:00Z,0.0,-27.875,311.375,NaN
2021-12-06T12:00:00Z,0.0,-27.875,311.625,24.039999
2021-12-06T12:00:00Z,0.0,-27.625,311.125,NaN
2021-12-06T12:00:00Z,0.0,-27.625,311.375,NaN
2021-12-06T12:00:00Z,0.0,-27.625,311.625,24.22
2021-12-06T12:00:00Z,0.0,-27.375,311.125,NaN
2021-12-06T12:00:00Z,0.0,-27.375,311.375,NaN
2021-12-06T12:00:00Z,0.0,-27.375,311.625,24.359999
2021-12-07T12:00:00Z,0.0,-27.875,311.125,NaN
2021-12-07T12:00:00Z,0.0,-27.875,311.375,NaN
2021-12-07T12:00:00Z,0.0,-27.875,311.625,23.859999
2021-12-07T12:00:00Z,0.0,-27.625,311.125,NaN
2021-12-07T12:00:00Z,0.0,-27.625,311.375,NaN
2021-12-07T12:00:00Z,0.0,-27.625,311.625,24.039999
2021-12-07T12:00:00Z,0.0,-27.375,311.125,NaN
2021-12-07T12:00:00Z,0.0,-27.375,311.375,NaN
2021-12-07T12:00:00Z,0.0,-27.375,311.625,24.16
2021-12-08T12:00:00Z,0.0,-27.875,311.125,NaN
2021-12-08T12:00:00Z,0.0,-27.875,311.375,NaN
2021-12-08T12:00:00Z,0.0,-27.875,311.625,23.84
2021-12-08T12:00:00Z,0.0,-27.625,311.125,NaN
2021-12-08T12:00:00Z,0.0,-27.625,311.375,NaN
2021-12-08T12:00:00Z,0.0,-27.625,311.625,23.98
2021-12-08T12:00:00Z,0.0,-27.375,311.125,NaN
2021-12-08T12:00:00Z,0.0,-27.375,311.375,NaN
2021-12-08T12:00:00Z,0.0,-27.375,311.625,24.08
2021-12-09T12:00:00Z,0.0,-27.875,311.125,NaN
2021-12-09T12:00:00Z,0.0,-27.875,311.375,NaN
2021-12-09T12:00:00Z,0.0,-27.875,311.625,23.82
2021-12-09T12:00:00Z,0.0,-27.625,311.125,NaN
2021-12-09T12:00:00Z,0.0,-27.625,311.375,NaN
2021-12-09T12:00:00Z,0.0,-27.625,311.625,23.93
2021-12-09T12:00:00Z,0.0,-27.375,311.125,NaN
2021-12-09T12:00:00Z,0.0,-27.375,311.375,NaN
2021-12-09T12:00:00Z,0.0,-27.375,311.625,24.019999
2021-12-10T12:00:00Z,0.0,-27.875,311.125,NaN
2021-12-10T12:00:00Z,0.0,-27.875,311.375,NaN
2021-12-10T12:00:00Z,0.0,-27.875,311.625,23.68
2021-12-10T12:00:00Z,0.0,-27.625,311.125,NaN
2021-12-10T12:00:00Z,0.0,-27.625,311.375,NaN
2021-12-10T12:00:00Z,0.0,-27.625,311.625,23.75
2021-12-10T12:00:00Z,0.0,-27.375,311.125,NaN
2021-12-10T12:00:00Z,0.0,-27.375,311.375,NaN
2021-12-10T12:00:00Z,0.0,-27.375,311.625,23.859999
2021-12-11T12:00:00Z,0.0,-27.875,311.125,NaN
2021-12-11T12:00:00Z,0.0,-27.875,311.375,NaN
2021-12-11T12:00:00Z,0.0,-27.875,311.625,23.72
2021-12-11T12:00:00Z,0.0,-27.625,311.125,NaN
2021-12-11T12:00:00Z,0.0,-27.625,311.375,NaN
2021-12-11T12:00:00Z,0.0,-27.625,311.625,23.81
2021-12-11T12:00:00Z,0.0,-27.375,311.125,NaN
2021-12-11T12:00:00Z,0.0,-27.375,311.375,NaN
2021-12-11T12:00:00Z,0.0,-27.375,311.625,23.949999
2021-12-12T12:00:00Z,0.0,-27.875,311.125,NaN
2021-12-12T12:00:00Z,0.0,-27.875,311.375,NaN
2021-12-12T12:00:00Z,0.0,-27.875,311.625,23.93
2021-12-12T12:00:00Z,0.0,-27.625,311.125,NaN
2021-12-12T12:00:00Z,0.0,-27.625,311.375,NaN
2021-12-12T12:00:00Z,0.0,-27.625,311.625,24.08
2021-12-12T12:00:00Z,0.0,-27.375,311.125,NaN
2021-12-12T12:00:00Z,0.0,-27.375,311.375,NaN
2021-12-12T12:00:00Z,0.0,-27.375,311.625,24.269999
2021-12-13T12:00:00Z,0.0,-27.875,311.125,NaN
2021-12-13T12:00:00Z,0.0,-27.875,311.375,NaN
2021-12-13T12:00:00Z,0.0,-27.875,311.625,24.119999
2021-12-13T12:00:00Z,0.0,-27.625,311.125,NaN
2021-12-13T12:00:00Z,0.0,-27.625,311.375,NaN
2021-12-13T12:00:00Z,0.0,-27.625,311.625,24.3
2021-12-13T12:00:00Z,0.0,-27.375,311.125,NaN
2021-12-13T12:00:00Z,0.0,-27.375,311.375,NaN
2021-12-13T12:00:00Z,0.0,-27.375,311.625,24.49
2021-12-14T12:00:00Z,0.0,-27.875,311.125,NaN
2021-12-14T12:00:00Z,0.0,-27.875,311.375,NaN
2021-12-14T12:00:00Z,0.0,-27.875,311.625,24.41
2021-12-14T12:00:00Z,0.0,-27.625,311.125,NaN
2021-12-14T12:00:00Z,0.0,-27.625,311.375,NaN
2021-12-14T12:00:00Z,0.0,-27.625,311.625,24.57
2021-12-14T12:00:00Z,0.0,-27.375,311.125,NaN
2021-12-14T12:00:00Z,0.0,-27.375,311.375,NaN
2021-12-14T12:00:00Z,0.0,-27.375,311.625,24.689999
2021-12-15T12:00:00Z,0.0,-27.875,311.125,NaN
2021-12-15T12:00:00Z,0.0,-27.875,311.375,NaN
2021-12-15T12:00:00Z,0.0,-27.875,311.625,24.699999
2021-12-15T12:00:00Z,0.0,-27.625,311.125,NaN
2021-12-15T12:00:00Z,0.0,-27.625,311.375,NaN
2021-12-15T12:00:00Z,0.0,-27.625,311.625,24.949999
2021-12-15T12:00:00Z,0.0,-27.375,311.125,NaN
2021-12-15T12:00:00Z,0.0,-27.375,311.375,NaN
2021-12-15T12:00:00Z,0.0,-27.375,311.625,25.13
2021-12-16T12:00:00Z,0.0,-27.875,311.125,NaN
2021-12-16T12:00:00Z,0.0,-27.875,311.375,NaN
2021-12-16T12:00:00Z,0.0,-27.875,311.625,24.65
2021-12-16T12:00:00Z,0.0,-27.625,311.125,NaN
2021-12-16T12:00:00Z,0.0,-27.625,311.375,NaN
2021-12-16T12:00:00Z,0.0,-27.625,311.625,24.859999
2021-12-16T12:00:00Z,0.0,-27.375,311.125,NaN
2021-12-16T12:00:00Z,0.0,-27.375,311.375,NaN
2021-12-16T12:00:00Z,0.0,-27.375,311.625,25.05
2021-12-17T12:00:00Z,0.0,-27.875,311.125,NaN
2021-12-17T12:00:00Z,0.0,-27.875,311.375,NaN
2021-12-17T12:00:00Z,0.0,-27.875,311.625,24.74
2021-12-17T12:00:00Z,0.0,-27.625,311.125,NaN
2021-12-17T12:00:00Z,0.0,-27.625,311.375,NaN
2021-12-17T12:00:00Z,0.0,-27.625,311.625,24.89
2021-12-17T12:00:00Z,0.0,-27.375,311.125,NaN
2021-12-17T12:00:00Z,0.0,-27.375,311.375,NaN
2021-12-17T12:00:00Z,0.0,-27.375,311.625,25.029999
2021-12-18T12:00:00Z,0.0,-27.875,311.125,NaN
2021-12-18T12:00:00Z,0.0,-27.875,311.375,NaN
2021-12-18T12:00:00Z,0.0,-27.875,311.625,24.789999
2021-12-18T12:00:00Z,0.0,-27.625,311.125,NaN
2021-12-18T12:00:00Z,0.0,-27.625,311.375,NaN
2021-12-18T12:00:00Z,0.0,-27.625,311.625,24.939999
2021-12-18T12:00:00Z,0.0,-27.375,311.125,NaN
2021-12-18T12:00:00Z,0.0,-27.375,311.375,NaN
2021-12-18T12:00:00Z,0.0,-27.375,311.625,25.09
2021-12-19T12:00:00Z,0.0,-27.875,311.125,NaN
2021-12-19T12:00:00Z,0.0,-27.875,311.375,NaN
2021-12-19T12:00:00Z,0.0,-27.875,311.625,24.76
2021-12-19T12:00:00Z,0.0,-27.625,311.125,NaN
2021-12-19T12:00:00Z,0.0,-27.625,311.375,NaN
2021-12-19T12:00:00Z,0.0,-27.625,311.625,24.939999
2021-12-19T12:00:00Z,0.0,-27.375,311.125,NaN
2021-12-19T12:00:00Z,0.0,-27.375,311.375,NaN
2021-12-19T12:00:00Z,0.0,-27.375,311.625,25.1
2021-12-20T12:00:00Z,0.0,-27.875,311.125,NaN
2021-12-20T12:00:00Z,0.0,-27.875,311.375,NaN
2021-12-20T12:00:00Z,0.0,-27.875,311.625,24.76
2021-12-20T12:00:00Z,0.0,-27.625,311.125,NaN
2021-12-20T12:00:00Z,0.0,-27.625,311.375,NaN
2021-12-20T12:00:00Z,0.0,-27.625,311.625,24.91
2021-12-20T12:00:00Z,0.0,-27.375,311.125,NaN
2021-12-20T12:00:00Z,0.0,-27.375,311.375,NaN
2021-12-20T12:00:00Z,0.0,-27.375,311.625,25.05
2021-12-21T12:00:00Z,0.0,-27.875,311.125,NaN
2021-12-21T12:00:00Z,0.0,-27.875,311.375,NaN
2021-12-21T12:00:00Z,0.0,-27.875,311.625,24.859999
2021-12-21T12:00:00Z,0.0,-27.625,311.125,NaN
2021-12-21T12:00:00Z,0.0,-27.625,311.375,NaN
2021-12-21T12:00:00Z,0.0,-27.625,311.625,24.99
2021-12-21T12:00:00Z,0.0,-27.375,311.125,NaN
2021-12-21T12:00:00Z,0.0,-27.375,311.375,NaN
2021-12-21T12:00:00Z,0.0,-27.375,311.625,25.1
2021-12-22T12:00:00Z,0.0,-27.875,311.125,NaN
2021-12-22T12:00:00Z,0.0,-27.875,311.375,NaN
2021-12-22T12:00:00Z,0.0,-27.875,311.625,24.84
2021-12-22T12:00:00Z,0.0,-27.625,311.125,NaN
2021-12-22T12:00:00Z,0.0,-27.625,311.375,NaN
2021-12-22T12:00:00Z,0.0,-27.625,311.625,25.06
2021-12-22T12:00:00Z,0.0,-27.375,311.125,NaN
2021-12-22T12:00:00Z,0.0,-27.375,311.375,NaN
2021-12-22T12:00:00Z,0.0,-27.375,311.625,25.23
2021-12-23T12:00:00Z,0.0,-27.875,311.125,NaN
2021-12-23T12:00:00Z,0.0,-27.875,311.375,NaN
2021-12-23T12:00:00Z,0.0,-27.875,311.625,24.609999
2021-12-23T12:00:00Z,0.0,-27.625,311.125,NaN
2021-12-23T12:00:00Z,0.0,-27.625,311.375,NaN
2021-12-23T12:00:00Z,0.0,-27.625,311.625,24.789999
2021-12-23T12:00:00Z,0.0,-27.375,311.125,NaN
2021-12-23T12:00:00Z,0.0,-27.375,311.375,NaN
2021-12-23T12:00:00Z,0.0,-27.375,311.625,24.96
2021-12-24T12:00:00Z,0.0,-27.875,311.125,NaN
2021-12-24T12:00:00Z,0.0,-27.875,311.375,NaN
2021-12-24T12:00:00Z,0.0,-27.875,311.625,24.529999
2021-12-24T12:00:00Z,0.0,-27.625,311.125,NaN
2021-12-24T12:00:00Z,0.0,-27.625,311.375,NaN
2021-12-24T12:00:00Z,0.0,-27.625,311.625,24.689999
2021-12-24T12:00:00Z,0.0,-27.375,311.125,NaN
2021-12-24T12:00:00Z,0.0,-27.375,311.375,NaN
2021-12-24T12:00:00Z,0.0,-27.375,311.625,24.85
2021-12-25T12:00:00Z,0.0,-27.875,311.125,NaN
2021-12-25T12:00:00Z,0.0,-27.875,311.375,NaN
2021-12-25T12:00:00Z,0.0,-27.875,311.625,24.529999
2021-12-25T12:00:00Z,0.0,-27.625,311.125,NaN
2021-12-25T12:00:00Z,0.0,-27.625,311.375,NaN
2021-12-25T12:00:00Z,0.0,-27.625,311.625,24.64
2021-12-25T12:00:00Z,0.0,-27.375,311.125,NaN
2021-12-25T12:00:00Z,0.0,-27.375,311.375,NaN
2021-12-25T12:00:00Z,0.0,-27.375,311.625,24.76
2021-12-26T12:00:00Z,0.0,-27.875,311.125,NaN
2021-12-26T12:00:00Z,0.0,-27.875,311.375,NaN
2021-12-26T12:00:00Z,0.0,-27.875,311.625,24.51
2021-12-26T12:00:00Z,0.0,-27.625,311.125,NaN
2021-12-26T12:00:00Z,0.0,-27.625,311.375,NaN
2021-12-26T12:00:00Z,0.0,-27.625,311.625,24.6
2021-12-26T12:00:00Z,0.0,-27.375,311.125,NaN
2021-12-26T12:00:00Z,0.0,-27.375,311.375,NaN
2021-12-26T12:00:00Z,0.0,-27.375,311.625,24.699999
2021-12-27T12:00:00Z,0.0,-27.875,311.125,NaN
2021-12-27T12:00:00Z,0.0,-27.875,311.375,NaN
2021-12-27T12:00:00Z,0.0,-27.875,311.625,24.67
2021-12-27T12:00:00Z,0.0,-27.625,311.125,NaN
2021-12-27T12:00:00Z,0.0,-27.625,311.375,NaN
2021-12-27T12:00:00Z,0.0,-27.625,311.625,24.769999
2021-12-27T12:00:00Z,0.0,-27.375,311.125,NaN
2021-12-27T12:00:00Z,0.0,-27.375,311.375,NaN
2021-12-27T12:00:00Z,0.0,-27.375,311.625,24.9
2021-12-28T12:00:00Z,0.0,-27.875,311.125,NaN
2021-12-28T12:00:00Z,0.0,-27.875,311.375,NaN
2021-12-28T12:00:00Z,0.0,-27.875,311.625,24.84
2021-12-28T12:00:00Z,0.0,-27.625,311.125,NaN
2021-12-28T12:00:00Z,0.0,-27.625,311.375,NaN
2021-12-28T12:00:00Z,0.0,-27.625,311.625,24.99
2021-12-28T12:00:00Z,0.0,-27.375,311.125,NaN
2021-12-28T12:00:00Z,0.0,-27.375,311.375,NaN
2021-12-28T12:00:00Z,0.0,-27.375,311.625,25.14
2021-12-29T12:00:00Z,0.0,-27.875,311.125,NaN
2021-12-29T12:00:00Z,0.0,-27.875,311.375,NaN
2021-12-29T12:00:00Z,0.0,-27.875,311.625,24.92
2021-12-29T12:00:00Z,0.0,-27.625,311.125,NaN
2021-12-29T12:00:00Z,0.0,-27.625,311.375,NaN
2021-12-29T12:00:00Z,0.0,-27.625,311.625,25.08
2021-12-29T12:00:00Z,0.0,-27.375,311.125,NaN
2021-12-29T12:00:00Z,0.0,-27.375,311.375,NaN
2021-12-29T12:00:00Z,0.0,-27.375,311.625,25.22
2021-12-30T12:00:00Z,0.0,-27.875,311.125,NaN
2021-12-30T12:00:00Z,0.0,-27.875,311.375,NaN
2021-12-30T12:00:00Z,0.0,-27.875,311.625,25.189999
2021-12-30T12:00:00Z,0.0,-27.625,311.125,NaN
2021-12-30T12:00:00Z,0.0,-27.625,311.375,NaN
2021-12-30T12:00:00Z,0.0,-27.625,311.625,25.35
2021-12-30T12:00:00Z,0.0,-27.375,311.125,NaN
2021-12-30T12:00:00Z,0.0,-27.375,311.375,NaN
2021-12-30T12:00:00Z,0.0,-27.375,311.625,25.449999
2021-12-31T12:00:00Z,0.0,-27.875,311.125,NaN
2021-12-31T12:00:00Z,0.0,-27.875,311.375,NaN
2021-12-31T12:00:00Z,0.0,-27.875,311.625,25.39
2021-12-31T12:00:00Z,0.0,-27.625,311.125,NaN
2021-12-31T12:00:00Z,0.0,-27.625,311.375,NaN
2021-12-31T12:00:00Z,0.0,-27.625,311.625,25.539999
2021-12-31T12:00:00Z,0.0,-27.375,311.125,NaN
2021-12-31T12:00:00Z,0.0,-27.375,311.375,NaN
2021-12-31T12:00:00Z,0.0,-27.375,311.625,25.66
2022-01-01T12:00:00Z,0.0,-27.875,311.125,NaN
2022-01-01T12:00:00Z,0.0,-27.875,311.375,NaN
2022-01-01T12:00:00Z,0.0,-27.875,311.625,25.31
2022-01-01T12:00:00Z,0.0,-27.625,311.125,NaN
2022-01-01T12:00:00Z,0.0,-27.625,311.375,NaN
2022-01-01T12:00:00Z,0.0,-27.625,311.625,25.49
2022-01-01T12:00:00Z,0.0,-27.375,311.125,NaN
2022-01-01T12:00:00Z,0.0,-27.375,311.375,NaN
2022-01-01T12:00:00Z,0.0,-27.375,311.625,25.64
2022-01-02T12:00:00Z,0.0,-27.875,311.125,NaN
2022-01-02T12:00:00Z,0.0,-27.875,311.375,NaN
2022-01-02T12:00:00Z,0.0,-27.875,311.625,25.279999
2022-01-02T12:00:00Z,0.0,-27.625,311.125,NaN
2022-01-02T12:00:00Z,0.0,-27.625,311.375,NaN
2022-01-02T12:00:00Z,0.0,-27.625,311.625,25.48
2022-01-02T12:00:00Z,0.0,-27.375,311.125,NaN
2022-01-02T12:00:00Z,0.0,-27.375,311.375,NaN
2022-01-02T12:00:00Z,0.0,-27.375,311.625,25.63
2022-01-03T12:00:00Z,0.0,-27.875,311.125,NaN
2022-01-03T12:00:00Z,0.0,-27.875,311.375,NaN
2022-01-03T12:00:00Z,0.0,-27.875,311.625,25.539999
2022-01-03T12:00:00Z,0.0,-27.625,311.125,NaN
2022-01-03T12:00:00Z,0.0,-27.625,311.375,NaN
2022-01-03T12:00:00Z,0.0,-27.625,311.625,25.71
2022-01-03T12:00:00Z,0.0,-27.375,311.125,NaN
2022-01-03T12:00:00Z,0.0,-27.375,311.375,NaN
2022-01-03T12:00:00Z,0.0,-27.375,311.625,25.84
2022-01-04T12:00:00Z,0.0,-27.875,311.125,NaN
2022-01-04T12:00:00Z,0.0,-27.875,311.375,NaN
2022-01-04T12:00:00Z,0.0,-27.875,311.625,25.82
2022-01-04T12:00:00Z,0.0,-27.625,311.125,NaN
2022-01-04T12:00:00Z,0.0,-27.625,311.375,NaN
2022-01-04T12:00:00Z,0.0,-27.625,311.625,25.93
2022-01-04T12:00:00Z,0.0,-27.375,311.125,NaN
2022-01-04T12:00:00Z,0.0,-27.375,311.375,NaN
2022-01-04T12:00:00Z,0.0,-27.375,311.625,25.949999
2022-01-05T12:00:00Z,0.0,-27.875,311.125,NaN
2022-01-05T12:00:00Z,0.0,-27.875,311.375,NaN
2022-01-05T12:00:00Z,0.0,-27.875,311.625,25.869999
2022-01-05T12:00:00Z,0.0,-27.625,311.125,NaN
2022-01-05T12:00:00Z,0.0,-27.625,311.375,NaN
2022-01-05T12:00:00Z,0.0,-27.625,311.625,25.99
2022-01-05T12:00:00Z,0.0,-27.375,311.125,NaN
2022-01-05T12:00:00Z,0.0,-27.375,311.375,NaN
2022-01-05T12:00:00Z,0.0,-27.375,311.625,26.019999
2022-01-06T12:00:00Z,0.0,-27.875,311.125,NaN
2022-01-06T12:00:00Z,0.0,-27.875,311.375,NaN
2022-01-06T12:00:00Z,0.0,-27.875,311.625,25.31
2022-01-06T12:00:00Z,0.0,-27.625,311.125,NaN
2022-01-06T12:00:00Z,0.0,-27.625,311.375,NaN
2022-01-06T12:00:00Z,0.0,-27.625,311.625,25.47
2022-01-06T12:00:00Z,0.0,-27.375,311.125,NaN
2022-01-06T12:00:00Z,0.0,-27.375,311.375,NaN
2022-01-06T12:00:00Z,0.0,-27.375,311.625,25.59
2022-01-07T12:00:00Z,0.0,-27.875,311.125,NaN
2022-01-07T12:00:00Z,0.0,-27.875,311.375,NaN
2022-01-07T12:00:00Z,0.0,-27.875,311.625,25.08
2022-01-07T12:00:00Z,0.0,-27.625,311.125,NaN
2022-01-07T12:00:00Z,0.0,-27.625,311.375,NaN
2022-01-07T12:00:00Z,0.0,-27.625,311.625,25.189999
2022-01-07T12:00:00Z,0.0,-27.375,311.125,NaN
2022-01-07T12:00:00Z,0.0,-27.375,311.375,NaN
2022-01-07T12:00:00Z,0.0,-27.375,311.625,25.3
2022-01-08T12:00:00Z,0.0,-27.875,311.125,NaN
2022-01-08T12:00:00Z,0.0,-27.875,311.375,NaN
2022-01-08T12:00:00Z,0.0,-27.875,311.625,24.93
2022-01-08T12:00:00Z,0.0,-27.625,311.125,NaN
2022-01-08T12:00:00Z,0.0,-27.625,311.375,NaN
2022-01-08T12:00:00Z,0.0,-27.625,311.625,25.029999
2022-01-08T12:00:00Z,0.0,-27.375,311.125,NaN
2022-01-08T12:00:00Z,0.0,-27.375,311.375,NaN
2022-01-08T12:00:00Z,0.0,-27.375,311.625,25.16
2022-01-09T12:00:00Z,0.0,-27.875,311.125,NaN
2022-01-09T12:00:00Z,0.0,-27.875,311.375,NaN
2022-01-09T12:00:00Z,0.0,-27.875,311.625,24.93
2022-01-09T12:00:00Z,0.0,-27.625,311.125,NaN
2022-01-09T12:00:00Z,0.0,-27.625,311.375,NaN
2022-01-09T12:00:00Z,0.0,-27.625,311.625,25.1
2022-01-09T12:00:00Z,0.0,-27.375,311.125,NaN
2022-01-09T12:00:00Z,0.0,-27.375,311.375,NaN
2022-01-09T12:00:00Z,0.0,-27.375,311.625,25.24
2022-01-10T12:00:00Z,0.0,-27.875,311.125,NaN
2022-01-10T12:00:00Z,0.0,-27.875,311.375,NaN
2022-01-10T12:00:00Z,0.0,-27.875,311.625,24.85
2022-01-10T12:00:00Z,0.0,-27.625,311.125,NaN
2022-01-10T12:00:00Z,0.0,-27.625,311.375,NaN
2022-01-10T12:00:00Z,0.0,-27.625,311.625,25.029999
2022-01-10T12:00:00Z,0.0,-27.375,311.125,NaN
2022-01-10T12:00:00Z,0.0,-27.375,311.375,NaN
2022-01-10T12:00:00Z,0.0,-27.375,311.625,25.17
2022-01-11T12:00:00Z,0.0,-27.875,311.125,NaN
2022-01-11T12:00:00Z,0.0,-27.875,311.375,NaN
2022-01-11T12:00:00Z,0.0,-27.875,311.625,24.91
2022-01-11T12:00:00Z,0.0,-27.625,311.125,NaN
2022-01-11T12:00:00Z,0.0,-27.625,311.375,NaN
2022-01-11T12:00:00Z,0.0,-27.625,311.625,25.029999
2022-01-11T12:00:00Z,0.0,-27.375,311.125,NaN
2022-01-11T12:00:00Z,0.0,-27.375,311.375,NaN
2022-01-11T12:00:00Z,0.0,-27.375,311.625,25.13
2022-01-12T12:00:00Z,0.0,-27.875,311.125,NaN
2022-01-12T12:00:00Z,0.0,-27.875,311.375,NaN
2022-01-12T12:00:00Z,0.0,-27.875,311.625,25.13
2022-01-12T12:00:00Z,0.0,-27.625,311.125,NaN
2022-01-12T12:00:00Z,0.0,-27.625,311.375,NaN
2022-01-12T12:00:00Z,0.0,-27.625,311.625,25.199999
2022-01-12T12:00:00Z,0.0,-27.375,311.125,NaN
2022-01-12T12:00:00Z,0.0,-27.375,311.375,NaN
2022-01-12T12:00:00Z,0.0,-27.375,311.625,25.269999
2022-01-13T12:00:00Z,0.0,-27.875,311.125,NaN
2022-01-13T12:00:00Z,0.0,-27.875,311.375,NaN
2022-01-13T12:00:00Z,0.0,-27.875,311.625,25.3
2022-01-13T12:00:00Z,0.0,-27.625,311.125,NaN
2022-01-13T12:00:00Z,0.0,-27.625,311.375,NaN
2022-01-13T12:00:00Z,0.0,-27.625,311.625,25.35
2022-01-13T12:00:00Z,0.0,-27.375,311.125,NaN
2022-01-13T12:00:00Z,0.0,-27.375,311.375,NaN
2022-01-13T12:00:00Z,0.0,-27.375,311.625,25.38
2022-01-14T12:00:00Z,0.0,-27.875,311.125,NaN
2022-01-14T12:00:00Z,0.0,-27.875,311.375,NaN
2022-01-14T12:00:00Z,0.0,-27.875,311.625,25.529999
2022-01-14T12:00:00Z,0.0,-27.625,311.125,NaN
2022-01-14T12:00:00Z,0.0,-27.625,311.375,NaN
2022-01-14T12:00:00Z,0.0,-27.625,311.625,25.47
2022-01-14T12:00:00Z,0.0,-27.375,311.125,NaN
2022-01-14T12:00:00Z,0.0,-27.375,311.375,NaN
2022-01-14T12:00:00Z,0.0,-27.375,311.625,25.449999
2022-01-15T12:00:00Z,0.0,-27.875,311.125,NaN
2022-01-15T12:00:00Z,0.0,-27.875,311.375,NaN
2022-01-15T12:00:00Z,0.0,-27.875,311.625,25.789999
2022-01-15T12:00:00Z,0.0,-27.625,311.125,NaN
2022-01-15T12:00:00Z,0.0,-27.625,311.375,NaN
2022-01-15T12:00:00Z,0.0,-27.625,311.625,25.789999
2022-01-15T12:00:00Z,0.0,-27.375,311.125,NaN
2022-01-15T12:00:00Z,0.0,-27.375,311.375,NaN
2022-01-15T12:00:00Z,0.0,-27.375,311.625,25.769999
2022-01-16T12:00:00Z,0.0,-27.875,311.125,NaN
2022-01-16T12:00:00Z,0.0,-27.875,311.375,NaN
2022-01-16T12:00:00Z,0.0,-27.875,311.625,25.8
2022-01-16T12:00:00Z,0.0,-27.625,311.125,NaN
2022-01-16T12:00:00Z,0.0,-27.625,311.375,NaN
2022-01-16T12:00:00Z,0.0,-27.625,311.625,25.82
2022-01-16T12:00:00Z,0.0,-27.375,311.125,NaN
2022-01-16T12:00:00Z,0.0,-27.375,311.375,NaN
2022-01-16T12:00:00Z,0.0,-27.375,311.625,25.83
2022-01-17T12:00:00Z,0.0,-27.875,311.125,NaN
2022-01-17T12:00:00Z,0.0,-27.875,311.375,NaN
2022-01-17T12:00:00Z,0.0,-27.875,311.625,26.09
2022-01-17T12:00:00Z,0.0,-27.625,311.125,NaN
2022-01-17T12:00:00Z,0.0,-27.625,311.375,NaN
2022-01-17T12:00:00Z,0.0,-27.625,311.625,26.109999
2022-01-17T12:00:00Z,0.0,-27.375,311.125,NaN
2022-01-17T12:00:00Z,0.0,-27.375,311.375,NaN
2022-01-17T12:00:00Z,0.0,-27.375,311.625,26.099998
2022-01-18T12:00:00Z,0.0,-27.875,311.125,NaN
2022-01-18T12:00:00Z,0.0,-27.875,311.375,NaN
2022-01-18T12:00:00Z,0.0,-27.875,311.625,26.21
2022-01-18T12:00:00Z,0.0,-27.625,311.125,NaN
2022-01-18T12:00:00Z,0.0,-27.625,311.375,NaN
2022-01-18T12:00:00Z,0.0,-27.625,311.625,26.31
2022-01-18T12:00:00Z,0.0,-27.375,311.125,NaN
2022-01-18T12:00:00Z,0.0,-27.375,311.375,NaN
2022-01-18T12:00:00Z,0.0,-27.375,311.625,26.42
2022-01-19T12:00:00Z,0.0,-27.875,311.125,NaN
2022-01-19T12:00:00Z,0.0,-27.875,311.375,NaN
2022-01-19T12:00:00Z,0.0,-27.875,311.625,26.23
2022-01-19T12:00:00Z,0.0,-27.625,311.125,NaN
2022-01-19T12:00:00Z,0.0,-27.625,311.375,NaN
2022-01-19T12:00:00Z,0.0,-27.625,311.625,26.46
2022-01-19T12:00:00Z,0.0,-27.375,311.125,NaN
2022-01-19T12:00:00Z,0.0,-27.375,311.375,NaN
2022-01-19T12:00:00Z,0.0,-27.375,311.625,26.63
2022-01-20T12:00:00Z,0.0,-27.875,311.125,NaN
2022-01-20T12:00:00Z,0.0,-27.875,311.375,NaN
2022-01-20T12:00:00Z,0.0,-27.875,311.625,26.41
2022-01-20T12:00:00Z,0.0,-27.625,311.125,NaN
2022-01-20T12:00:00Z,0.0,-27.625,311.375,NaN
2022-01-20T12:00:00Z,0.0,-27.625,311.625,26.67
2022-01-20T12:00:00Z,0.0,-27.375,311.125,NaN
2022-01-20T12:00:00Z,0.0,-27.375,311.375,NaN
2022-01-20T12:00:00Z,0.0,-27.375,311.625,26.859999
2022-01-21T12:00:00Z,0.0,-27.875,311.125,NaN
2022-01-21T12:00:00Z,0.0,-27.875,311.375,NaN
2022-01-21T12:00:00Z,0.0,-27.875,311.625,26.609999
2022-01-21T12:00:00Z,0.0,-27.625,311.125,NaN
2022-01-21T12:00:00Z,0.0,-27.625,311.375,NaN
2022-01-21T12:00:00Z,0.0,-27.625,311.625,26.82
2022-01-21T12:00:00Z,0.0,-27.375,311.125,NaN
2022-01-21T12:00:00Z,0.0,-27.375,311.375,NaN
2022-01-21T12:00:00Z,0.0,-27.375,311.625,26.97
2022-01-22T12:00:00Z,0.0,-27.875,311.125,NaN
2022-01-22T12:00:00Z,0.0,-27.875,311.375,NaN
2022-01-22T12:00:00Z,0.0,-27.875,311.625,26.72
2022-01-22T12:00:00Z,0.0,-27.625,311.125,NaN
2022-01-22T12:00:00Z,0.0,-27.625,311.375,NaN
2022-01-22T12:00:00Z,0.0,-27.625,311.625,26.859999
2022-01-22T12:00:00Z,0.0,-27.375,311.125,NaN
2022-01-22T12:00:00Z,0.0,-27.375,311.375,NaN
2022-01-22T12:00:00Z,0.0,-27.375,311.625,26.96
2022-01-23T12:00:00Z,0.0,-27.875,311.125,NaN
2022-01-23T12:00:00Z,0.0,-27.875,311.375,NaN
2022-01-23T12:00:00Z,0.0,-27.875,311.625,26.63
2022-01-23T12:00:00Z,0.0,-27.625,311.125,NaN
2022-01-23T12:00:00Z,0.0,-27.625,311.375,NaN
2022-01-23T12:00:00Z,0.0,-27.625,311.625,26.74
2022-01-23T12:00:00Z,0.0,-27.375,311.125,NaN
2022-01-23T12:00:00Z,0.0,-27.375,311.375,NaN
2022-01-23T12:00:00Z,0.0,-27.375,311.625,26.82
2022-01-24T12:00:00Z,0.0,-27.875,311.125,NaN
2022-01-24T12:00:00Z,0.0,-27.875,311.375,NaN
2022-01-24T12:00:00Z,0.0,-27.875,311.625,26.849998
2022-01-24T12:00:00Z,0.0,-27.625,311.125,NaN
2022-01-24T12:00:00Z,0.0,-27.625,311.375,NaN
2022-01-24T12:00:00Z,0.0,-27.625,311.625,26.939999
2022-01-24T12:00:00Z,0.0,-27.375,311.125,NaN
2022-01-24T12:00:00Z,0.0,-27.375,311.375,NaN
2022-01-24T12:00:00Z,0.0,-27.375,311.625,26.98
2022-01-25T12:00:00Z,0.0,-27.875,311.125,NaN
2022-01-25T12:00:00Z,0.0,-27.875,311.375,NaN
2022-01-25T12:00:00Z,0.0,-27.875,311.625,26.849998
2022-01-25T12:00:00Z,0.0,-27.625,311.125,NaN
2022-01-25T12:00:00Z,0.0,-27.625,311.375,NaN
2022-01-25T12:00:00Z,0.0,-27.625,311.625,26.93
2022-01-25T12:00:00Z,0.0,-27.375,311.125,NaN
2022-01-25T12:00:00Z,0.0,-27.375,311.375,NaN
2022-01-25T12:00:00Z,0.0,-27.375,311.625,26.99
2022-01-26T12:00:00Z,0.0,-27.875,311.125,NaN
2022-01-26T12:00:00Z,0.0,-27.875,311.375,NaN
2022-01-26T12:00:00Z,0.0,-27.875,311.625,26.43
2022-01-26T12:00:00Z,0.0,-27.625,311.125,NaN
2022-01-26T12:00:00Z,0.0,-27.625,311.375,NaN
2022-01-26T12:00:00Z,0.0,-27.625,311.625,26.57
2022-01-26T12:00:00Z,0.0,-27.375,311.125,NaN
2022-01-26T12:00:00Z,0.0,-27.375,311.375,NaN
2022-01-26T12:00:00Z,0.0,-27.375,311.625,26.73
2022-01-27T12:00:00Z,0.0,-27.875,311.125,NaN
2022-01-27T12:00:00Z,0.0,-27.875,311.375,NaN
2022-01-27T12:00:00Z,0.0,-27.875,311.625,26.31
2022-01-27T12:00:00Z,0.0,-27.625,311.125,NaN
2022-01-27T12:00:00Z,0.0,-27.625,311.375,NaN
2022-01-27T12:00:00Z,0.0,-27.625,311.625,26.349998
2022-01-27T12:00:00Z,0.0,-27.375,311.125,NaN
2022-01-27T12:00:00Z,0.0,-27.375,311.375,NaN
2022-01-27T12:00:00Z,0.0,-27.375,311.625,26.73
2022-01-28T12:00:00Z,0.0,-27.875,311.125,NaN
2022-01-28T12:00:00Z,0.0,-27.875,311.375,NaN
2022-01-28T12:00:00Z,0.0,-27.875,311.625,26.099998
2022-01-28T12:00:00Z,0.0,-27.625,311.125,NaN
2022-01-28T12:00:00Z,0.0,-27.625,311.375,NaN
2022-01-28T12:00:00Z,0.0,-27.625,311.625,26.369999
2022-01-28T12:00:00Z,0.0,-27.375,311.125,NaN
2022-01-28T12:00:00Z,0.0,-27.375,311.375,NaN
2022-01-28T12:00:00Z,0.0,-27.375,311.625,26.769999
2022-01-29T12:00:00Z,0.0,-27.875,311.125,NaN
2022-01-29T12:00:00Z,0.0,-27.875,311.375,NaN
2022-01-29T12:00:00Z,0.0,-27.875,311.625,25.71
2022-01-29T12:00:00Z,0.0,-27.625,311.125,NaN
2022-01-29T12:00:00Z,0.0,-27.625,311.375,NaN
2022-01-29T12:00:00Z,0.0,-27.625,311.625,26.01
2022-01-29T12:00:00Z,0.0,-27.375,311.125,NaN
2022-01-29T12:00:00Z,0.0,-27.375,311.375,NaN
2022-01-29T12:00:00Z,0.0,-27.375,311.625,26.449999
2022-01-30T12:00:00Z,0.0,-27.875,311.125,NaN
2022-01-30T12:00:00Z,0.0,-27.875,311.375,NaN
2022-01-30T12:00:00Z,0.0,-27.875,311.625,25.49
2022-01-30T12:00:00Z,0.0,-27.625,311.125,NaN
2022-01-30T12:00:00Z,0.0,-27.625,311.375,NaN
2022-01-30T12:00:00Z,0.0,-27.625,311.625,25.609999
2022-01-30T12:00:00Z,0.0,-27.375,311.125,NaN
2022-01-30T12:00:00Z,0.0,-27.375,311.375,NaN
2022-01-30T12:00:00Z,0.0,-27.375,311.625,25.84
2022-01-31T12:00:00Z,0.0,-27.875,311.125,NaN
2022-01-31T12:00:00Z,0.0,-27.875,311.375,NaN
2022-01-31T12:00:00Z,0.0,-27.875,311.625,25.519999
2022-01-31T12:00:00Z,0.0,-27.625,311.125,NaN
2022-01-31T12:00:00Z,0.0,-27.625,311.375,NaN
2022-01-31T12:00:00Z,0.0,-27.625,311.625,25.58
2022-01-31T12:00:00Z,0.0,-27.375,311.125,NaN
2022-01-31T12:00:00Z,0.0,-27.375,311.375,NaN
2022-01-31T12:00:00Z,0.0,-27.375,311.625,25.699999
2022-02-01T12:00:00Z,0.0,-27.875,311.125,NaN
2022-02-01T12:00:00Z,0.0,-27.875,311.375,NaN
2022-02-01T12:00:00Z,0.0,-27.875,311.625,25.4
2022-02-01T12:00:00Z,0.0,-27.625,311.125,NaN
2022-02-01T12:00:00Z,0.0,-27.625,311.375,NaN
2022-02-01T12:00:00Z,0.0,-27.625,311.625,25.51
2022-02-01T12:00:00Z,0.0,-27.375,311.125,NaN
2022-02-01T12:00:00Z,0.0,-27.375,311.375,NaN
2022-02-01T12:00:00Z,0.0,-27.375,311.625,25.64
2022-02-02T12:00:00Z,0.0,-27.875,311.125,NaN
2022-02-02T12:00:00Z,0.0,-27.875,311.375,NaN
2022-02-02T12:00:00Z,0.0,-27.875,311.625,25.25
2022-02-02T12:00:00Z,0.0,-27.625,311.125,NaN
2022-02-02T12:00:00Z,0.0,-27.625,311.375,NaN
2022-02-02T12:00:00Z,0.0,-27.625,311.625,25.47
2022-02-02T12:00:00Z,0.0,-27.375,311.125,NaN
2022-02-02T12:00:00Z,0.0,-27.375,311.375,NaN
2022-02-02T12:00:00Z,0.0,-27.375,311.625,25.689999
2022-02-03T12:00:00Z,0.0,-27.875,311.125,NaN
2022-02-03T12:00:00Z,0.0,-27.875,311.375,NaN
2022-02-03T12:00:00Z,0.0,-27.875,311.625,25.22
2022-02-03T12:00:00Z,0.0,-27.625,311.125,NaN
2022-02-03T12:00:00Z,0.0,-27.625,311.375,NaN
2022-02-03T12:00:00Z,0.0,-27.625,311.625,25.42
2022-02-03T12:00:00Z,0.0,-27.375,311.125,NaN
2022-02-03T12:00:00Z,0.0,-27.375,311.375,NaN
2022-02-03T12:00:00Z,0.0,-27.375,311.625,25.619999
2022-02-04T12:00:00Z,0.0,-27.875,311.125,NaN
2022-02-04T12:00:00Z,0.0,-27.875,311.375,NaN
2022-02-04T12:00:00Z,0.0,-27.875,311.625,25.619999
2022-02-04T12:00:00Z,0.0,-27.625,311.125,NaN
2022-02-04T12:00:00Z,0.0,-27.625,311.375,NaN
2022-02-04T12:00:00Z,0.0,-27.625,311.625,25.72
2022-02-04T12:00:00Z,0.0,-27.375,311.125,NaN
2022-02-04T12:00:00Z,0.0,-27.375,311.375,NaN
2022-02-04T12:00:00Z,0.0,-27.375,311.625,25.83
2022-02-05T12:00:00Z,0.0,-27.875,311.125,NaN
2022-02-05T12:00:00Z,0.0,-27.875,311.375,NaN
2022-02-05T12:00:00Z,0.0,-27.875,311.625,26.01
2022-02-05T12:00:00Z,0.0,-27.625,311.125,NaN
2022-02-05T12:00:00Z,0.0,-27.625,311.375,NaN
2022-02-05T12:00:00Z,0.0,-27.625,311.625,26.07
2022-02-05T12:00:00Z,0.0,-27.375,311.125,NaN
2022-02-05T12:00:00Z,0.0,-27.375,311.375,NaN
2022-02-05T12:00:00Z,0.0,-27.375,311.625,26.15
2022-02-06T12:00:00Z,0.0,-27.875,311.125,NaN
2022-02-06T12:00:00Z,0.0,-27.875,311.375,NaN
2022-02-06T12:00:00Z,0.0,-27.875,311.625,26.269999
2022-02-06T12:00:00Z,0.0,-27.625,311.125,NaN
2022-02-06T12:00:00Z,0.0,-27.625,311.375,NaN
2022-02-06T12:00:00Z,0.0,-27.625,311.625,26.289999
2022-02-06T12:00:00Z,0.0,-27.375,311.125,NaN
2022-02-06T12:00:00Z,0.0,-27.375,311.375,NaN
2022-02-06T12:00:00Z,0.0,-27.375,311.625,26.349998
2022-02-07T12:00:00Z,0.0,-27.875,311.125,NaN
2022-02-07T12:00:00Z,0.0,-27.875,311.375,NaN
2022-02-07T12:00:00Z,0.0,-27.875,311.625,26.14
2022-02-07T12:00:00Z,0.0,-27.625,311.125,NaN
2022-02-07T12:00:00Z,0.0,-27.625,311.375,NaN
2022-02-07T12:00:00Z,0.0,-27.625,311.625,26.23
2022-02-07T12:00:00Z,0.0,-27.375,311.125,NaN
2022-02-07T12:00:00Z,0.0,-27.375,311.375,NaN
2022-02-07T12:00:00Z,0.0,-27.375,311.625,26.279999
2022-02-08T12:00:00Z,0.0,-27.875,311.125,NaN
2022-02-08T12:00:00Z,0.0,-27.875,311.375,NaN
2022-02-08T12:00:00Z,0.0,-27.875,311.625,26.0
2022-02-08T12:00:00Z,0.0,-27.625,311.125,NaN
2022-02-08T12:00:00Z,0.0,-27.625,311.375,NaN
2022-02-08T12:00:00Z,0.0,-27.625,311.625,26.109999
2022-02-08T12:00:00Z,0.0,-27.375,311.125,NaN
2022-02-08T12:00:00Z,0.0,-27.375,311.375,NaN
2022-02-08T12:00:00Z,0.0,-27.375,311.625,26.18
2022-02-09T12:00:00Z,0.0,-27.875,311.125,NaN
2022-02-09T12:00:00Z,0.0,-27.875,311.375,NaN
2022-02-09T12:00:00Z,0.0,-27.875,311.625,25.63
2022-02-09T12:00:00Z,0.0,-27.625,311.125,NaN
2022-02-09T12:00:00Z,0.0,-27.625,311.375,NaN
2022-02-09T12:00:00Z,0.0,-27.625,311.625,25.859999
2022-02-09T12:00:00Z,0.0,-27.375,311.125,NaN
2022-02-09T12:00:00Z,0.0,-27.375,311.375,NaN
2022-02-09T12:00:00Z,0.0,-27.375,311.625,26.019999
2022-02-10T12:00:00Z,0.0,-27.875,311.125,NaN
2022-02-10T12:00:00Z,0.0,-27.875,311.375,NaN
2022-02-10T12:00:00Z,0.0,-27.875,311.625,25.439999
2022-02-10T12:00:00Z,0.0,-27.625,311.125,NaN
2022-02-10T12:00:00Z,0.0,-27.625,311.375,NaN
2022-02-10T12:00:00Z,0.0,-27.625,311.625,25.8
2022-02-10T12:00:00Z,0.0,-27.375,311.125,NaN
2022-02-10T12:00:00Z,0.0,-27.375,311.375,NaN
2022-02-10T12:00:00Z,0.0,-27.375,311.625,26.08
2022-02-11T12:00:00Z,0.0,-27.875,311.125,NaN
2022-02-11T12:00:00Z,0.0,-27.875,311.375,NaN
2022-02-11T12:00:00Z,0.0,-27.875,311.625,25.43
2022-02-11T12:00:00Z,0.0,-27.625,311.125,NaN
2022-02-11T12:00:00Z,0.0,-27.625,311.375,NaN
2022-02-11T12:00:00Z,0.0,-27.625,311.625,25.849998
2022-02-11T12:00:00Z,0.0,-27.375,311.125,NaN
2022-02-11T12:00:00Z,0.0,-27.375,311.375,NaN
2022-02-11T12:00:00Z,0.0,-27.375,311.625,26.21
2022-02-12T12:00:00Z,0.0,-27.875,311.125,NaN
2022-02-12T12:00:00Z,0.0,-27.875,311.375,NaN
2022-02-12T12:00:00Z,0.0,-27.875,311.625,25.689999
2022-02-12T12:00:00Z,0.0,-27.625,311.125,NaN
2022-02-12T12:00:00Z,0.0,-27.625,311.375,NaN
2022-02-12T12:00:00Z,0.0,-27.625,311.625,26.09
2022-02-12T12:00:00Z,0.0,-27.375,311.125,NaN
2022-02-12T12:00:00Z,0.0,-27.375,311.375,NaN
2022-02-12T12:00:00Z,0.0,-27.375,311.625,26.43
2022-02-13T12:00:00Z,0.0,-27.875,311.125,NaN
2022-02-13T12:00:00Z,0.0,-27.875,311.375,NaN
2022-02-13T12:00:00Z,0.0,-27.875,311.625,25.93
2022-02-13T12:00:00Z,0.0,-27.625,311.125,NaN
2022-02-13T12:00:00Z,0.0,-27.625,311.375,NaN
2022-02-13T12:00:00Z,0.0,-27.625,311.625,26.349998
2022-02-13T12:00:00Z,0.0,-27.375,311.125,NaN
2022-02-13T12:00:00Z,0.0,-27.375,311.375,NaN
2022-02-13T12:00:00Z,0.0,-27.375,311.625,26.71
2022-02-14T12:00:00Z,0.0,-27.875,311.125,NaN
2022-02-14T12:00:00Z,0.0,-27.875,311.375,NaN
2022-02-14T12:00:00Z,0.0,-27.875,311.625,25.75
2022-02-14T12:00:00Z,0.0,-27.625,311.125,NaN
2022-02-14T12:00:00Z,0.0,-27.625,311.375,NaN
2022-02-14T12:00:00Z,0.0,-27.625,311.625,26.23
2022-02-14T12:00:00Z,0.0,-27.375,311.125,NaN
2022-02-14T12:00:00Z,0.0,-27.375,311.375,NaN
2022-02-14T12:00:00Z,0.0,-27.375,311.625,26.699999
2022-02-15T12:00:00Z,0.0,-27.875,311.125,NaN
2022-02-15T12:00:00Z,0.0,-27.875,311.375,NaN
2022-02-15T12:00:00Z,0.0,-27.875,311.625,25.769999
2022-02-15T12:00:00Z,0.0,-27.625,311.125,NaN
2022-02-15T12:00:00Z,0.0,-27.625,311.375,NaN
2022-02-15T12:00:00Z,0.0,-27.625,311.625,26.25
2022-02-15T12:00:00Z,0.0,-27.375,311.125,NaN
2022-02-15T12:00:00Z,0.0,-27.375,311.375,NaN
2022-02-15T12:00:00Z,0.0,-27.375,311.625,26.699999
2022-02-16T12:00:00Z,0.0,-27.875,311.125,NaN
2022-02-16T12:00:00Z,0.0,-27.875,311.375,NaN
2022-02-16T12:00:00Z,0.0,-27.875,311.625,25.859999
2022-02-16T12:00:00Z,0.0,-27.625,311.125,NaN
2022-02-16T12:00:00Z,0.0,-27.625,311.375,NaN
2022-02-16T12:00:00Z,0.0,-27.625,311.625,26.26
2022-02-16T12:00:00Z,0.0,-27.375,311.125,NaN
2022-02-16T12:00:00Z,0.0,-27.375,311.375,NaN
2022-02-16T12:00:00Z,0.0,-27.375,311.625,26.65
2022-02-17T12:00:00Z,0.0,-27.875,311.125,NaN
2022-02-17T12:00:00Z,0.0,-27.875,311.375,NaN
2022-02-17T12:00:00Z,0.0,-27.875,311.625,26.099998
2022-02-17T12:00:00Z,0.0,-27.625,311.125,NaN
2022-02-17T12:00:00Z,0.0,-27.625,311.375,NaN
2022-02-17T12:00:00Z,0.0,-27.625,311.625,26.4
2022-02-17T12:00:00Z,0.0,-27.375,311.125,NaN
2022-02-17T12:00:00Z,0.0,-27.375,311.375,NaN
2022-02-17T12:00:00Z,0.0,-27.375,311.625,26.699999
2022-02-18T12:00:00Z,0.0,-27.875,311.125,NaN
2022-02-18T12:00:00Z,0.0,-27.875,311.375,NaN
2022-02-18T12:00:00Z,0.0,-27.875,311.625,26.199999
2022-02-18T12:00:00Z,0.0,-27.625,311.125,NaN
2022-02-18T12:00:00Z,0.0,-27.625,311.375,NaN
2022-02-18T12:00:00Z,0.0,-27.625,311.625,26.47
2022-02-18T12:00:00Z,0.0,-27.375,311.125,NaN
2022-02-18T12:00:00Z,0.0,-27.375,311.375,NaN
2022-02-18T12:00:00Z,0.0,-27.375,311.625,26.68
2022-02-19T12:00:00Z,0.0,-27.875,311.125,NaN
2022-02-19T12:00:00Z,0.0,-27.875,311.375,NaN
2022-02-19T12:00:00Z,0.0,-27.875,311.625,26.199999
2022-02-19T12:00:00Z,0.0,-27.625,311.125,NaN
2022-02-19T12:00:00Z,0.0,-27.625,311.375,NaN
2022-02-19T12:00:00Z,0.0,-27.625,311.625,26.46
2022-02-19T12:00:00Z,0.0,-27.375,311.125,NaN
2022-02-19T12:00:00Z,0.0,-27.375,311.375,NaN
2022-02-19T12:00:00Z,0.0,-27.375,311.625,26.67
2022-02-20T12:00:00Z,0.0,-27.875,311.125,NaN
2022-02-20T12:00:00Z,0.0,-27.875,311.375,NaN
2022-02-20T12:00:00Z,0.0,-27.875,311.625,26.47
2022-02-20T12:00:00Z,0.0,-27.625,311.125,NaN
2022-02-20T12:00:00Z,0.0,-27.625,311.375,NaN
2022-02-20T12:00:00Z,0.0,-27.625,311.625,26.619999
2022-02-20T12:00:00Z,0.0,-27.375,311.125,NaN
2022-02-20T12:00:00Z,0.0,-27.375,311.375,NaN
2022-02-20T12:00:00Z,0.0,-27.375,311.625,26.72
2022-02-21T12:00:00Z,0.0,-27.875,311.125,NaN
2022-02-21T12:00:00Z,0.0,-27.875,311.375,NaN
2022-02-21T12:00:00Z,0.0,-27.875,311.625,26.48
2022-02-21T12:00:00Z,0.0,-27.625,311.125,NaN
2022-02-21T12:00:00Z,0.0,-27.625,311.375,NaN
2022-02-21T12:00:00Z,0.0,-27.625,311.625,26.58
2022-02-21T12:00:00Z,0.0,-27.375,311.125,NaN
2022-02-21T12:00:00Z,0.0,-27.375,311.375,NaN
2022-02-21T12:00:00Z,0.0,-27.375,311.625,26.689999
2022-02-22T12:00:00Z,0.0,-27.875,311.125,NaN
2022-02-22T12:00:00Z,0.0,-27.875,311.375,NaN
2022-02-22T12:00:00Z,0.0,-27.875,311.625,26.46
2022-02-22T12:00:00Z,0.0,-27.625,311.125,NaN
2022-02-22T12:00:00Z,0.0,-27.625,311.375,NaN
2022-02-22T12:00:00Z,0.0,-27.625,311.625,26.599998
2022-02-22T12:00:00Z,0.0,-27.375,311.125,NaN
2022-02-22T12:00:00Z,0.0,-27.375,311.375,NaN
2022-02-22T12:00:00Z,0.0,-27.375,311.625,26.779999
2022-02-23T12:00:00Z,0.0,-27.875,311.125,NaN
2022-02-23T12:00:00Z,0.0,-27.875,311.375,NaN
2022-02-23T12:00:00Z,0.0,-27.875,311.625,26.48
2022-02-23T12:00:00Z,0.0,-27.625,311.125,NaN
2022-02-23T12:00:00Z,0.0,-27.625,311.375,NaN
2022-02-23T12:00:00Z,0.0,-27.625,311.625,26.64
2022-02-23T12:00:00Z,0.0,-27.375,311.125,NaN
2022-02-23T12:00:00Z,0.0,-27.375,311.375,NaN
2022-02-23T12:00:00Z,0.0,-27.375,311.625,26.8
2022-02-24T12:00:00Z,0.0,-27.875,311.125,NaN
2022-02-24T12:00:00Z,0.0,-27.875,311.375,NaN
2022-02-24T12:00:00Z,0.0,-27.875,311.625,26.31
2022-02-24T12:00:00Z,0.0,-27.625,311.125,NaN
2022-02-24T12:00:00Z,0.0,-27.625,311.375,NaN
2022-02-24T12:00:00Z,0.0,-27.625,311.625,26.55
2022-02-24T12:00:00Z,0.0,-27.375,311.125,NaN
2022-02-24T12:00:00Z,0.0,-27.375,311.375,NaN
2022-02-24T12:00:00Z,0.0,-27.375,311.625,26.74
2022-02-25T12:00:00Z,0.0,-27.875,311.125,NaN
2022-02-25T12:00:00Z,0.0,-27.875,311.375,NaN
2022-02-25T12:00:00Z,0.0,-27.875,311.625,26.18
2022-02-25T12:00:00Z,0.0,-27.625,311.125,NaN
2022-02-25T12:00:00Z,0.0,-27.625,311.375,NaN
2022-02-25T12:00:00Z,0.0,-27.625,311.625,26.359999
2022-02-25T12:00:00Z,0.0,-27.375,311.125,NaN
2022-02-25T12:00:00Z,0.0,-27.375,311.375,NaN
2022-02-25T12:00:00Z,0.0,-27.375,311.625,26.519999
2022-02-26T12:00:00Z,0.0,-27.875,311.125,NaN
2022-02-26T12:00:00Z,0.0,-27.875,311.375,NaN
2022-02-26T12:00:00Z,0.0,-27.875,311.625,25.619999
2022-02-26T12:00:00Z,0.0,-27.625,311.125,NaN
2022-02-26T12:00:00Z,0.0,-27.625,311.375,NaN
2022-02-26T12:00:00Z,0.0,-27.625,311.625,25.84
2022-02-26T12:00:00Z,0.0,-27.375,311.125,NaN
2022-02-26T12:00:00Z,0.0,-27.375,311.375,NaN
2022-02-26T12:00:00Z,0.0,-27.375,311.625,26.099998
2022-02-27T12:00:00Z,0.0,-27.875,311.125,NaN
2022-02-27T12:00:00Z,0.0,-27.875,311.375,NaN
2022-02-27T12:00:00Z,0.0,-27.875,311.625,25.55
2022-02-27T12:00:00Z,0.0,-27.625,311.125,NaN
2022-02-27T12:00:00Z,0.0,-27.625,311.375,NaN
2022-02-27T12:00:00Z,0.0,-27.625,311.625,25.82
2022-02-27T12:00:00Z,0.0,-27.375,311.125,NaN
2022-02-27T12:00:00Z,0.0,-27.375,311.375,NaN
2022-02-27T12:00:00Z,0.0,-27.375,311.625,26.099998
2022-02-28T12:00:00Z,0.0,-27.875,311.125,NaN
2022-02-28T12:00:00Z,0.0,-27.875,311.375,NaN
2022-02-28T12:00:00Z,0.0,-27.875,311.625,25.88
2022-02-28T12:00:00Z,0.0,-27.625,311.125,NaN
2022-02-28T12:00:00Z,0.0,-27.625,311.375,NaN
2022-02-28T12:00:00Z,0.0,-27.625,311.625,26.099998
2022-02-28T12:00:00Z,0.0,-27.375,311.125,NaN
2022-02-28T12:00:00Z,0.0,-27.375,311.375,NaN
2022-02-28T12:00:00Z,0.0,-27.375,311.625,26.279999
2022-03-01T12:00:00Z,0.0,-27.875,311.125,NaN
2022-03-01T12:00:00Z,0.0,-27.875,311.375,NaN
2022-03-01T12:00:00Z,0.0,-27.875,311.625,25.88
2022-03-01T12:00:00Z,0.0,-27.625,311.125,NaN
2022-03-01T12:00:00Z,0.0,-27.625,311.375,NaN
2022-03-01T12:00:00Z,0.0,-27.625,311.625,26.109999
2022-03-01T12:00:00Z,0.0,-27.375,311.125,NaN
2022-03-01T12:00:00Z,0.0,-27.375,311.375,NaN
2022-03-01T12:00:00Z,0.0,-27.375,311.625,26.289999
2022-03-02T12:00:00Z,0.0,-27.875,311.125,NaN
2022-03-02T12:00:00Z,0.0,-27.875,311.375,NaN
2022-03-02T12:00:00Z,0.0,-27.875,311.625,25.869999
2022-03-02T12:00:00Z,0.0,-27.625,311.125,NaN
2022-03-02T12:00:00Z,0.0,-27.625,311.375,NaN
2022-03-02T12:00:00Z,0.0,-27.625,311.625,26.13
2022-03-02T12:00:00Z,0.0,-27.375,311.125,NaN
2022-03-02T12:00:00Z,0.0,-27.375,311.375,NaN
2022-03-02T12:00:00Z,0.0,-27.375,311.625,26.349998
2022-03-03T12:00:00Z,0.0,-27.875,311.125,NaN
2022-03-03T12:00:00Z,0.0,-27.875,311.375,NaN
2022-03-03T12:00:00Z,0.0,-27.875,311.625,26.06
2022-03-03T12:00:00Z,0.0,-27.625,311.125,NaN
2022-03-03T12:00:00Z,0.0,-27.625,311.375,NaN
2022-03-03T12:00:00Z,0.0,-27.625,311.625,26.41
2022-03-03T12:00:00Z,0.0,-27.375,311.125,NaN
2022-03-03T12:00:00Z,0.0,-27.375,311.375,NaN
2022-03-03T12:00:00Z,0.0,-27.375,311.625,26.689999
2022-03-04T12:00:00Z,0.0,-27.875,311.125,NaN
2022-03-04T12:00:00Z,0.0,-27.875,311.375,NaN
2022-03-04T12:00:00Z,0.0,-27.875,311.625,26.07
2022-03-04T12:00:00Z,0.0,-27.625,311.125,NaN
2022-03-04T12:00:00Z,0.0,-27.625,311.375,NaN
2022-03-04T12:00:00Z,0.0,-27.625,311.625,26.34
2022-03-04T12:00:00Z,0.0,-27.375,311.125,NaN
2022-03-04T12:00:00Z,0.0,-27.375,311.375,NaN
2022-03-04T12:00:00Z,0.0,-27.375,311.625,26.619999
2022-03-05T12:00:00Z,0.0,-27.875,311.125,NaN
2022-03-05T12:00:00Z,0.0,-27.875,311.375,NaN
2022-03-05T12:00:00Z,0.0,-27.875,311.625,26.039999
2022-03-05T12:00:00Z,0.0,-27.625,311.125,NaN
2022-03-05T12:00:00Z,0.0,-27.625,311.375,NaN
2022-03-05T12:00:00Z,0.0,-27.625,311.625,26.26
2022-03-05T12:00:00Z,0.0,-27.375,311.125,NaN
2022-03-05T12:00:00Z,0.0,-27.375,311.375,NaN
2022-03-05T12:00:00Z,0.0,-27.375,311.625,26.539999
2022-03-06T12:00:00Z,0.0,-27.875,311.125,NaN
2022-03-06T12:00:00Z,0.0,-27.875,311.375,NaN
2022-03-06T12:00:00Z,0.0,-27.875,311.625,26.18
2022-03-06T12:00:00Z,0.0,-27.625,311.125,NaN
2022-03-06T12:00:00Z,0.0,-27.625,311.375,NaN
2022-03-06T12:00:00Z,0.0,-27.625,311.625,26.369999
2022-03-06T12:00:00Z,0.0,-27.375,311.125,NaN
2022-03-06T12:00:00Z,0.0,-27.375,311.375,NaN
2022-03-06T12:00:00Z,0.0,-27.375,311.625,26.64
2022-03-07T12:00:00Z,0.0,-27.875,311.125,NaN
2022-03-07T12:00:00Z,0.0,-27.875,311.375,NaN
2022-03-07T12:00:00Z,0.0,-27.875,311.625,26.15
2022-03-07T12:00:00Z,0.0,-27.625,311.125,NaN
2022-03-07T12:00:00Z,0.0,-27.625,311.375,NaN
2022-03-07T12:00:00Z,0.0,-27.625,311.625,26.3
2022-03-07T12:00:00Z,0.0,-27.375,311.125,NaN
2022-03-07T12:00:00Z,0.0,-27.375,311.375,NaN
2022-03-07T12:00:00Z,0.0,-27.375,311.625,26.57
2022-03-08T12:00:00Z,0.0,-27.875,311.125,NaN
2022-03-08T12:00:00Z,0.0,-27.875,311.375,NaN
2022-03-08T12:00:00Z,0.0,-27.875,311.625,26.14
2022-03-08T12:00:00Z,0.0,-27.625,311.125,NaN
2022-03-08T12:00:00Z,0.0,-27.625,311.375,NaN
2022-03-08T12:00:00Z,0.0,-27.625,311.625,26.31
2022-03-08T12:00:00Z,0.0,-27.375,311.125,NaN
2022-03-08T12:00:00Z,0.0,-27.375,311.375,NaN
2022-03-08T12:00:00Z,0.0,-27.375,311.625,26.58
2022-03-09T12:00:00Z,0.0,-27.875,311.125,NaN
2022-03-09T12:00:00Z,0.0,-27.875,311.375,NaN
2022-03-09T12:00:00Z,0.0,-27.875,311.625,26.05
2022-03-09T12:00:00Z,0.0,-27.625,311.125,NaN
2022-03-09T12:00:00Z,0.0,-27.625,311.375,NaN
2022-03-09T12:00:00Z,0.0,-27.625,311.625,26.26
2022-03-09T12:00:00Z,0.0,-27.375,311.125,NaN
2022-03-09T12:00:00Z,0.0,-27.375,311.375,NaN
2022-03-09T12:00:00Z,0.0,-27.375,311.625,26.539999
2022-03-10T12:00:00Z,0.0,-27.875,311.125,NaN
2022-03-10T12:00:00Z,0.0,-27.875,311.375,NaN
2022-03-10T12:00:00Z,0.0,-27.875,311.625,25.869999
2022-03-10T12:00:00Z,0.0,-27.625,311.125,NaN
2022-03-10T12:00:00Z,0.0,-27.625,311.375,NaN
2022-03-10T12:00:00Z,0.0,-27.625,311.625,26.099998
2022-03-10T12:00:00Z,0.0,-27.375,311.125,NaN
2022-03-10T12:00:00Z,0.0,-27.375,311.375,NaN
2022-03-10T12:00:00Z,0.0,-27.375,311.625,26.42
2022-03-11T12:00:00Z,0.0,-27.875,311.125,NaN
2022-03-11T12:00:00Z,0.0,-27.875,311.375,NaN
2022-03-11T12:00:00Z,0.0,-27.875,311.625,25.849998
2022-03-11T12:00:00Z,0.0,-27.625,311.125,NaN
2022-03-11T12:00:00Z,0.0,-27.625,311.375,NaN
2022-03-11T12:00:00Z,0.0,-27.625,311.625,26.109999
2022-03-11T12:00:00Z,0.0,-27.375,311.125,NaN
2022-03-11T12:00:00Z,0.0,-27.375,311.375,NaN
2022-03-11T12:00:00Z,0.0,-27.375,311.625,26.48
2022-03-12T12:00:00Z,0.0,-27.875,311.125,NaN
2022-03-12T12:00:00Z,0.0,-27.875,311.375,NaN
2022-03-12T12:00:00Z,0.0,-27.875,311.625,25.859999
2022-03-12T12:00:00Z,0.0,-27.625,311.125,NaN
2022-03-12T12:00:00Z,0.0,-27.625,311.375,NaN
2022-03-12T12:00:00Z,0.0,-27.625,311.625,26.16
2022-03-12T12:00:00Z,0.0,-27.375,311.125,NaN
2022-03-12T12:00:00Z,0.0,-27.375,311.375,NaN
2022-03-12T12:00:00Z,0.0,-27.375,311.625,26.539999
2022-03-13T12:00:00Z,0.0,-27.875,311.125,NaN
2022-03-13T12:00:00Z,0.0,-27.875,311.375,NaN
2022-03-13T12:00:00Z,0.0,-27.875,311.625,25.439999
2022-03-13T12:00:00Z,0.0,-27.625,311.125,NaN
2022-03-13T12:00:00Z,0.0,-27.625,311.375,NaN
2022-03-13T12:00:00Z,0.0,-27.625,311.625,25.82
2022-03-13T12:00:00Z,0.0,-27.375,311.125,NaN
2022-03-13T12:00:00Z,0.0,-27.375,311.375,NaN
2022-03-13T12:00:00Z,0.0,-27.375,311.625,26.33
2022-03-14T12:00:00Z,0.0,-27.875,311.125,NaN
2022-03-14T12:00:00Z,0.0,-27.875,311.375,NaN
2022-03-14T12:00:00Z,0.0,-27.875,311.625,25.279999
2022-03-14T12:00:00Z,0.0,-27.625,311.125,NaN
2022-03-14T12:00:00Z,0.0,-27.625,311.375,NaN
2022-03-14T12:00:00Z,0.0,-27.625,311.625,25.689999
2022-03-14T12:00:00Z,0.0,-27.375,311.125,NaN
2022-03-14T12:00:00Z,0.0,-27.375,311.375,NaN
2022-03-14T12:00:00Z,0.0,-27.375,311.625,26.21
2022-03-15T12:00:00Z,0.0,-27.875,311.125,NaN
2022-03-15T12:00:00Z,0.0,-27.875,311.375,NaN
2022-03-15T12:00:00Z,0.0,-27.875,311.625,25.31
2022-03-15T12:00:00Z,0.0,-27.625,311.125,NaN
2022-03-15T12:00:00Z,0.0,-27.625,311.375,NaN
2022-03-15T12:00:00Z,0.0,-27.625,311.625,25.68
2022-03-15T12:00:00Z,0.0,-27.375,311.125,NaN
2022-03-15T12:00:00Z,0.0,-27.375,311.375,NaN
2022-03-15T12:00:00Z,0.0,-27.375,311.625,26.14
2022-03-16T12:00:00Z,0.0,-27.875,311.125,NaN
2022-03-16T12:00:00Z,0.0,-27.875,311.375,NaN
2022-03-16T12:00:00Z,0.0,-27.875,311.625,25.199999
2022-03-16T12:00:00Z,0.0,-27.625,311.125,NaN
2022-03-16T12:00:00Z,0.0,-27.625,311.375,NaN
2022-03-16T12:00:00Z,0.0,-27.625,311.625,25.449999
2022-03-16T12:00:00Z,0.0,-27.375,311.125,NaN
2022-03-16T12:00:00Z,0.0,-27.375,311.375,NaN
2022-03-16T12:00:00Z,0.0,-27.375,311.625,25.8
2022-03-17T12:00:00Z,0.0,-27.875,311.125,NaN
2022-03-17T12:00:00Z,0.0,-27.875,311.375,NaN
2022-03-17T12:00:00Z,0.0,-27.875,311.625,25.029999
2022-03-17T12:00:00Z,0.0,-27.625,311.125,NaN
2022-03-17T12:00:00Z,0.0,-27.625,311.375,NaN
2022-03-17T12:00:00Z,0.0,-27.625,311.625,25.119999
2022-03-17T12:00:00Z,0.0,-27.375,311.125,NaN
2022-03-17T12:00:00Z,0.0,-27.375,311.375,NaN
2022-03-17T12:00:00Z,0.0,-27.375,311.625,25.31
2022-03-18T12:00:00Z,0.0,-27.875,311.125,NaN
2022-03-18T12:00:00Z,0.0,-27.875,311.375,NaN
2022-03-18T12:00:00Z,0.0,-27.875,311.625,25.33
2022-03-18T12:00:00Z,0.0,-27.625,311.125,NaN
2022-03-18T12:00:00Z,0.0,-27.625,311.375,NaN
2022-03-18T12:00:00Z,0.0,-27.625,311.625,25.359999
2022-03-18T12:00:00Z,0.0,-27.375,311.125,NaN
2022-03-18T12:00:00Z,0.0,-27.375,311.375,NaN
2022-03-18T12:00:00Z,0.0,-27.375,311.625,25.449999
2022-03-19T12:00:00Z,0.0,-27.875,311.125,NaN
2022-03-19T12:00:00Z,0.0,-27.875,311.375,NaN
2022-03-19T12:00:00Z,0.0,-27.875,311.625,25.23
2022-03-19T12:00:00Z,0.0,-27.625,311.125,NaN
2022-03-19T12:00:00Z,0.0,-27.625,311.375,NaN
2022-03-19T12:00:00Z,0.0,-27.625,311.625,25.18
2022-03-19T12:00:00Z,0.0,-27.375,311.125,NaN
2022-03-19T12:00:00Z,0.0,-27.375,311.375,NaN
2022-03-19T12:00:00Z,0.0,-27.375,311.625,25.13
2022-03-20T12:00:00Z,0.0,-27.875,311.125,NaN
2022-03-20T12:00:00Z,0.0,-27.875,311.375,NaN
2022-03-20T12:00:00Z,0.0,-27.875,311.625,25.05
2022-03-20T12:00:00Z,0.0,-27.625,311.125,NaN
2022-03-20T12:00:00Z,0.0,-27.625,311.375,NaN
2022-03-20T12:00:00Z,0.0,-27.625,311.625,24.869999
2022-03-20T12:00:00Z,0.0,-27.375,311.125,NaN
2022-03-20T12:00:00Z,0.0,-27.375,311.375,NaN
2022-03-20T12:00:00Z,0.0,-27.375,311.625,24.71
2022-03-21T12:00:00Z,0.0,-27.875,311.125,NaN
2022-03-21T12:00:00Z,0.0,-27.875,311.375,NaN
2022-03-21T12:00:00Z,0.0,-27.875,311.625,25.109999
2022-03-21T12:00:00Z,0.0,-27.625,311.125,NaN
2022-03-21T12:00:00Z,0.0,-27.625,311.375,NaN
2022-03-21T12:00:00Z,0.0,-27.625,311.625,24.99
2022-03-21T12:00:00Z,0.0,-27.375,311.125,NaN
2022-03-21T12:00:00Z,0.0,-27.375,311.375,NaN
2022-03-21T12:00:00Z,0.0,-27.375,311.625,24.869999
2022-03-22T12:00:00Z,0.0,-27.875,311.125,NaN
2022-03-22T12:00:00Z,0.0,-27.875,311.375,NaN
2022-03-22T12:00:00Z,0.0,-27.875,311.625,24.84
2022-03-22T12:00:00Z,0.0,-27.625,311.125,NaN
2022-03-22T12:00:00Z,0.0,-27.625,311.375,NaN
2022-03-22T12:00:00Z,0.0,-27.625,311.625,24.8
2022-03-22T12:00:00Z,0.0,-27.375,311.125,NaN
2022-03-22T12:00:00Z,0.0,-27.375,311.375,NaN
2022-03-22T12:00:00Z,0.0,-27.375,311.625,24.75
2022-03-23T12:00:00Z,0.0,-27.875,311.125,NaN
2022-03-23T12:00:00Z,0.0,-27.875,311.375,NaN
2022-03-23T12:00:00Z,0.0,-27.875,311.625,24.83
2022-03-23T12:00:00Z,0.0,-27.625,311.125,NaN
2022-03-23T12:00:00Z,0.0,-27.625,311.375,NaN
2022-03-23T12:00:00Z,0.0,-27.625,311.625,24.8
2022-03-23T12:00:00Z,0.0,-27.375,311.125,NaN
2022-03-23T12:00:00Z,0.0,-27.375,311.375,NaN
2022-03-23T12:00:00Z,0.0,-27.375,311.625,24.789999
2022-03-24T12:00:00Z,0.0,-27.875,311.125,NaN
2022-03-24T12:00:00Z,0.0,-27.875,311.375,NaN
2022-03-24T12:00:00Z,0.0,-27.875,311.625,24.64
2022-03-24T12:00:00Z,0.0,-27.625,311.125,NaN
2022-03-24T12:00:00Z,0.0,-27.625,311.375,NaN
2022-03-24T12:00:00Z,0.0,-27.625,311.625,24.71
2022-03-24T12:00:00Z,0.0,-27.375,311.125,NaN
2022-03-24T12:00:00Z,0.0,-27.375,311.375,NaN
2022-03-24T12:00:00Z,0.0,-27.375,311.625,24.73
2022-03-25T12:00:00Z,0.0,-27.875,311.125,NaN
2022-03-25T12:00:00Z,0.0,-27.875,311.375,NaN
2022-03-25T12:00:00Z,0.0,-27.875,311.625,24.38
2022-03-25T12:00:00Z,0.0,-27.625,311.125,NaN
2022-03-25T12:00:00Z,0.0,-27.625,311.375,NaN
2022-03-25T12:00:00Z,0.0,-27.625,311.625,24.43
2022-03-25T12:00:00Z,0.0,-27.375,311.125,NaN
2022-03-25T12:00:00Z,0.0,-27.375,311.375,NaN
2022-03-25T12:00:00Z,0.0,-27.375,311.625,24.49
2022-03-26T12:00:00Z,0.0,-27.875,311.125,NaN
2022-03-26T12:00:00Z,0.0,-27.875,311.375,NaN
2022-03-26T12:00:00Z,0.0,-27.875,311.625,24.4
2022-03-26T12:00:00Z,0.0,-27.625,311.125,NaN
2022-03-26T12:00:00Z,0.0,-27.625,311.375,NaN
2022-03-26T12:00:00Z,0.0,-27.625,311.625,24.43
2022-03-26T12:00:00Z,0.0,-27.375,311.125,NaN
2022-03-26T12:00:00Z,0.0,-27.375,311.375,NaN
2022-03-26T12:00:00Z,0.0,-27.375,311.625,24.449999
2022-03-27T12:00:00Z,0.0,-27.875,311.125,NaN
2022-03-27T12:00:00Z,0.0,-27.875,311.375,NaN
2022-03-27T12:00:00Z,0.0,-27.875,311.625,24.529999
2022-03-27T12:00:00Z,0.0,-27.625,311.125,NaN
2022-03-27T12:00:00Z,0.0,-27.625,311.375,NaN
2022-03-27T12:00:00Z,0.0,-27.625,311.625,24.529999
2022-03-27T12:00:00Z,0.0,-27.375,311.125,NaN
2022-03-27T12:00:00Z,0.0,-27.375,311.375,NaN
2022-03-27T12:00:00Z,0.0,-27.375,311.625,24.529999
2022-03-28T12:00:00Z,0.0,-27.875,311.125,NaN
2022-03-28T12:00:00Z,0.0,-27.875,311.375,NaN
2022-03-28T12:00:00Z,0.0,-27.875,311.625,24.699999
2022-03-28T12:00:00Z,0.0,-27.625,311.125,NaN
2022-03-28T12:00:00Z,0.0,-27.625,311.375,NaN
2022-03-28T12:00:00Z,0.0,-27.625,311.625,24.699999
2022-03-28T12:00:00Z,0.0,-27.375,311.125,NaN
2022-03-28T12:00:00Z,0.0,-27.375,311.375,NaN
2022-03-28T12:00:00Z,0.0,-27.375,311.625,24.71
2022-03-29T12:00:00Z,0.0,-27.875,311.125,NaN
2022-03-29T12:00:00Z,0.0,-27.875,311.375,NaN
2022-03-29T12:00:00Z,0.0,-27.875,311.625,24.76
2022-03-29T12:00:00Z,0.0,-27.625,311.125,NaN
2022-03-29T12:00:00Z,0.0,-27.625,311.375,NaN
2022-03-29T12:00:00Z,0.0,-27.625,311.625,24.769999
2022-03-29T12:00:00Z,0.0,-27.375,311.125,NaN
2022-03-29T12:00:00Z,0.0,-27.375,311.375,NaN
2022-03-29T12:00:00Z,0.0,-27.375,311.625,24.779999
2022-03-30T12:00:00Z,0.0,-27.875,311.125,NaN
2022-03-30T12:00:00Z,0.0,-27.875,311.375,NaN
2022-03-30T12:00:00Z,0.0,-27.875,311.625,24.689999
2022-03-30T12:00:00Z,0.0,-27.625,311.125,NaN
2022-03-30T12:00:00Z,0.0,-27.625,311.375,NaN
2022-03-30T12:00:00Z,0.0,-27.625,311.625,24.75
2022-03-30T12:00:00Z,0.0,-27.375,311.125,NaN
2022-03-30T12:00:00Z,0.0,-27.375,311.375,NaN
2022-03-30T12:00:00Z,0.0,-27.375,311.625,24.81
2022-03-31T12:00:00Z,0.0,-27.875,311.125,NaN
2022-03-31T12:00:00Z,0.0,-27.875,311.375,NaN
2022-03-31T12:00:00Z,0.0,-27.875,311.625,24.43
2022-03-31T12:00:00Z,0.0,-27.625,311.125,NaN
2022-03-31T12:00:00Z,0.0,-27.625,311.375,NaN
2022-03-31T12:00:00Z,0.0,-27.625,311.625,24.58
2022-03-31T12:00:00Z,0.0,-27.375,311.125,NaN
2022-03-31T12:00:00Z,0.0,-27.375,311.375,NaN
2022-03-31T12:00:00Z,0.0,-27.375,311.625,24.74
2022-04-01T12:00:00Z,0.0,-27.875,311.125,NaN
2022-04-01T12:00:00Z,0.0,-27.875,311.375,NaN
2022-04-01T12:00:00Z,0.0,-27.875,311.625,23.93
2022-04-01T12:00:00Z,0.0,-27.625,311.125,NaN
2022-04-01T12:00:00Z,0.0,-27.625,311.375,NaN
2022-04-01T12:00:00Z,0.0,-27.625,311.625,23.99
2022-04-01T12:00:00Z,0.0,-27.375,311.125,NaN
2022-04-01T12:00:00Z,0.0,-27.375,311.375,NaN
2022-04-01T12:00:00Z,0.0,-27.375,311.625,24.109999
2022-04-02T12:00:00Z,0.0,-27.875,311.125,NaN
2022-04-02T12:00:00Z,0.0,-27.875,311.375,NaN
2022-04-02T12:00:00Z,0.0,-27.875,311.625,23.67
2022-04-02T12:00:00Z,0.0,-27.625,311.125,NaN
2022-04-02T12:00:00Z,0.0,-27.625,311.375,NaN
2022-04-02T12:00:00Z,0.0,-27.625,311.625,23.75
2022-04-02T12:00:00Z,0.0,-27.375,311.125,NaN
2022-04-02T12:00:00Z,0.0,-27.375,311.375,NaN
2022-04-02T12:00:00Z,0.0,-27.375,311.625,23.9
2022-04-03T12:00:00Z,0.0,-27.875,311.125,NaN
2022-04-03T12:00:00Z,0.0,-27.875,311.375,NaN
2022-04-03T12:00:00Z,0.0,-27.875,311.625,23.619999
2022-04-03T12:00:00Z,0.0,-27.625,311.125,NaN
2022-04-03T12:00:00Z,0.0,-27.625,311.375,NaN
2022-04-03T12:00:00Z,0.0,-27.625,311.625,23.699999
2022-04-03T12:00:00Z,0.0,-27.375,311.125,NaN
2022-04-03T12:00:00Z,0.0,-27.375,311.375,NaN
2022-04-03T12:00:00Z,0.0,-27.375,311.625,23.83
2022-04-04T12:00:00Z,0.0,-27.875,311.125,NaN
2022-04-04T12:00:00Z,0.0,-27.875,311.375,NaN
2022-04-04T12:00:00Z,0.0,-27.875,311.625,23.59
2022-04-04T12:00:00Z,0.0,-27.625,311.125,NaN
2022-04-04T12:00:00Z,0.0,-27.625,311.375,NaN
2022-04-04T12:00:00Z,0.0,-27.625,311.625,23.63
2022-04-04T12:00:00Z,0.0,-27.375,311.125,NaN
2022-04-04T12:00:00Z,0.0,-27.375,311.375,NaN
2022-04-04T12:00:00Z,0.0,-27.375,311.625,23.73
2022-04-05T12:00:00Z,0.0,-27.875,311.125,NaN
2022-04-05T12:00:00Z,0.0,-27.875,311.375,NaN
2022-04-05T12:00:00Z,0.0,-27.875,311.625,23.5
2022-04-05T12:00:00Z,0.0,-27.625,311.125,NaN
2022-04-05T12:00:00Z,0.0,-27.625,311.375,NaN
2022-04-05T12:00:00Z,0.0,-27.625,311.625,23.49
2022-04-05T12:00:00Z,0.0,-27.375,311.125,NaN
2022-04-05T12:00:00Z,0.0,-27.375,311.375,NaN
2022-04-05T12:00:00Z,0.0,-27.375,311.625,23.539999
2022-04-06T12:00:00Z,0.0,-27.875,311.125,NaN
2022-04-06T12:00:00Z,0.0,-27.875,311.375,NaN
2022-04-06T12:00:00Z,0.0,-27.875,311.625,23.519999
2022-04-06T12:00:00Z,0.0,-27.625,311.125,NaN
2022-04-06T12:00:00Z,0.0,-27.625,311.375,NaN
2022-04-06T12:00:00Z,0.0,-27.625,311.625,23.51
2022-04-06T12:00:00Z,0.0,-27.375,311.125,NaN
2022-04-06T12:00:00Z,0.0,-27.375,311.375,NaN
2022-04-06T12:00:00Z,0.0,-27.375,311.625,23.55
2022-04-07T12:00:00Z,0.0,-27.875,311.125,NaN
2022-04-07T12:00:00Z,0.0,-27.875,311.375,NaN
2022-04-07T12:00:00Z,0.0,-27.875,311.625,23.539999
2022-04-07T12:00:00Z,0.0,-27.625,311.125,NaN
2022-04-07T12:00:00Z,0.0,-27.625,311.375,NaN
2022-04-07T12:00:00Z,0.0,-27.625,311.625,23.539999
2022-04-07T12:00:00Z,0.0,-27.375,311.125,NaN
2022-04-07T12:00:00Z,0.0,-27.375,311.375,NaN
2022-04-07T12:00:00Z,0.0,-27.375,311.625,23.58
2022-04-08T12:00:00Z,0.0,-27.875,311.125,NaN
2022-04-08T12:00:00Z,0.0,-27.875,311.375,NaN
2022-04-08T12:00:00Z,0.0,-27.875,311.625,23.59
2022-04-08T12:00:00Z,0.0,-27.625,311.125,NaN
2022-04-08T12:00:00Z,0.0,-27.625,311.375,NaN
2022-04-08T12:00:00Z,0.0,-27.625,311.625,23.6
2022-04-08T12:00:00Z,0.0,-27.375,311.125,NaN
2022-04-08T12:00:00Z,0.0,-27.375,311.375,NaN
2022-04-08T12:00:00Z,0.0,-27.375,311.625,23.67
2022-04-09T12:00:00Z,0.0,-27.875,311.125,NaN
2022-04-09T12:00:00Z,0.0,-27.875,311.375,NaN
2022-04-09T12:00:00Z,0.0,-27.875,311.625,23.63
2022-04-09T12:00:00Z,0.0,-27.625,311.125,NaN
2022-04-09T12:00:00Z,0.0,-27.625,311.375,NaN
2022-04-09T12:00:00Z,0.0,-27.625,311.625,23.65
2022-04-09T12:00:00Z,0.0,-27.375,311.125,NaN
2022-04-09T12:00:00Z,0.0,-27.375,311.375,NaN
2022-04-09T12:00:00Z,0.0,-27.375,311.625,23.72
2022-04-10T12:00:00Z,0.0,-27.875,311.125,NaN
2022-04-10T12:00:00Z,0.0,-27.875,311.375,NaN
2022-04-10T12:00:00Z,0.0,-27.875,311.625,23.689999
2022-04-10T12:00:00Z,0.0,-27.625,311.125,NaN
2022-04-10T12:00:00Z,0.0,-27.625,311.375,NaN
2022-04-10T12:00:00Z,0.0,-27.625,311.625,23.689999
2022-04-10T12:00:00Z,0.0,-27.375,311.125,NaN
2022-04-10T12:00:00Z,0.0,-27.375,311.375,NaN
2022-04-10T12:00:00Z,0.0,-27.375,311.625,23.74
2022-04-11T12:00:00Z,0.0,-27.875,311.125,NaN
2022-04-11T12:00:00Z,0.0,-27.875,311.375,NaN
2022-04-11T12:00:00Z,0.0,-27.875,311.625,23.71
2022-04-11T12:00:00Z,0.0,-27.625,311.125,NaN
2022-04-11T12:00:00Z,0.0,-27.625,311.375,NaN
2022-04-11T12:00:00Z,0.0,-27.625,311.625,23.68
2022-04-11T12:00:00Z,0.0,-27.375,311.125,NaN
2022-04-11T12:00:00Z,0.0,-27.375,311.375,NaN
2022-04-11T12:00:00Z,0.0,-27.375,311.625,23.71
2022-04-12T12:00:00Z,0.0,-27.875,311.125,NaN
2022-04-12T12:00:00Z,0.0,-27.875,311.375,NaN
2022-04-12T12:00:00Z,0.0,-27.875,311.625,23.91
2022-04-12T12:00:00Z,0.0,-27.625,311.125,NaN
2022-04-12T12:00:00Z,0.0,-27.625,311.375,NaN
2022-04-12T12:00:00Z,0.0,-27.625,311.625,23.89
2022-04-12T12:00:00Z,0.0,-27.375,311.125,NaN
2022-04-12T12:00:00Z,0.0,-27.375,311.375,NaN
2022-04-12T12:00:00Z,0.0,-27.375,311.625,23.89
2022-04-13T12:00:00Z,0.0,-27.875,311.125,NaN
2022-04-13T12:00:00Z,0.0,-27.875,311.375,NaN
2022-04-13T12:00:00Z,0.0,-27.875,311.625,23.98
2022-04-13T12:00:00Z,0.0,-27.625,311.125,NaN
2022-04-13T12:00:00Z,0.0,-27.625,311.375,NaN
2022-04-13T12:00:00Z,0.0,-27.625,311.625,24.0
2022-04-13T12:00:00Z,0.0,-27.375,311.125,NaN
2022-04-13T12:00:00Z,0.0,-27.375,311.375,NaN
2022-04-13T12:00:00Z,0.0,-27.375,311.625,24.0
2022-04-14T12:00:00Z,0.0,-27.875,311.125,NaN
2022-04-14T12:00:00Z,0.0,-27.875,311.375,NaN
2022-04-14T12:00:00Z,0.0,-27.875,311.625,23.89
2022-04-14T12:00:00Z,0.0,-27.625,311.125,NaN
2022-04-14T12:00:00Z,0.0,-27.625,311.375,NaN
2022-04-14T12:00:00Z,0.0,-27.625,311.625,23.92
2022-04-14T12:00:00Z,0.0,-27.375,311.125,NaN
2022-04-14T12:00:00Z,0.0,-27.375,311.375,NaN
2022-04-14T12:00:00Z,0.0,-27.375,311.625,23.93
2022-04-15T12:00:00Z,0.0,-27.875,311.125,NaN
2022-04-15T12:00:00Z,0.0,-27.875,311.375,NaN
2022-04-15T12:00:00Z,0.0,-27.875,311.625,23.82
2022-04-15T12:00:00Z,0.0,-27.625,311.125,NaN
2022-04-15T12:00:00Z,0.0,-27.625,311.375,NaN
2022-04-15T12:00:00Z,0.0,-27.625,311.625,23.85
2022-04-15T12:00:00Z,0.0,-27.375,311.125,NaN
2022-04-15T12:00:00Z,0.0,-27.375,311.375,NaN
2022-04-15T12:00:00Z,0.0,-27.375,311.625,23.89
2022-04-16T12:00:00Z,0.0,-27.875,311.125,NaN
2022-04-16T12:00:00Z,0.0,-27.875,311.375,NaN
2022-04-16T12:00:00Z,0.0,-27.875,311.625,23.73
2022-04-16T12:00:00Z,0.0,-27.625,311.125,NaN
2022-04-16T12:00:00Z,0.0,-27.625,311.375,NaN
2022-04-16T12:00:00Z,0.0,-27.625,311.625,23.769999
2022-04-16T12:00:00Z,0.0,-27.375,311.125,NaN
2022-04-16T12:00:00Z,0.0,-27.375,311.375,NaN
2022-04-16T12:00:00Z,0.0,-27.375,311.625,23.81
2022-04-17T12:00:00Z,0.0,-27.875,311.125,NaN
2022-04-17T12:00:00Z,0.0,-27.875,311.375,NaN
2022-04-17T12:00:00Z,0.0,-27.875,311.625,23.439999
2022-04-17T12:00:00Z,0.0,-27.625,311.125,NaN
2022-04-17T12:00:00Z,0.0,-27.625,311.375,NaN
2022-04-17T12:00:00Z,0.0,-27.625,311.625,23.49
2022-04-17T12:00:00Z,0.0,-27.375,311.125,NaN
2022-04-17T12:00:00Z,0.0,-27.375,311.375,NaN
2022-04-17T12:00:00Z,0.0,-27.375,311.625,23.529999
2022-04-18T12:00:00Z,0.0,-27.875,311.125,NaN
2022-04-18T12:00:00Z,0.0,-27.875,311.375,NaN
2022-04-18T12:00:00Z,0.0,-27.875,311.625,23.269999
2022-04-18T12:00:00Z,0.0,-27.625,311.125,NaN
2022-04-18T12:00:00Z,0.0,-27.625,311.375,NaN
2022-04-18T12:00:00Z,0.0,-27.625,311.625,23.3
2022-04-18T12:00:00Z,0.0,-27.375,311.125,NaN
2022-04-18T12:00:00Z,0.0,-27.375,311.375,NaN
2022-04-18T12:00:00Z,0.0,-27.375,311.625,23.34
2022-04-19T12:00:00Z,0.0,-27.875,311.125,NaN
2022-04-19T12:00:00Z,0.0,-27.875,311.375,NaN
2022-04-19T12:00:00Z,0.0,-27.875,311.625,23.22
2022-04-19T12:00:00Z,0.0,-27.625,311.125,NaN
2022-04-19T12:00:00Z,0.0,-27.625,311.375,NaN
2022-04-19T12:00:00Z,0.0,-27.625,311.625,23.25
2022-04-19T12:00:00Z,0.0,-27.375,311.125,NaN
2022-04-19T12:00:00Z,0.0,-27.375,311.375,NaN
2022-04-19T12:00:00Z,0.0,-27.375,311.625,23.3
2022-04-20T12:00:00Z,0.0,-27.875,311.125,NaN
2022-04-20T12:00:00Z,0.0,-27.875,311.375,NaN
2022-04-20T12:00:00Z,0.0,-27.875,311.625,23.21
2022-04-20T12:00:00Z,0.0,-27.625,311.125,NaN
2022-04-20T12:00:00Z,0.0,-27.625,311.375,NaN
2022-04-20T12:00:00Z,0.0,-27.625,311.625,23.24
2022-04-20T12:00:00Z,0.0,-27.375,311.125,NaN
2022-04-20T12:00:00Z,0.0,-27.375,311.375,NaN
2022-04-20T12:00:00Z,0.0,-27.375,311.625,23.31
2022-04-21T12:00:00Z,0.0,-27.875,311.125,NaN
2022-04-21T12:00:00Z,0.0,-27.875,311.375,NaN
2022-04-21T12:00:00Z,0.0,-27.875,311.625,23.16
2022-04-21T12:00:00Z,0.0,-27.625,311.125,NaN
2022-04-21T12:00:00Z,0.0,-27.625,311.375,NaN
2022-04-21T12:00:00Z,0.0,-27.625,311.625,23.189999
2022-04-21T12:00:00Z,0.0,-27.375,311.125,NaN
2022-04-21T12:00:00Z,0.0,-27.375,311.375,NaN
2022-04-21T12:00:00Z,0.0,-27.375,311.625,23.269999
2022-04-22T12:00:00Z,0.0,-27.875,311.125,NaN
2022-04-22T12:00:00Z,0.0,-27.875,311.375,NaN
2022-04-22T12:00:00Z,0.0,-27.875,311.625,23.109999
2022-04-22T12:00:00Z,0.0,-27.625,311.125,NaN
2022-04-22T12:00:00Z,0.0,-27.625,311.375,NaN
2022-04-22T12:00:00Z,0.0,-27.625,311.625,23.13
2022-04-22T12:00:00Z,0.0,-27.375,311.125,NaN
2022-04-22T12:00:00Z,0.0,-27.375,311.375,NaN
2022-04-22T12:00:00Z,0.0,-27.375,311.625,23.189999
2022-04-23T12:00:00Z,0.0,-27.875,311.125,NaN
2022-04-23T12:00:00Z,0.0,-27.875,311.375,NaN
2022-04-23T12:00:00Z,0.0,-27.875,311.625,22.89
2022-04-23T12:00:00Z,0.0,-27.625,311.125,NaN
2022-04-23T12:00:00Z,0.0,-27.625,311.375,NaN
2022-04-23T12:00:00Z,0.0,-27.625,311.625,22.869999
2022-04-23T12:00:00Z,0.0,-27.375,311.125,NaN
2022-04-23T12:00:00Z,0.0,-27.375,311.375,NaN
2022-04-23T12:00:00Z,0.0,-27.375,311.625,22.869999
2022-04-24T12:00:00Z,0.0,-27.875,311.125,NaN
2022-04-24T12:00:00Z,0.0,-27.875,311.375,NaN
2022-04-24T12:00:00Z,0.0,-27.875,311.625,22.88
2022-04-24T12:00:00Z,0.0,-27.625,311.125,NaN
2022-04-24T12:00:00Z,0.0,-27.625,311.375,NaN
2022-04-24T12:00:00Z,0.0,-27.625,311.625,22.88
2022-04-24T12:00:00Z,0.0,-27.375,311.125,NaN
2022-04-24T12:00:00Z,0.0,-27.375,311.375,NaN
2022-04-24T12:00:00Z,0.0,-27.375,311.625,22.91
2022-04-25T12:00:00Z,0.0,-27.875,311.125,NaN
2022-04-25T12:00:00Z,0.0,-27.875,311.375,NaN
2022-04-25T12:00:00Z,0.0,-27.875,311.625,22.92
2022-04-25T12:00:00Z,0.0,-27.625,311.125,NaN
2022-04-25T12:00:00Z,0.0,-27.625,311.375,NaN
2022-04-25T12:00:00Z,0.0,-27.625,311.625,22.91
2022-04-25T12:00:00Z,0.0,-27.375,311.125,NaN
2022-04-25T12:00:00Z,0.0,-27.375,311.375,NaN
2022-04-25T12:00:00Z,0.0,-27.375,311.625,22.91
2022-04-26T12:00:00Z,0.0,-27.875,311.125,NaN
2022-04-26T12:00:00Z,0.0,-27.875,311.375,NaN
2022-04-26T12:00:00Z,0.0,-27.875,311.625,23.31
2022-04-26T12:00:00Z,0.0,-27.625,311.125,NaN
2022-04-26T12:00:00Z,0.0,-27.625,311.375,NaN
2022-04-26T12:00:00Z,0.0,-27.625,311.625,23.3
2022-04-26T12:00:00Z,0.0,-27.375,311.125,NaN
2022-04-26T12:00:00Z,0.0,-27.375,311.375,NaN
2022-04-26T12:00:00Z,0.0,-27.375,311.625,23.31
2022-04-27T12:00:00Z,0.0,-27.875,311.125,NaN
2022-04-27T12:00:00Z,0.0,-27.875,311.375,NaN
2022-04-27T12:00:00Z,0.0,-27.875,311.625,23.539999
2022-04-27T12:00:00Z,0.0,-27.625,311.125,NaN
2022-04-27T12:00:00Z,0.0,-27.625,311.375,NaN
2022-04-27T12:00:00Z,0.0,-27.625,311.625,23.609999
2022-04-27T12:00:00Z,0.0,-27.375,311.125,NaN
2022-04-27T12:00:00Z,0.0,-27.375,311.375,NaN
2022-04-27T12:00:00Z,0.0,-27.375,311.625,23.699999
2022-04-28T12:00:00Z,0.0,-27.875,311.125,NaN
2022-04-28T12:00:00Z,0.0,-27.875,311.375,NaN
2022-04-28T12:00:00Z,0.0,-27.875,311.625,23.529999
2022-04-28T12:00:00Z,0.0,-27.625,311.125,NaN
2022-04-28T12:00:00Z,0.0,-27.625,311.375,NaN
2022-04-28T12:00:00Z,0.0,-27.625,311.625,23.689999
2022-04-28T12:00:00Z,0.0,-27.375,311.125,NaN
2022-04-28T12:00:00Z,0.0,-27.375,311.375,NaN
2022-04-28T12:00:00Z,0.0,-27.375,311.625,23.83
2022-04-29T12:00:00Z,0.0,-27.875,311.125,NaN
2022-04-29T12:00:00Z,0.0,-27.875,311.375,NaN
2022-04-29T12:00:00Z,0.0,-27.875,311.625,23.43
2022-04-29T12:00:00Z,0.0,-27.625,311.125,NaN
2022-04-29T12:00:00Z,0.0,-27.625,311.375,NaN
2022-04-29T12:00:00Z,0.0,-27.625,311.625,23.67
2022-04-29T12:00:00Z,0.0,-27.375,311.125,NaN
2022-04-29T12:00:00Z,0.0,-27.375,311.375,NaN
2022-04-29T12:00:00Z,0.0,-27.375,311.625,23.85
2022-04-30T12:00:00Z,0.0,-27.875,311.125,NaN
2022-04-30T12:00:00Z,0.0,-27.875,311.375,NaN
2022-04-30T12:00:00Z,0.0,-27.875,311.625,23.38
2022-04-30T12:00:00Z,0.0,-27.625,311.125,NaN
2022-04-30T12:00:00Z,0.0,-27.625,311.375,NaN
2022-04-30T12:00:00Z,0.0,-27.625,311.625,23.529999
2022-04-30T12:00:00Z,0.0,-27.375,311.125,NaN
2022-04-30T12:00:00Z,0.0,-27.375,311.375,NaN
2022-04-30T12:00:00Z,0.0,-27.375,311.625,23.699999
2022-05-01T12:00:00Z,0.0,-27.875,311.125,NaN
2022-05-01T12:00:00Z,0.0,-27.875,311.375,NaN
2022-05-01T12:00:00Z,0.0,-27.875,311.625,23.39
2022-05-01T12:00:00Z,0.0,-27.625,311.125,NaN
2022-05-01T12:00:00Z,0.0,-27.625,311.375,NaN
2022-05-01T12:00:00Z,0.0,-27.625,311.625,23.539999
2022-05-01T12:00:00Z,0.0,-27.375,311.125,NaN
2022-05-01T12:00:00Z,0.0,-27.375,311.375,NaN
2022-05-01T12:00:00Z,0.0,-27.375,311.625,23.73
2022-05-02T12:00:00Z,0.0,-27.875,311.125,NaN
2022-05-02T12:00:00Z,0.0,-27.875,311.375,NaN
2022-05-02T12:00:00Z,0.0,-27.875,311.625,23.4
2022-05-02T12:00:00Z,0.0,-27.625,311.125,NaN
2022-05-02T12:00:00Z,0.0,-27.625,311.375,NaN
2022-05-02T12:00:00Z,0.0,-27.625,311.625,23.539999
2022-05-02T12:00:00Z,0.0,-27.375,311.125,NaN
2022-05-02T12:00:00Z,0.0,-27.375,311.375,NaN
2022-05-02T12:00:00Z,0.0,-27.375,311.625,23.73
2022-05-03T12:00:00Z,0.0,-27.875,311.125,NaN
2022-05-03T12:00:00Z,0.0,-27.875,311.375,NaN
2022-05-03T12:00:00Z,0.0,-27.875,311.625,23.189999
2022-05-03T12:00:00Z,0.0,-27.625,311.125,NaN
2022-05-03T12:00:00Z,0.0,-27.625,311.375,NaN
2022-05-03T12:00:00Z,0.0,-27.625,311.625,23.359999
2022-05-03T12:00:00Z,0.0,-27.375,311.125,NaN
2022-05-03T12:00:00Z,0.0,-27.375,311.375,NaN
2022-05-03T12:00:00Z,0.0,-27.375,311.625,23.529999
2022-05-04T12:00:00Z,0.0,-27.875,311.125,NaN
2022-05-04T12:00:00Z,0.0,-27.875,311.375,NaN
2022-05-04T12:00:00Z,0.0,-27.875,311.625,22.91
2022-05-04T12:00:00Z,0.0,-27.625,311.125,NaN
2022-05-04T12:00:00Z,0.0,-27.625,311.375,NaN
2022-05-04T12:00:00Z,0.0,-27.625,311.625,23.06
2022-05-04T12:00:00Z,0.0,-27.375,311.125,NaN
2022-05-04T12:00:00Z,0.0,-27.375,311.375,NaN
2022-05-04T12:00:00Z,0.0,-27.375,311.625,23.13
2022-05-05T12:00:00Z,0.0,-27.875,311.125,NaN
2022-05-05T12:00:00Z,0.0,-27.875,311.375,NaN
2022-05-05T12:00:00Z,0.0,-27.875,311.625,22.66
2022-05-05T12:00:00Z,0.0,-27.625,311.125,NaN
2022-05-05T12:00:00Z,0.0,-27.625,311.375,NaN
2022-05-05T12:00:00Z,0.0,-27.625,311.625,22.76
2022-05-05T12:00:00Z,0.0,-27.375,311.125,NaN
2022-05-05T12:00:00Z,0.0,-27.375,311.375,NaN
2022-05-05T12:00:00Z,0.0,-27.375,311.625,22.85
2022-05-06T12:00:00Z,0.0,-27.875,311.125,NaN
2022-05-06T12:00:00Z,0.0,-27.875,311.375,NaN
2022-05-06T12:00:00Z,0.0,-27.875,311.625,22.49
2022-05-06T12:00:00Z,0.0,-27.625,311.125,NaN
2022-05-06T12:00:00Z,0.0,-27.625,311.375,NaN
2022-05-06T12:00:00Z,0.0,-27.625,311.625,22.539999
2022-05-06T12:00:00Z,0.0,-27.375,311.125,NaN
2022-05-06T12:00:00Z,0.0,-27.375,311.375,NaN
2022-05-06T12:00:00Z,0.0,-27.375,311.625,22.6
2022-05-07T12:00:00Z,0.0,-27.875,311.125,NaN
2022-05-07T12:00:00Z,0.0,-27.875,311.375,NaN
2022-05-07T12:00:00Z,0.0,-27.875,311.625,22.33
2022-05-07T12:00:00Z,0.0,-27.625,311.125,NaN
2022-05-07T12:00:00Z,0.0,-27.625,311.375,NaN
2022-05-07T12:00:00Z,0.0,-27.625,311.625,22.35
2022-05-07T12:00:00Z,0.0,-27.375,311.125,NaN
2022-05-07T12:00:00Z,0.0,-27.375,311.375,NaN
2022-05-07T12:00:00Z,0.0,-27.375,311.625,22.39
2022-05-08T12:00:00Z,0.0,-27.875,311.125,NaN
2022-05-08T12:00:00Z,0.0,-27.875,311.375,NaN
2022-05-08T12:00:00Z,0.0,-27.875,311.625,22.24
2022-05-08T12:00:00Z,0.0,-27.625,311.125,NaN
2022-05-08T12:00:00Z,0.0,-27.625,311.375,NaN
2022-05-08T12:00:00Z,0.0,-27.625,311.625,22.24
2022-05-08T12:00:00Z,0.0,-27.375,311.125,NaN
2022-05-08T12:00:00Z,0.0,-27.375,311.375,NaN
2022-05-08T12:00:00Z,0.0,-27.375,311.625,22.26
2022-05-09T12:00:00Z,0.0,-27.875,311.125,NaN
2022-05-09T12:00:00Z,0.0,-27.875,311.375,NaN
2022-05-09T12:00:00Z,0.0,-27.875,311.625,22.17
2022-05-09T12:00:00Z,0.0,-27.625,311.125,NaN
2022-05-09T12:00:00Z,0.0,-27.625,311.375,NaN
2022-05-09T12:00:00Z,0.0,-27.625,311.625,22.14
2022-05-09T12:00:00Z,0.0,-27.375,311.125,NaN
2022-05-09T12:00:00Z,0.0,-27.375,311.375,NaN
2022-05-09T12:00:00Z,0.0,-27.375,311.625,22.16
2022-05-10T12:00:00Z,0.0,-27.875,311.125,NaN
2022-05-10T12:00:00Z,0.0,-27.875,311.375,NaN
2022-05-10T12:00:00Z,0.0,-27.875,311.625,22.07
2022-05-10T12:00:00Z,0.0,-27.625,311.125,NaN
2022-05-10T12:00:00Z,0.0,-27.625,311.375,NaN
2022-05-10T12:00:00Z,0.0,-27.625,311.625,22.02
2022-05-10T12:00:00Z,0.0,-27.375,311.125,NaN
2022-05-10T12:00:00Z,0.0,-27.375,311.375,NaN
2022-05-10T12:00:00Z,0.0,-27.375,311.625,22.06
2022-05-11T12:00:00Z,0.0,-27.875,311.125,NaN
2022-05-11T12:00:00Z,0.0,-27.875,311.375,NaN
2022-05-11T12:00:00Z,0.0,-27.875,311.625,22.029999
2022-05-11T12:00:00Z,0.0,-27.625,311.125,NaN
2022-05-11T12:00:00Z,0.0,-27.625,311.375,NaN
2022-05-11T12:00:00Z,0.0,-27.625,311.625,21.98
2022-05-11T12:00:00Z,0.0,-27.375,311.125,NaN
2022-05-11T12:00:00Z,0.0,-27.375,311.375,NaN
2022-05-11T12:00:00Z,0.0,-27.375,311.625,22.029999
2022-05-12T12:00:00Z,0.0,-27.875,311.125,NaN
2022-05-12T12:00:00Z,0.0,-27.875,311.375,NaN
2022-05-12T12:00:00Z,0.0,-27.875,311.625,22.07
2022-05-12T12:00:00Z,0.0,-27.625,311.125,NaN
2022-05-12T12:00:00Z,0.0,-27.625,311.375,NaN
2022-05-12T12:00:00Z,0.0,-27.625,311.625,22.039999
2022-05-12T12:00:00Z,0.0,-27.375,311.125,NaN
2022-05-12T12:00:00Z,0.0,-27.375,311.375,NaN
2022-05-12T12:00:00Z,0.0,-27.375,311.625,22.06
2022-05-13T12:00:00Z,0.0,-27.875,311.125,NaN
2022-05-13T12:00:00Z,0.0,-27.875,311.375,NaN
2022-05-13T12:00:00Z,0.0,-27.875,311.625,22.02
2022-05-13T12:00:00Z,0.0,-27.625,311.125,NaN
2022-05-13T12:00:00Z,0.0,-27.625,311.375,NaN
2022-05-13T12:00:00Z,0.0,-27.625,311.625,22.0
2022-05-13T12:00:00Z,0.0,-27.375,311.125,NaN
2022-05-13T12:00:00Z,0.0,-27.375,311.375,NaN
2022-05-13T12:00:00Z,0.0,-27.375,311.625,22.02
2022-05-14T12:00:00Z,0.0,-27.875,311.125,NaN
2022-05-14T12:00:00Z,0.0,-27.875,311.375,NaN
2022-05-14T12:00:00Z,0.0,-27.875,311.625,21.83
2022-05-14T12:00:00Z,0.0,-27.625,311.125,NaN
2022-05-14T12:00:00Z,0.0,-27.625,311.375,NaN
2022-05-14T12:00:00Z,0.0,-27.625,311.625,21.82
2022-05-14T12:00:00Z,0.0,-27.375,311.125,NaN
2022-05-14T12:00:00Z,0.0,-27.375,311.375,NaN
2022-05-14T12:00:00Z,0.0,-27.375,311.625,21.83
2022-05-15T12:00:00Z,0.0,-27.875,311.125,NaN
2022-05-15T12:00:00Z,0.0,-27.875,311.375,NaN
2022-05-15T12:00:00Z,0.0,-27.875,311.625,21.74
2022-05-15T12:00:00Z,0.0,-27.625,311.125,NaN
2022-05-15T12:00:00Z,0.0,-27.625,311.375,NaN
2022-05-15T12:00:00Z,0.0,-27.625,311.625,21.75
2022-05-15T12:00:00Z,0.0,-27.375,311.125,NaN
2022-05-15T12:00:00Z,0.0,-27.375,311.375,NaN
2022-05-15T12:00:00Z,0.0,-27.375,311.625,21.779999
2022-05-16T12:00:00Z,0.0,-27.875,311.125,NaN
2022-05-16T12:00:00Z,0.0,-27.875,311.375,NaN
2022-05-16T12:00:00Z,0.0,-27.875,311.625,21.51
2022-05-16T12:00:00Z,0.0,-27.625,311.125,NaN
2022-05-16T12:00:00Z,0.0,-27.625,311.375,NaN
2022-05-16T12:00:00Z,0.0,-27.625,311.625,21.56
2022-05-16T12:00:00Z,0.0,-27.375,311.125,NaN
2022-05-16T12:00:00Z,0.0,-27.375,311.375,NaN
2022-05-16T12:00:00Z,0.0,-27.375,311.625,21.6
2022-05-17T12:00:00Z,0.0,-27.875,311.125,NaN
2022-05-17T12:00:00Z,0.0,-27.875,311.375,NaN
2022-05-17T12:00:00Z,0.0,-27.875,311.625,21.25
2022-05-17T12:00:00Z,0.0,-27.625,311.125,NaN
2022-05-17T12:00:00Z,0.0,-27.625,311.375,NaN
2022-05-17T12:00:00Z,0.0,-27.625,311.625,21.3
2022-05-17T12:00:00Z,0.0,-27.375,311.125,NaN
2022-05-17T12:00:00Z,0.0,-27.375,311.375,NaN
2022-05-17T12:00:00Z,0.0,-27.375,311.625,21.34
2022-05-18T12:00:00Z,0.0,-27.875,311.125,NaN
2022-05-18T12:00:00Z,0.0,-27.875,311.375,NaN
2022-05-18T12:00:00Z,0.0,-27.875,311.625,20.96
2022-05-18T12:00:00Z,0.0,-27.625,311.125,NaN
2022-05-18T12:00:00Z,0.0,-27.625,311.375,NaN
2022-05-18T12:00:00Z,0.0,-27.625,311.625,21.0
2022-05-18T12:00:00Z,0.0,-27.375,311.125,NaN
2022-05-18T12:00:00Z,0.0,-27.375,311.375,NaN
2022-05-18T12:00:00Z,0.0,-27.375,311.625,21.06
2022-05-19T12:00:00Z,0.0,-27.875,311.125,NaN
2022-05-19T12:00:00Z,0.0,-27.875,311.375,NaN
2022-05-19T12:00:00Z,0.0,-27.875,311.625,20.57
2022-05-19T12:00:00Z,0.0,-27.625,311.125,NaN
2022-05-19T12:00:00Z,0.0,-27.625,311.375,NaN
2022-05-19T12:00:00Z,0.0,-27.625,311.625,20.609999
2022-05-19T12:00:00Z,0.0,-27.375,311.125,NaN
2022-05-19T12:00:00Z,0.0,-27.375,311.375,NaN
2022-05-19T12:00:00Z,0.0,-27.375,311.625,20.699999
2022-05-20T12:00:00Z,0.0,-27.875,311.125,NaN
2022-05-20T12:00:00Z,0.0,-27.875,311.375,NaN
2022-05-20T12:00:00Z,0.0,-27.875,311.625,20.26
2022-05-20T12:00:00Z,0.0,-27.625,311.125,NaN
2022-05-20T12:00:00Z,0.0,-27.625,311.375,NaN
2022-05-20T12:00:00Z,0.0,-27.625,311.625,20.32
2022-05-20T12:00:00Z,0.0,-27.375,311.125,NaN
2022-05-20T12:00:00Z,0.0,-27.375,311.375,NaN
2022-05-20T12:00:00Z,0.0,-27.375,311.625,20.439999
2022-05-21T12:00:00Z,0.0,-27.875,311.125,NaN
2022-05-21T12:00:00Z,0.0,-27.875,311.375,NaN
2022-05-21T12:00:00Z,0.0,-27.875,311.625,20.039999
2022-05-21T12:00:00Z,0.0,-27.625,311.125,NaN
2022-05-21T12:00:00Z,0.0,-27.625,311.375,NaN
2022-05-21T12:00:00Z,0.0,-27.625,311.625,20.08
2022-05-21T12:00:00Z,0.0,-27.375,311.125,NaN
2022-05-21T12:00:00Z,0.0,-27.375,311.375,NaN
2022-05-21T12:00:00Z,0.0,-27.375,311.625,20.22
2022-05-22T12:00:00Z,0.0,-27.875,311.125,NaN
2022-05-22T12:00:00Z,0.0,-27.875,311.375,NaN
2022-05-22T12:00:00Z,0.0,-27.875,311.625,19.93
2022-05-22T12:00:00Z,0.0,-27.625,311.125,NaN
2022-05-22T12:00:00Z,0.0,-27.625,311.375,NaN
2022-05-22T12:00:00Z,0.0,-27.625,311.625,19.97
2022-05-22T12:00:00Z,0.0,-27.375,311.125,NaN
2022-05-22T12:00:00Z,0.0,-27.375,311.375,NaN
2022-05-22T12:00:00Z,0.0,-27.375,311.625,20.15
2022-05-23T12:00:00Z,0.0,-27.875,311.125,NaN
2022-05-23T12:00:00Z,0.0,-27.875,311.375,NaN
2022-05-23T12:00:00Z,0.0,-27.875,311.625,19.779999
2022-05-23T12:00:00Z,0.0,-27.625,311.125,NaN
2022-05-23T12:00:00Z,0.0,-27.625,311.375,NaN
2022-05-23T12:00:00Z,0.0,-27.625,311.625,19.84
2022-05-23T12:00:00Z,0.0,-27.375,311.125,NaN
2022-05-23T12:00:00Z,0.0,-27.375,311.375,NaN
2022-05-23T12:00:00Z,0.0,-27.375,311.625,20.039999
2022-05-24T12:00:00Z,0.0,-27.875,311.125,NaN
2022-05-24T12:00:00Z,0.0,-27.875,311.375,NaN
2022-05-24T12:00:00Z,0.0,-27.875,311.625,19.67
2022-05-24T12:00:00Z,0.0,-27.625,311.125,NaN
2022-05-24T12:00:00Z,0.0,-27.625,311.375,NaN
2022-05-24T12:00:00Z,0.0,-27.625,311.625,19.779999
2022-05-24T12:00:00Z,0.0,-27.375,311.125,NaN
2022-05-24T12:00:00Z,0.0,-27.375,311.375,NaN
2022-05-24T12:00:00Z,0.0,-27.375,311.625,20.02
2022-05-25T12:00:00Z,0.0,-27.875,311.125,NaN
2022-05-25T12:00:00Z,0.0,-27.875,311.375,NaN
2022-05-25T12:00:00Z,0.0,-27.875,311.625,19.76
2022-05-25T12:00:00Z,0.0,-27.625,311.125,NaN
2022-05-25T12:00:00Z,0.0,-27.625,311.375,NaN
2022-05-25T12:00:00Z,0.0,-27.625,311.625,19.869999
2022-05-25T12:00:00Z,0.0,-27.375,311.125,NaN
2022-05-25T12:00:00Z,0.0,-27.375,311.375,NaN
2022-05-25T12:00:00Z,0.0,-27.375,311.625,20.1
2022-05-26T12:00:00Z,0.0,-27.875,311.125,NaN
2022-05-26T12:00:00Z,0.0,-27.875,311.375,NaN
2022-05-26T12:00:00Z,0.0,-27.875,311.625,19.89
2022-05-26T12:00:00Z,0.0,-27.625,311.125,NaN
2022-05-26T12:00:00Z,0.0,-27.625,311.375,NaN
2022-05-26T12:00:00Z,0.0,-27.625,311.625,19.97
2022-05-26T12:00:00Z,0.0,-27.375,311.125,NaN
2022-05-26T12:00:00Z,0.0,-27.375,311.375,NaN
2022-05-26T12:00:00Z,0.0,-27.375,311.625,20.15
2022-05-27T12:00:00Z,0.0,-27.875,311.125,NaN
2022-05-27T12:00:00Z,0.0,-27.875,311.375,NaN
2022-05-27T12:00:00Z,0.0,-27.875,311.625,20.01
2022-05-27T12:00:00Z,0.0,-27.625,311.125,NaN
2022-05-27T12:00:00Z,0.0,-27.625,311.375,NaN
2022-05-27T12:00:00Z,0.0,-27.625,311.625,20.039999
2022-05-27T12:00:00Z,0.0,-27.375,311.125,NaN
2022-05-27T12:00:00Z,0.0,-27.375,311.375,NaN
2022-05-27T12:00:00Z,0.0,-27.375,311.625,20.18
2022-05-28T12:00:00Z,0.0,-27.875,311.125,NaN
2022-05-28T12:00:00Z,0.0,-27.875,311.375,NaN
2022-05-28T12:00:00Z,0.0,-27.875,311.625,20.07
2022-05-28T12:00:00Z,0.0,-27.625,311.125,NaN
2022-05-28T12:00:00Z,0.0,-27.625,311.375,NaN
2022-05-28T12:00:00Z,0.0,-27.625,311.625,20.15
2022-05-28T12:00:00Z,0.0,-27.375,311.125,NaN
2022-05-28T12:00:00Z,0.0,-27.375,311.375,NaN
2022-05-28T12:00:00Z,0.0,-27.375,311.625,20.33
2022-05-29T12:00:00Z,0.0,-27.875,311.125,NaN
2022-05-29T12:00:00Z,0.0,-27.875,311.375,NaN
2022-05-29T12:00:00Z,0.0,-27.875,311.625,20.16
2022-05-29T12:00:00Z,0.0,-27.625,311.125,NaN
2022-05-29T12:00:00Z,0.0,-27.625,311.375,NaN
2022-05-29T12:00:00Z,0.0,-27.625,311.625,20.23
2022-05-29T12:00:00Z,0.0,-27.375,311.125,NaN
2022-05-29T12:00:00Z,0.0,-27.375,311.375,NaN
2022-05-29T12:00:00Z,0.0,-27.375,311.625,20.439999
2022-05-30T12:00:00Z,0.0,-27.875,311.125,NaN
2022-05-30T12:00:00Z,0.0,-27.875,311.375,NaN
2022-05-30T12:00:00Z,0.0,-27.875,311.625,19.93
2022-05-30T12:00:00Z,0.0,-27.625,311.125,NaN
2022-05-30T12:00:00Z,0.0,-27.625,311.375,NaN
2022-05-30T12:00:00Z,0.0,-27.625,311.625,20.06
2022-05-30T12:00:00Z,0.0,-27.375,311.125,NaN
2022-05-30T12:00:00Z,0.0,-27.375,311.375,NaN
2022-05-30T12:00:00Z,0.0,-27.375,311.625,20.23
2022-05-31T12:00:00Z,0.0,-27.875,311.125,NaN
2022-05-31T12:00:00Z,0.0,-27.875,311.375,NaN
2022-05-31T12:00:00Z,0.0,-27.875,311.625,19.81
2022-05-31T12:00:00Z,0.0,-27.625,311.125,NaN
2022-05-31T12:00:00Z,0.0,-27.625,311.375,NaN
2022-05-31T12:00:00Z,0.0,-27.625,311.625,19.96
2022-05-31T12:00:00Z,0.0,-27.375,311.125,NaN
2022-05-31T12:00:00Z,0.0,-27.375,311.375,NaN
2022-05-31T12:00:00Z,0.0,-27.375,311.625,20.119999
2022-06-01T12:00:00Z,0.0,-27.875,311.125,NaN
2022-06-01T12:00:00Z,0.0,-27.875,311.375,NaN
2022-06-01T12:00:00Z,0.0,-27.875,311.625,19.71
2022-06-01T12:00:00Z,0.0,-27.625,311.125,NaN
2022-06-01T12:00:00Z,0.0,-27.625,311.375,NaN
2022-06-01T12:00:00Z,0.0,-27.625,311.625,19.949999
2022-06-01T12:00:00Z,0.0,-27.375,311.125,NaN
2022-06-01T12:00:00Z,0.0,-27.375,311.375,NaN
2022-06-01T12:00:00Z,0.0,-27.375,311.625,20.17
2022-06-02T12:00:00Z,0.0,-27.875,311.125,NaN
2022-06-02T12:00:00Z,0.0,-27.875,311.375,NaN
2022-06-02T12:00:00Z,0.0,-27.875,311.625,19.24
2022-06-02T12:00:00Z,0.0,-27.625,311.125,NaN
2022-06-02T12:00:00Z,0.0,-27.625,311.375,NaN
2022-06-02T12:00:00Z,0.0,-27.625,311.625,19.52
2022-06-02T12:00:00Z,0.0,-27.375,311.125,NaN
2022-06-02T12:00:00Z,0.0,-27.375,311.375,NaN
2022-06-02T12:00:00Z,0.0,-27.375,311.625,19.77
2022-06-03T12:00:00Z,0.0,-27.875,311.125,NaN
2022-06-03T12:00:00Z,0.0,-27.875,311.375,NaN
2022-06-03T12:00:00Z,0.0,-27.875,311.625,18.98
2022-06-03T12:00:00Z,0.0,-27.625,311.125,NaN
2022-06-03T12:00:00Z,0.0,-27.625,311.375,NaN
2022-06-03T12:00:00Z,0.0,-27.625,311.625,19.25
2022-06-03T12:00:00Z,0.0,-27.375,311.125,NaN
2022-06-03T12:00:00Z,0.0,-27.375,311.375,NaN
2022-06-03T12:00:00Z,0.0,-27.375,311.625,19.439999
2022-06-04T12:00:00Z,0.0,-27.875,311.125,NaN
2022-06-04T12:00:00Z,0.0,-27.875,311.375,NaN
2022-06-04T12:00:00Z,0.0,-27.875,311.625,18.789999
2022-06-04T12:00:00Z,0.0,-27.625,311.125,NaN
2022-06-04T12:00:00Z,0.0,-27.625,311.375,NaN
2022-06-04T12:00:00Z,0.0,-27.625,311.625,18.82
2022-06-04T12:00:00Z,0.0,-27.375,311.125,NaN
2022-06-04T12:00:00Z,0.0,-27.375,311.375,NaN
2022-06-04T12:00:00Z,0.0,-27.375,311.625,18.8
2022-06-05T12:00:00Z,0.0,-27.875,311.125,NaN
2022-06-05T12:00:00Z,0.0,-27.875,311.375,NaN
2022-06-05T12:00:00Z,0.0,-27.875,311.625,18.77
2022-06-05T12:00:00Z,0.0,-27.625,311.125,NaN
2022-06-05T12:00:00Z,0.0,-27.625,311.375,NaN
2022-06-05T12:00:00Z,0.0,-27.625,311.625,18.75
2022-06-05T12:00:00Z,0.0,-27.375,311.125,NaN
2022-06-05T12:00:00Z,0.0,-27.375,311.375,NaN
2022-06-05T12:00:00Z,0.0,-27.375,311.625,18.67
2022-06-06T12:00:00Z,0.0,-27.875,311.125,NaN
2022-06-06T12:00:00Z,0.0,-27.875,311.375,NaN
2022-06-06T12:00:00Z,0.0,-27.875,311.625,18.88
2022-06-06T12:00:00Z,0.0,-27.625,311.125,NaN
2022-06-06T12:00:00Z,0.0,-27.625,311.375,NaN
2022-06-06T12:00:00Z,0.0,-27.625,311.625,18.93
2022-06-06T12:00:00Z,0.0,-27.375,311.125,NaN
2022-06-06T12:00:00Z,0.0,-27.375,311.375,NaN
2022-06-06T12:00:00Z,0.0,-27.375,311.625,18.96
2022-06-07T12:00:00Z,0.0,-27.875,311.125,NaN
2022-06-07T12:00:00Z,0.0,-27.875,311.375,NaN
2022-06-07T12:00:00Z,0.0,-27.875,311.625,18.13
2022-06-07T12:00:00Z,0.0,-27.625,311.125,NaN
2022-06-07T12:00:00Z,0.0,-27.625,311.375,NaN
2022-06-07T12:00:00Z,0.0,-27.625,311.625,18.13
2022-06-07T12:00:00Z,0.0,-27.375,311.125,NaN
2022-06-07T12:00:00Z,0.0,-27.375,311.375,NaN
2022-06-07T12:00:00Z,0.0,-27.375,311.625,18.16
2022-06-08T12:00:00Z,0.0,-27.875,311.125,NaN
2022-06-08T12:00:00Z,0.0,-27.875,311.375,NaN
2022-06-08T12:00:00Z,0.0,-27.875,311.625,18.07
2022-06-08T12:00:00Z,0.0,-27.625,311.125,NaN
2022-06-08T12:00:00Z,0.0,-27.625,311.375,NaN
2022-06-08T12:00:00Z,0.0,-27.625,311.625,18.109999
2022-06-08T12:00:00Z,0.0,-27.375,311.125,NaN
2022-06-08T12:00:00Z,0.0,-27.375,311.375,NaN
2022-06-08T12:00:00Z,0.0,-27.375,311.625,18.22
2022-06-09T12:00:00Z,0.0,-27.875,311.125,NaN
2022-06-09T12:00:00Z,0.0,-27.875,311.375,NaN
2022-06-09T12:00:00Z,0.0,-27.875,311.625,18.02
2022-06-09T12:00:00Z,0.0,-27.625,311.125,NaN
2022-06-09T12:00:00Z,0.0,-27.625,311.375,NaN
2022-06-09T12:00:00Z,0.0,-27.625,311.625,18.16
2022-06-09T12:00:00Z,0.0,-27.375,311.125,NaN
2022-06-09T12:00:00Z,0.0,-27.375,311.375,NaN
2022-06-09T12:00:00Z,0.0,-27.375,311.625,18.359999
2022-06-10T12:00:00Z,0.0,-27.875,311.125,NaN
2022-06-10T12:00:00Z,0.0,-27.875,311.375,NaN
2022-06-10T12:00:00Z,0.0,-27.875,311.625,17.68
2022-06-10T12:00:00Z,0.0,-27.625,311.125,NaN
2022-06-10T12:00:00Z,0.0,-27.625,311.375,NaN
2022-06-10T12:00:00Z,0.0,-27.625,311.625,17.83
2022-06-10T12:00:00Z,0.0,-27.375,311.125,NaN
2022-06-10T12:00:00Z,0.0,-27.375,311.375,NaN
2022-06-10T12:00:00Z,0.0,-27.375,311.625,18.119999
2022-06-11T12:00:00Z,0.0,-27.875,311.125,NaN
2022-06-11T12:00:00Z,0.0,-27.875,311.375,NaN
2022-06-11T12:00:00Z,0.0,-27.875,311.625,17.539999
2022-06-11T12:00:00Z,0.0,-27.625,311.125,NaN
2022-06-11T12:00:00Z,0.0,-27.625,311.375,NaN
2022-06-11T12:00:00Z,0.0,-27.625,311.625,17.71
2022-06-11T12:00:00Z,0.0,-27.375,311.125,NaN
2022-06-11T12:00:00Z,0.0,-27.375,311.375,NaN
2022-06-11T12:00:00Z,0.0,-27.375,311.625,17.97
2022-06-12T12:00:00Z,0.0,-27.875,311.125,NaN
2022-06-12T12:00:00Z,0.0,-27.875,311.375,NaN
2022-06-12T12:00:00Z,0.0,-27.875,311.625,17.49
2022-06-12T12:00:00Z,0.0,-27.625,311.125,NaN
2022-06-12T12:00:00Z,0.0,-27.625,311.375,NaN
2022-06-12T12:00:00Z,0.0,-27.625,311.625,17.619999
2022-06-12T12:00:00Z,0.0,-27.375,311.125,NaN
2022-06-12T12:00:00Z,0.0,-27.375,311.375,NaN
2022-06-12T12:00:00Z,0.0,-27.375,311.625,17.859999
2022-06-13T12:00:00Z,0.0,-27.875,311.125,NaN
2022-06-13T12:00:00Z,0.0,-27.875,311.375,NaN
2022-06-13T12:00:00Z,0.0,-27.875,311.625,17.449999
2022-06-13T12:00:00Z,0.0,-27.625,311.125,NaN
2022-06-13T12:00:00Z,0.0,-27.625,311.375,NaN
2022-06-13T12:00:00Z,0.0,-27.625,311.625,17.52
2022-06-13T12:00:00Z,0.0,-27.375,311.125,NaN
2022-06-13T12:00:00Z,0.0,-27.375,311.375,NaN
2022-06-13T12:00:00Z,0.0,-27.375,311.625,17.69
2022-06-14T12:00:00Z,0.0,-27.875,311.125,NaN
2022-06-14T12:00:00Z,0.0,-27.875,311.375,NaN
2022-06-14T12:00:00Z,0.0,-27.875,311.625,17.5
2022-06-14T12:00:00Z,0.0,-27.625,311.125,NaN
2022-06-14T12:00:00Z,0.0,-27.625,311.375,NaN
2022-06-14T12:00:00Z,0.0,-27.625,311.625,17.59
2022-06-14T12:00:00Z,0.0,-27.375,311.125,NaN
2022-06-14T12:00:00Z,0.0,-27.375,311.375,NaN
2022-06-14T12:00:00Z,0.0,-27.375,311.625,17.74
2022-06-15T12:00:00Z,0.0,-27.875,311.125,NaN
2022-06-15T12:00:00Z,0.0,-27.875,311.375,NaN
2022-06-15T12:00:00Z,0.0,-27.875,311.625,17.64
2022-06-15T12:00:00Z,0.0,-27.625,311.125,NaN
2022-06-15T12:00:00Z,0.0,-27.625,311.375,NaN
2022-06-15T12:00:00Z,0.0,-27.625,311.625,17.74
2022-06-15T12:00:00Z,0.0,-27.375,311.125,NaN
2022-06-15T12:00:00Z,0.0,-27.375,311.375,NaN
2022-06-15T12:00:00Z,0.0,-27.375,311.625,17.859999
2022-06-16T12:00:00Z,0.0,-27.875,311.125,NaN
2022-06-16T12:00:00Z,0.0,-27.875,311.375,NaN
2022-06-16T12:00:00Z,0.0,-27.875,311.625,17.63
2022-06-16T12:00:00Z,0.0,-27.625,311.125,NaN
2022-06-16T12:00:00Z,0.0,-27.625,311.375,NaN
2022-06-16T12:00:00Z,0.0,-27.625,311.625,17.76
2022-06-16T12:00:00Z,0.0,-27.375,311.125,NaN
2022-06-16T12:00:00Z,0.0,-27.375,311.375,NaN
2022-06-16T12:00:00Z,0.0,-27.375,311.625,17.92
2022-06-17T12:00:00Z,0.0,-27.875,311.125,NaN
2022-06-17T12:00:00Z,0.0,-27.875,311.375,NaN
2022-06-17T12:00:00Z,0.0,-27.875,311.625,17.21
2022-06-17T12:00:00Z,0.0,-27.625,311.125,NaN
2022-06-17T12:00:00Z,0.0,-27.625,311.375,NaN
2022-06-17T12:00:00Z,0.0,-27.625,311.625,17.42
2022-06-17T12:00:00Z,0.0,-27.375,311.125,NaN
2022-06-17T12:00:00Z,0.0,-27.375,311.375,NaN
2022-06-17T12:00:00Z,0.0,-27.375,311.625,17.74
2022-06-18T12:00:00Z,0.0,-27.875,311.125,NaN
2022-06-18T12:00:00Z,0.0,-27.875,311.375,NaN
2022-06-18T12:00:00Z,0.0,-27.875,311.625,17.09
2022-06-18T12:00:00Z,0.0,-27.625,311.125,NaN
2022-06-18T12:00:00Z,0.0,-27.625,311.375,NaN
2022-06-18T12:00:00Z,0.0,-27.625,311.625,17.289999
2022-06-18T12:00:00Z,0.0,-27.375,311.125,NaN
2022-06-18T12:00:00Z,0.0,-27.375,311.375,NaN
2022-06-18T12:00:00Z,0.0,-27.375,311.625,17.6
2022-06-19T12:00:00Z,0.0,-27.875,311.125,NaN
2022-06-19T12:00:00Z,0.0,-27.875,311.375,NaN
2022-06-19T12:00:00Z,0.0,-27.875,311.625,16.98
2022-06-19T12:00:00Z,0.0,-27.625,311.125,NaN
2022-06-19T12:00:00Z,0.0,-27.625,311.375,NaN
2022-06-19T12:00:00Z,0.0,-27.625,311.625,17.17
2022-06-19T12:00:00Z,0.0,-27.375,311.125,NaN
2022-06-19T12:00:00Z,0.0,-27.375,311.375,NaN
2022-06-19T12:00:00Z,0.0,-27.375,311.625,17.47
2022-06-20T12:00:00Z,0.0,-27.875,311.125,NaN
2022-06-20T12:00:00Z,0.0,-27.875,311.375,NaN
2022-06-20T12:00:00Z,0.0,-27.875,311.625,17.039999
2022-06-20T12:00:00Z,0.0,-27.625,311.125,NaN
2022-06-20T12:00:00Z,0.0,-27.625,311.375,NaN
2022-06-20T12:00:00Z,0.0,-27.625,311.625,17.21
2022-06-20T12:00:00Z,0.0,-27.375,311.125,NaN
2022-06-20T12:00:00Z,0.0,-27.375,311.375,NaN
2022-06-20T12:00:00Z,0.0,-27.375,311.625,17.449999
2022-06-21T12:00:00Z,0.0,-27.875,311.125,NaN
2022-06-21T12:00:00Z,0.0,-27.875,311.375,NaN
2022-06-21T12:00:00Z,0.0,-27.875,311.625,17.08
2022-06-21T12:00:00Z,0.0,-27.625,311.125,NaN
2022-06-21T12:00:00Z,0.0,-27.625,311.375,NaN
2022-06-21T12:00:00Z,0.0,-27.625,311.625,17.26
2022-06-21T12:00:00Z,0.0,-27.375,311.125,NaN
2022-06-21T12:00:00Z,0.0,-27.375,311.375,NaN
2022-06-21T12:00:00Z,0.0,-27.375,311.625,17.449999
2022-06-22T12:00:00Z,0.0,-27.875,311.125,NaN
2022-06-22T12:00:00Z,0.0,-27.875,311.375,NaN
2022-06-22T12:00:00Z,0.0,-27.875,311.625,17.1
2022-06-22T12:00:00Z,0.0,-27.625,311.125,NaN
2022-06-22T12:00:00Z,0.0,-27.625,311.375,NaN
2022-06-22T12:00:00Z,0.0,-27.625,311.625,17.3
2022-06-22T12:00:00Z,0.0,-27.375,311.125,NaN
2022-06-22T12:00:00Z,0.0,-27.375,311.375,NaN
2022-06-22T12:00:00Z,0.0,-27.375,311.625,17.5
2022-06-23T12:00:00Z,0.0,-27.875,311.125,NaN
2022-06-23T12:00:00Z,0.0,-27.875,311.375,NaN
2022-06-23T12:00:00Z,0.0,-27.875,311.625,16.949999
2022-06-23T12:00:00Z,0.0,-27.625,311.125,NaN
2022-06-23T12:00:00Z,0.0,-27.625,311.375,NaN
2022-06-23T12:00:00Z,0.0,-27.625,311.625,17.14
2022-06-23T12:00:00Z,0.0,-27.375,311.125,NaN
2022-06-23T12:00:00Z,0.0,-27.375,311.375,NaN
2022-06-23T12:00:00Z,0.0,-27.375,311.625,17.449999
2022-06-24T12:00:00Z,0.0,-27.875,311.125,NaN
2022-06-24T12:00:00Z,0.0,-27.875,311.375,NaN
2022-06-24T12:00:00Z,0.0,-27.875,311.625,16.869999
2022-06-24T12:00:00Z,0.0,-27.625,311.125,NaN
2022-06-24T12:00:00Z,0.0,-27.625,311.375,NaN
2022-06-24T12:00:00Z,0.0,-27.625,311.625,17.07
2022-06-24T12:00:00Z,0.0,-27.375,311.125,NaN
2022-06-24T12:00:00Z,0.0,-27.375,311.375,NaN
2022-06-24T12:00:00Z,0.0,-27.375,311.625,17.41
2022-06-25T12:00:00Z,0.0,-27.875,311.125,NaN
2022-06-25T12:00:00Z,0.0,-27.875,311.375,NaN
2022-06-25T12:00:00Z,0.0,-27.875,311.625,16.88
2022-06-25T12:00:00Z,0.0,-27.625,311.125,NaN
2022-06-25T12:00:00Z,0.0,-27.625,311.375,NaN
2022-06-25T12:00:00Z,0.0,-27.625,311.625,17.109999
2022-06-25T12:00:00Z,0.0,-27.375,311.125,NaN
2022-06-25T12:00:00Z,0.0,-27.375,311.375,NaN
2022-06-25T12:00:00Z,0.0,-27.375,311.625,17.34
2022-06-26T12:00:00Z,0.0,-27.875,311.125,NaN
2022-06-26T12:00:00Z,0.0,-27.875,311.375,NaN
2022-06-26T12:00:00Z,0.0,-27.875,311.625,16.64
2022-06-26T12:00:00Z,0.0,-27.625,311.125,NaN
2022-06-26T12:00:00Z,0.0,-27.625,311.375,NaN
2022-06-26T12:00:00Z,0.0,-27.625,311.625,16.92
2022-06-26T12:00:00Z,0.0,-27.375,311.125,NaN
2022-06-26T12:00:00Z,0.0,-27.375,311.375,NaN
2022-06-26T12:00:00Z,0.0,-27.375,311.625,17.31
2022-06-27T12:00:00Z,0.0,-27.875,311.125,NaN
2022-06-27T12:00:00Z,0.0,-27.875,311.375,NaN
2022-06-27T12:00:00Z,0.0,-27.875,311.625,16.56
2022-06-27T12:00:00Z,0.0,-27.625,311.125,NaN
2022-06-27T12:00:00Z,0.0,-27.625,311.375,NaN
2022-06-27T12:00:00Z,0.0,-27.625,311.625,16.779999
2022-06-27T12:00:00Z,0.0,-27.375,311.125,NaN
2022-06-27T12:00:00Z,0.0,-27.375,311.375,NaN
2022-06-27T12:00:00Z,0.0,-27.375,311.625,17.109999
2022-06-28T12:00:00Z,0.0,-27.875,311.125,NaN
2022-06-28T12:00:00Z,0.0,-27.875,311.375,NaN
2022-06-28T12:00:00Z,0.0,-27.875,311.625,16.22
2022-06-28T12:00:00Z,0.0,-27.625,311.125,NaN
2022-06-28T12:00:00Z,0.0,-27.625,311.375,NaN
2022-06-28T12:00:00Z,0.0,-27.625,311.625,16.41
2022-06-28T12:00:00Z,0.0,-27.375,311.125,NaN
2022-06-28T12:00:00Z,0.0,-27.375,311.375,NaN
2022-06-28T12:00:00Z,0.0,-27.375,311.625,16.699999
2022-06-29T12:00:00Z,0.0,-27.875,311.125,NaN
2022-06-29T12:00:00Z,0.0,-27.875,311.375,NaN
2022-06-29T12:00:00Z,0.0,-27.875,311.625,16.22
2022-06-29T12:00:00Z,0.0,-27.625,311.125,NaN
2022-06-29T12:00:00Z,0.0,-27.625,311.375,NaN
2022-06-29T12:00:00Z,0.0,-27.625,311.625,16.39
2022-06-29T12:00:00Z,0.0,-27.375,311.125,NaN
2022-06-29T12:00:00Z,0.0,-27.375,311.375,NaN
2022-06-29T12:00:00Z,0.0,-27.375,311.625,16.64
2022-06-30T12:00:00Z,0.0,-27.875,311.125,NaN
2022-06-30T12:00:00Z,0.0,-27.875,311.375,NaN
2022-06-30T12:00:00Z,0.0,-27.875,311.625,15.98
2022-06-30T12:00:00Z,0.0,-27.625,311.125,NaN
2022-06-30T12:00:00Z,0.0,-27.625,311.375,NaN
2022-06-30T12:00:00Z,0.0,-27.625,311.625,16.119999
2022-06-30T12:00:00Z,0.0,-27.375,311.125,NaN
2022-06-30T12:00:00Z,0.0,-27.375,311.375,NaN
2022-06-30T12:00:00Z,0.0,-27.375,311.625,16.369999
2022-07-01T12:00:00Z,0.0,-27.875,311.125,NaN
2022-07-01T12:00:00Z,0.0,-27.875,311.375,NaN
2022-07-01T12:00:00Z,0.0,-27.875,311.625,15.7
2022-07-01T12:00:00Z,0.0,-27.625,311.125,NaN
2022-07-01T12:00:00Z,0.0,-27.625,311.375,NaN
2022-07-01T12:00:00Z,0.0,-27.625,311.625,15.849999
2022-07-01T12:00:00Z,0.0,-27.375,311.125,NaN
2022-07-01T12:00:00Z,0.0,-27.375,311.375,NaN
2022-07-01T12:00:00Z,0.0,-27.375,311.625,16.09
2022-07-02T12:00:00Z,0.0,-27.875,311.125,NaN
2022-07-02T12:00:00Z,0.0,-27.875,311.375,NaN
2022-07-02T12:00:00Z,0.0,-27.875,311.625,15.83
2022-07-02T12:00:00Z,0.0,-27.625,311.125,NaN
2022-07-02T12:00:00Z,0.0,-27.625,311.375,NaN
2022-07-02T12:00:00Z,0.0,-27.625,311.625,16.0
2022-07-02T12:00:00Z,0.0,-27.375,311.125,NaN
2022-07-02T12:00:00Z,0.0,-27.375,311.375,NaN
2022-07-02T12:00:00Z,0.0,-27.375,311.625,16.22
2022-07-03T12:00:00Z,0.0,-27.875,311.125,NaN
2022-07-03T12:00:00Z,0.0,-27.875,311.375,NaN
2022-07-03T12:00:00Z,0.0,-27.875,311.625,16.039999
2022-07-03T12:00:00Z,0.0,-27.625,311.125,NaN
2022-07-03T12:00:00Z,0.0,-27.625,311.375,NaN
2022-07-03T12:00:00Z,0.0,-27.625,311.625,16.27
2022-07-03T12:00:00Z,0.0,-27.375,311.125,NaN
2022-07-03T12:00:00Z,0.0,-27.375,311.375,NaN
2022-07-03T12:00:00Z,0.0,-27.375,311.625,16.449999
2022-07-04T12:00:00Z,0.0,-27.875,311.125,NaN
2022-07-04T12:00:00Z,0.0,-27.875,311.375,NaN
2022-07-04T12:00:00Z,0.0,-27.875,311.625,16.21
2022-07-04T12:00:00Z,0.0,-27.625,311.125,NaN
2022-07-04T12:00:00Z,0.0,-27.625,311.375,NaN
2022-07-04T12:00:00Z,0.0,-27.625,311.625,16.42
2022-07-04T12:00:00Z,0.0,-27.375,311.125,NaN
2022-07-04T12:00:00Z,0.0,-27.375,311.375,NaN
2022-07-04T12:00:00Z,0.0,-27.375,311.625,16.539999
2022-07-05T12:00:00Z,0.0,-27.875,311.125,NaN
2022-07-05T12:00:00Z,0.0,-27.875,311.375,NaN
2022-07-05T12:00:00Z,0.0,-27.875,311.625,15.9
2022-07-05T12:00:00Z,0.0,-27.625,311.125,NaN
2022-07-05T12:00:00Z,0.0,-27.625,311.375,NaN
2022-07-05T12:00:00Z,0.0,-27.625,311.625,16.19
2022-07-05T12:00:00Z,0.0,-27.375,311.125,NaN
2022-07-05T12:00:00Z,0.0,-27.375,311.375,NaN
2022-07-05T12:00:00Z,0.0,-27.375,311.625,16.39
2022-07-06T12:00:00Z,0.0,-27.875,311.125,NaN
2022-07-06T12:00:00Z,0.0,-27.875,311.375,NaN
2022-07-06T12:00:00Z,0.0,-27.875,311.625,15.98
2022-07-06T12:00:00Z,0.0,-27.625,311.125,NaN
2022-07-06T12:00:00Z,0.0,-27.625,311.375,NaN
2022-07-06T12:00:00Z,0.0,-27.625,311.625,16.22
2022-07-06T12:00:00Z,0.0,-27.375,311.125,NaN
2022-07-06T12:00:00Z,0.0,-27.375,311.375,NaN
2022-07-06T12:00:00Z,0.0,-27.375,311.625,16.41
2022-07-07T12:00:00Z,0.0,-27.875,311.125,NaN
2022-07-07T12:00:00Z,0.0,-27.875,311.375,NaN
2022-07-07T12:00:00Z,0.0,-27.875,311.625,16.09
2022-07-07T12:00:00Z,0.0,-27.625,311.125,NaN
2022-07-07T12:00:00Z,0.0,-27.625,311.375,NaN
2022-07-07T12:00:00Z,0.0,-27.625,311.625,16.31
2022-07-07T12:00:00Z,0.0,-27.375,311.125,NaN
2022-07-07T12:00:00Z,0.0,-27.375,311.375,NaN
2022-07-07T12:00:00Z,0.0,-27.375,311.625,16.5
2022-07-08T12:00:00Z,0.0,-27.875,311.125,NaN
2022-07-08T12:00:00Z,0.0,-27.875,311.375,NaN
2022-07-08T12:00:00Z,0.0,-27.875,311.625,16.57
2022-07-08T12:00:00Z,0.0,-27.625,311.125,NaN
2022-07-08T12:00:00Z,0.0,-27.625,311.375,NaN
2022-07-08T12:00:00Z,0.0,-27.625,311.625,16.72
2022-07-08T12:00:00Z,0.0,-27.375,311.125,NaN
2022-07-08T12:00:00Z,0.0,-27.375,311.375,NaN
2022-07-08T12:00:00Z,0.0,-27.375,311.625,16.8
2022-07-09T12:00:00Z,0.0,-27.875,311.125,NaN
2022-07-09T12:00:00Z,0.0,-27.875,311.375,NaN
2022-07-09T12:00:00Z,0.0,-27.875,311.625,16.85
2022-07-09T12:00:00Z,0.0,-27.625,311.125,NaN
2022-07-09T12:00:00Z,0.0,-27.625,311.375,NaN
2022-07-09T12:00:00Z,0.0,-27.625,311.625,16.98
2022-07-09T12:00:00Z,0.0,-27.375,311.125,NaN
2022-07-09T12:00:00Z,0.0,-27.375,311.375,NaN
2022-07-09T12:00:00Z,0.0,-27.375,311.625,17.02
2022-07-10T12:00:00Z,0.0,-27.875,311.125,NaN
2022-07-10T12:00:00Z,0.0,-27.875,311.375,NaN
2022-07-10T12:00:00Z,0.0,-27.875,311.625,17.05
2022-07-10T12:00:00Z,0.0,-27.625,311.125,NaN
2022-07-10T12:00:00Z,0.0,-27.625,311.375,NaN
2022-07-10T12:00:00Z,0.0,-27.625,311.625,17.16
2022-07-10T12:00:00Z,0.0,-27.375,311.125,NaN
2022-07-10T12:00:00Z,0.0,-27.375,311.375,NaN
2022-07-10T12:00:00Z,0.0,-27.375,311.625,17.19
2022-07-11T12:00:00Z,0.0,-27.875,311.125,NaN
2022-07-11T12:00:00Z,0.0,-27.875,311.375,NaN
2022-07-11T12:00:00Z,0.0,-27.875,311.625,17.07
2022-07-11T12:00:00Z,0.0,-27.625,311.125,NaN
2022-07-11T12:00:00Z,0.0,-27.625,311.375,NaN
2022-07-11T12:00:00Z,0.0,-27.625,311.625,17.19
2022-07-11T12:00:00Z,0.0,-27.375,311.125,NaN
2022-07-11T12:00:00Z,0.0,-27.375,311.375,NaN
2022-07-11T12:00:00Z,0.0,-27.375,311.625,17.289999
2022-07-12T12:00:00Z,0.0,-27.875,311.125,NaN
2022-07-12T12:00:00Z,0.0,-27.875,311.375,NaN
2022-07-12T12:00:00Z,0.0,-27.875,311.625,17.18
2022-07-12T12:00:00Z,0.0,-27.625,311.125,NaN
2022-07-12T12:00:00Z,0.0,-27.625,311.375,NaN
2022-07-12T12:00:00Z,0.0,-27.625,311.625,17.25
2022-07-12T12:00:00Z,0.0,-27.375,311.125,NaN
2022-07-12T12:00:00Z,0.0,-27.375,311.375,NaN
2022-07-12T12:00:00Z,0.0,-27.375,311.625,17.289999
2022-07-13T12:00:00Z,0.0,-27.875,311.125,NaN
2022-07-13T12:00:00Z,0.0,-27.875,311.375,NaN
2022-07-13T12:00:00Z,0.0,-27.875,311.625,17.109999
2022-07-13T12:00:00Z,0.0,-27.625,311.125,NaN
2022-07-13T12:00:00Z,0.0,-27.625,311.375,NaN
2022-07-13T12:00:00Z,0.0,-27.625,311.625,17.05
2022-07-13T12:00:00Z,0.0,-27.375,311.125,NaN
2022-07-13T12:00:00Z,0.0,-27.375,311.375,NaN
2022-07-13T12:00:00Z,0.0,-27.375,311.625,17.01
2022-07-14T12:00:00Z,0.0,-27.875,311.125,NaN
2022-07-14T12:00:00Z,0.0,-27.875,311.375,NaN
2022-07-14T12:00:00Z,0.0,-27.875,311.625,17.08
2022-07-14T12:00:00Z,0.0,-27.625,311.125,NaN
2022-07-14T12:00:00Z,0.0,-27.625,311.375,NaN
2022-07-14T12:00:00Z,0.0,-27.625,311.625,16.869999
2022-07-14T12:00:00Z,0.0,-27.375,311.125,NaN
2022-07-14T12:00:00Z,0.0,-27.375,311.375,NaN
2022-07-14T12:00:00Z,0.0,-27.375,311.625,16.81
2022-07-15T12:00:00Z,0.0,-27.875,311.125,NaN
2022-07-15T12:00:00Z,0.0,-27.875,311.375,NaN
2022-07-15T12:00:00Z,0.0,-27.875,311.625,17.16
2022-07-15T12:00:00Z,0.0,-27.625,311.125,NaN
2022-07-15T12:00:00Z,0.0,-27.625,311.375,NaN
2022-07-15T12:00:00Z,0.0,-27.625,311.625,16.92
2022-07-15T12:00:00Z,0.0,-27.375,311.125,NaN
2022-07-15T12:00:00Z,0.0,-27.375,311.375,NaN
2022-07-15T12:00:00Z,0.0,-27.375,311.625,16.869999
2022-07-16T12:00:00Z,0.0,-27.875,311.125,NaN
2022-07-16T12:00:00Z,0.0,-27.875,311.375,NaN
2022-07-16T12:00:00Z,0.0,-27.875,311.625,18.039999
2022-07-16T12:00:00Z,0.0,-27.625,311.125,NaN
2022-07-16T12:00:00Z,0.0,-27.625,311.375,NaN
2022-07-16T12:00:00Z,0.0,-27.625,311.625,17.6
2022-07-16T12:00:00Z,0.0,-27.375,311.125,NaN
2022-07-16T12:00:00Z,0.0,-27.375,311.375,NaN
2022-07-16T12:00:00Z,0.0,-27.375,311.625,17.119999
2022-07-17T12:00:00Z,0.0,-27.875,311.125,NaN
2022-07-17T12:00:00Z,0.0,-27.875,311.375,NaN
2022-07-17T12:00:00Z,0.0,-27.875,311.625,18.14
2022-07-17T12:00:00Z,0.0,-27.625,311.125,NaN
2022-07-17T12:00:00Z,0.0,-27.625,311.375,NaN
2022-07-17T12:00:00Z,0.0,-27.625,311.625,17.74
2022-07-17T12:00:00Z,0.0,-27.375,311.125,NaN
2022-07-17T12:00:00Z,0.0,-27.375,311.375,NaN
2022-07-17T12:00:00Z,0.0,-27.375,311.625,17.44
2022-07-18T12:00:00Z,0.0,-27.875,311.125,NaN
2022-07-18T12:00:00Z,0.0,-27.875,311.375,NaN
2022-07-18T12:00:00Z,0.0,-27.875,311.625,17.47
2022-07-18T12:00:00Z,0.0,-27.625,311.125,NaN
2022-07-18T12:00:00Z,0.0,-27.625,311.375,NaN
2022-07-18T12:00:00Z,0.0,-27.625,311.625,17.14
2022-07-18T12:00:00Z,0.0,-27.375,311.125,NaN
2022-07-18T12:00:00Z,0.0,-27.375,311.375,NaN
2022-07-18T12:00:00Z,0.0,-27.375,311.625,16.96
2022-07-19T12:00:00Z,0.0,-27.875,311.125,NaN
2022-07-19T12:00:00Z,0.0,-27.875,311.375,NaN
2022-07-19T12:00:00Z,0.0,-27.875,311.625,17.359999
2022-07-19T12:00:00Z,0.0,-27.625,311.125,NaN
2022-07-19T12:00:00Z,0.0,-27.625,311.375,NaN
2022-07-19T12:00:00Z,0.0,-27.625,311.625,17.09
2022-07-19T12:00:00Z,0.0,-27.375,311.125,NaN
2022-07-19T12:00:00Z,0.0,-27.375,311.375,NaN
2022-07-19T12:00:00Z,0.0,-27.375,311.625,16.93
2022-07-20T12:00:00Z,0.0,-27.875,311.125,NaN
2022-07-20T12:00:00Z,0.0,-27.875,311.375,NaN
2022-07-20T12:00:00Z,0.0,-27.875,311.625,17.5
2022-07-20T12:00:00Z,0.0,-27.625,311.125,NaN
2022-07-20T12:00:00Z,0.0,-27.625,311.375,NaN
2022-07-20T12:00:00Z,0.0,-27.625,311.625,17.22
2022-07-20T12:00:00Z,0.0,-27.375,311.125,NaN
2022-07-20T12:00:00Z,0.0,-27.375,311.375,NaN
2022-07-20T12:00:00Z,0.0,-27.375,311.625,17.119999
2022-07-21T12:00:00Z,0.0,-27.875,311.125,NaN
2022-07-21T12:00:00Z,0.0,-27.875,311.375,NaN
2022-07-21T12:00:00Z,0.0,-27.875,311.625,17.66
2022-07-21T12:00:00Z,0.0,-27.625,311.125,NaN
2022-07-21T12:00:00Z,0.0,-27.625,311.375,NaN
2022-07-21T12:00:00Z,0.0,-27.625,311.625,17.39
2022-07-21T12:00:00Z,0.0,-27.375,311.125,NaN
2022-07-21T12:00:00Z,0.0,-27.375,311.375,NaN
2022-07-21T12:00:00Z,0.0,-27.375,311.625,17.3
2022-07-22T12:00:00Z,0.0,-27.875,311.125,NaN
2022-07-22T12:00:00Z,0.0,-27.875,311.375,NaN
2022-07-22T12:00:00Z,0.0,-27.875,311.625,17.68
2022-07-22T12:00:00Z,0.0,-27.625,311.125,NaN
2022-07-22T12:00:00Z,0.0,-27.625,311.375,NaN
2022-07-22T12:00:00Z,0.0,-27.625,311.625,17.46
2022-07-22T12:00:00Z,0.0,-27.375,311.125,NaN
2022-07-22T12:00:00Z,0.0,-27.375,311.375,NaN
2022-07-22T12:00:00Z,0.0,-27.375,311.625,17.41
2022-07-23T12:00:00Z,0.0,-27.875,311.125,NaN
2022-07-23T12:00:00Z,0.0,-27.875,311.375,NaN
2022-07-23T12:00:00Z,0.0,-27.875,311.625,17.84
2022-07-23T12:00:00Z,0.0,-27.625,311.125,NaN
2022-07-23T12:00:00Z,0.0,-27.625,311.375,NaN
2022-07-23T12:00:00Z,0.0,-27.625,311.625,17.75
2022-07-23T12:00:00Z,0.0,-27.375,311.125,NaN
2022-07-23T12:00:00Z,0.0,-27.375,311.375,NaN
2022-07-23T12:00:00Z,0.0,-27.375,311.625,17.71
2022-07-24T12:00:00Z,0.0,-27.875,311.125,NaN
2022-07-24T12:00:00Z,0.0,-27.875,311.375,NaN
2022-07-24T12:00:00Z,0.0,-27.875,311.625,17.8
2022-07-24T12:00:00Z,0.0,-27.625,311.125,NaN
2022-07-24T12:00:00Z,0.0,-27.625,311.375,NaN
2022-07-24T12:00:00Z,0.0,-27.625,311.625,17.77
2022-07-24T12:00:00Z,0.0,-27.375,311.125,NaN
2022-07-24T12:00:00Z,0.0,-27.375,311.375,NaN
2022-07-24T12:00:00Z,0.0,-27.375,311.625,17.72
2022-07-25T12:00:00Z,0.0,-27.875,311.125,NaN
2022-07-25T12:00:00Z,0.0,-27.875,311.375,NaN
2022-07-25T12:00:00Z,0.0,-27.875,311.625,17.98
2022-07-25T12:00:00Z,0.0,-27.625,311.125,NaN
2022-07-25T12:00:00Z,0.0,-27.625,311.375,NaN
2022-07-25T12:00:00Z,0.0,-27.625,311.625,17.98
2022-07-25T12:00:00Z,0.0,-27.375,311.125,NaN
2022-07-25T12:00:00Z,0.0,-27.375,311.375,NaN
2022-07-25T12:00:00Z,0.0,-27.375,311.625,17.97
2022-07-26T12:00:00Z,0.0,-27.875,311.125,NaN
2022-07-26T12:00:00Z,0.0,-27.875,311.375,NaN
2022-07-26T12:00:00Z,0.0,-27.875,311.625,18.109999
2022-07-26T12:00:00Z,0.0,-27.625,311.125,NaN
2022-07-26T12:00:00Z,0.0,-27.625,311.375,NaN
2022-07-26T12:00:00Z,0.0,-27.625,311.625,18.16
2022-07-26T12:00:00Z,0.0,-27.375,311.125,NaN
2022-07-26T12:00:00Z,0.0,-27.375,311.375,NaN
2022-07-26T12:00:00Z,0.0,-27.375,311.625,18.16
2022-07-27T12:00:00Z,0.0,-27.875,311.125,NaN
2022-07-27T12:00:00Z,0.0,-27.875,311.375,NaN
2022-07-27T12:00:00Z,0.0,-27.875,311.625,18.25
2022-07-27T12:00:00Z,0.0,-27.625,311.125,NaN
2022-07-27T12:00:00Z,0.0,-27.625,311.375,NaN
2022-07-27T12:00:00Z,0.0,-27.625,311.625,18.3
2022-07-27T12:00:00Z,0.0,-27.375,311.125,NaN
2022-07-27T12:00:00Z,0.0,-27.375,311.375,NaN
2022-07-27T12:00:00Z,0.0,-27.375,311.625,18.32
2022-07-28T12:00:00Z,0.0,-27.875,311.125,NaN
2022-07-28T12:00:00Z,0.0,-27.875,311.375,NaN
2022-07-28T12:00:00Z,0.0,-27.875,311.625,18.279999
2022-07-28T12:00:00Z,0.0,-27.625,311.125,NaN
2022-07-28T12:00:00Z,0.0,-27.625,311.375,NaN
2022-07-28T12:00:00Z,0.0,-27.625,311.625,18.4
2022-07-28T12:00:00Z,0.0,-27.375,311.125,NaN
2022-07-28T12:00:00Z,0.0,-27.375,311.375,NaN
2022-07-28T12:00:00Z,0.0,-27.375,311.625,18.48
2022-07-29T12:00:00Z,0.0,-27.875,311.125,NaN
2022-07-29T12:00:00Z,0.0,-27.875,311.375,NaN
2022-07-29T12:00:00Z,0.0,-27.875,311.625,18.33
2022-07-29T12:00:00Z,0.0,-27.625,311.125,NaN
2022-07-29T12:00:00Z,0.0,-27.625,311.375,NaN
2022-07-29T12:00:00Z,0.0,-27.625,311.625,18.43
2022-07-29T12:00:00Z,0.0,-27.375,311.125,NaN
2022-07-29T12:00:00Z,0.0,-27.375,311.375,NaN
2022-07-29T12:00:00Z,0.0,-27.375,311.625,18.5
2022-07-30T12:00:00Z,0.0,-27.875,311.125,NaN
2022-07-30T12:00:00Z,0.0,-27.875,311.375,NaN
2022-07-30T12:00:00Z,0.0,-27.875,311.625,18.279999
2022-07-30T12:00:00Z,0.0,-27.625,311.125,NaN
2022-07-30T12:00:00Z,0.0,-27.625,311.375,NaN
2022-07-30T12:00:00Z,0.0,-27.625,311.625,18.35
2022-07-30T12:00:00Z,0.0,-27.375,311.125,NaN
2022-07-30T12:00:00Z,0.0,-27.375,311.375,NaN
2022-07-30T12:00:00Z,0.0,-27.375,311.625,18.39
2022-07-31T12:00:00Z,0.0,-27.875,311.125,NaN
2022-07-31T12:00:00Z,0.0,-27.875,311.375,NaN
2022-07-31T12:00:00Z,0.0,-27.875,311.625,18.289999
2022-07-31T12:00:00Z,0.0,-27.625,311.125,NaN
2022-07-31T12:00:00Z,0.0,-27.625,311.375,NaN
2022-07-31T12:00:00Z,0.0,-27.625,311.625,18.34
2022-07-31T12:00:00Z,0.0,-27.375,311.125,NaN
2022-07-31T12:00:00Z,0.0,-27.375,311.375,NaN
2022-07-31T12:00:00Z,0.0,-27.375,311.625,18.35
2022-08-01T12:00:00Z,0.0,-27.875,311.125,NaN
2022-08-01T12:00:00Z,0.0,-27.875,311.375,NaN
2022-08-01T12:00:00Z,0.0,-27.875,311.625,18.43
2022-08-01T12:00:00Z,0.0,-27.625,311.125,NaN
2022-08-01T12:00:00Z,0.0,-27.625,311.375,NaN
2022-08-01T12:00:00Z,0.0,-27.625,311.625,18.449999
2022-08-01T12:00:00Z,0.0,-27.375,311.125,NaN
2022-08-01T12:00:00Z,0.0,-27.375,311.375,NaN
2022-08-01T12:00:00Z,0.0,-27.375,311.625,18.44
2022-08-02T12:00:00Z,0.0,-27.875,311.125,NaN
2022-08-02T12:00:00Z,0.0,-27.875,311.375,NaN
2022-08-02T12:00:00Z,0.0,-27.875,311.625,18.46
2022-08-02T12:00:00Z,0.0,-27.625,311.125,NaN
2022-08-02T12:00:00Z,0.0,-27.625,311.375,NaN
2022-08-02T12:00:00Z,0.0,-27.625,311.625,18.48
2022-08-02T12:00:00Z,0.0,-27.375,311.125,NaN
2022-08-02T12:00:00Z,0.0,-27.375,311.375,NaN
2022-08-02T12:00:00Z,0.0,-27.375,311.625,18.49
2022-08-03T12:00:00Z,0.0,-27.875,311.125,NaN
2022-08-03T12:00:00Z,0.0,-27.875,311.375,NaN
2022-08-03T12:00:00Z,0.0,-27.875,311.625,18.42
2022-08-03T12:00:00Z,0.0,-27.625,311.125,NaN
2022-08-03T12:00:00Z,0.0,-27.625,311.375,NaN
2022-08-03T12:00:00Z,0.0,-27.625,311.625,18.49
2022-08-03T12:00:00Z,0.0,-27.375,311.125,NaN
2022-08-03T12:00:00Z,0.0,-27.375,311.375,NaN
2022-08-03T12:00:00Z,0.0,-27.375,311.625,18.55
2022-08-04T12:00:00Z,0.0,-27.875,311.125,NaN
2022-08-04T12:00:00Z,0.0,-27.875,311.375,NaN
2022-08-04T12:00:00Z,0.0,-27.875,311.625,18.56
2022-08-04T12:00:00Z,0.0,-27.625,311.125,NaN
2022-08-04T12:00:00Z,0.0,-27.625,311.375,NaN
2022-08-04T12:00:00Z,0.0,-27.625,311.625,18.67
2022-08-04T12:00:00Z,0.0,-27.375,311.125,NaN
2022-08-04T12:00:00Z,0.0,-27.375,311.375,NaN
2022-08-04T12:00:00Z,0.0,-27.375,311.625,18.77
2022-08-05T12:00:00Z,0.0,-27.875,311.125,NaN
2022-08-05T12:00:00Z,0.0,-27.875,311.375,NaN
2022-08-05T12:00:00Z,0.0,-27.875,311.625,18.789999
2022-08-05T12:00:00Z,0.0,-27.625,311.125,NaN
2022-08-05T12:00:00Z,0.0,-27.625,311.375,NaN
2022-08-05T12:00:00Z,0.0,-27.625,311.625,18.97
2022-08-05T12:00:00Z,0.0,-27.375,311.125,NaN
2022-08-05T12:00:00Z,0.0,-27.375,311.375,NaN
2022-08-05T12:00:00Z,0.0,-27.375,311.625,19.09
2022-08-06T12:00:00Z,0.0,-27.875,311.125,NaN
2022-08-06T12:00:00Z,0.0,-27.875,311.375,NaN
2022-08-06T12:00:00Z,0.0,-27.875,311.625,18.71
2022-08-06T12:00:00Z,0.0,-27.625,311.125,NaN
2022-08-06T12:00:00Z,0.0,-27.625,311.375,NaN
2022-08-06T12:00:00Z,0.0,-27.625,311.625,18.91
2022-08-06T12:00:00Z,0.0,-27.375,311.125,NaN
2022-08-06T12:00:00Z,0.0,-27.375,311.375,NaN
2022-08-06T12:00:00Z,0.0,-27.375,311.625,19.08
2022-08-07T12:00:00Z,0.0,-27.875,311.125,NaN
2022-08-07T12:00:00Z,0.0,-27.875,311.375,NaN
2022-08-07T12:00:00Z,0.0,-27.875,311.625,18.619999
2022-08-07T12:00:00Z,0.0,-27.625,311.125,NaN
2022-08-07T12:00:00Z,0.0,-27.625,311.375,NaN
2022-08-07T12:00:00Z,0.0,-27.625,311.625,18.8
2022-08-07T12:00:00Z,0.0,-27.375,311.125,NaN
2022-08-07T12:00:00Z,0.0,-27.375,311.375,NaN
2022-08-07T12:00:00Z,0.0,-27.375,311.625,18.91
2022-08-08T12:00:00Z,0.0,-27.875,311.125,NaN
2022-08-08T12:00:00Z,0.0,-27.875,311.375,NaN
2022-08-08T12:00:00Z,0.0,-27.875,311.625,18.49
2022-08-08T12:00:00Z,0.0,-27.625,311.125,NaN
2022-08-08T12:00:00Z,0.0,-27.625,311.375,NaN
2022-08-08T12:00:00Z,0.0,-27.625,311.625,18.699999
2022-08-08T12:00:00Z,0.0,-27.375,311.125,NaN
2022-08-08T12:00:00Z,0.0,-27.375,311.375,NaN
2022-08-08T12:00:00Z,0.0,-27.375,311.625,18.859999
2022-08-09T12:00:00Z,0.0,-27.875,311.125,NaN
2022-08-09T12:00:00Z,0.0,-27.875,311.375,NaN
2022-08-09T12:00:00Z,0.0,-27.875,311.625,18.48
2022-08-09T12:00:00Z,0.0,-27.625,311.125,NaN
2022-08-09T12:00:00Z,0.0,-27.625,311.375,NaN
2022-08-09T12:00:00Z,0.0,-27.625,311.625,18.64
2022-08-09T12:00:00Z,0.0,-27.375,311.125,NaN
2022-08-09T12:00:00Z,0.0,-27.375,311.375,NaN
2022-08-09T12:00:00Z,0.0,-27.375,311.625,18.76
2022-08-10T12:00:00Z,0.0,-27.875,311.125,NaN
2022-08-10T12:00:00Z,0.0,-27.875,311.375,NaN
2022-08-10T12:00:00Z,0.0,-27.875,311.625,17.949999
2022-08-10T12:00:00Z,0.0,-27.625,311.125,NaN
2022-08-10T12:00:00Z,0.0,-27.625,311.375,NaN
2022-08-10T12:00:00Z,0.0,-27.625,311.625,18.18
2022-08-10T12:00:00Z,0.0,-27.375,311.125,NaN
2022-08-10T12:00:00Z,0.0,-27.375,311.375,NaN
2022-08-10T12:00:00Z,0.0,-27.375,311.625,18.38
2022-08-11T12:00:00Z,0.0,-27.875,311.125,NaN
2022-08-11T12:00:00Z,0.0,-27.875,311.375,NaN
2022-08-11T12:00:00Z,0.0,-27.875,311.625,17.88
2022-08-11T12:00:00Z,0.0,-27.625,311.125,NaN
2022-08-11T12:00:00Z,0.0,-27.625,311.375,NaN
2022-08-11T12:00:00Z,0.0,-27.625,311.625,18.1
2022-08-11T12:00:00Z,0.0,-27.375,311.125,NaN
2022-08-11T12:00:00Z,0.0,-27.375,311.375,NaN
2022-08-11T12:00:00Z,0.0,-27.375,311.625,18.3
2022-08-12T12:00:00Z,0.0,-27.875,311.125,NaN
2022-08-12T12:00:00Z,0.0,-27.875,311.375,NaN
2022-08-12T12:00:00Z,0.0,-27.875,311.625,17.81
2022-08-12T12:00:00Z,0.0,-27.625,311.125,NaN
2022-08-12T12:00:00Z,0.0,-27.625,311.375,NaN
2022-08-12T12:00:00Z,0.0,-27.625,311.625,18.0
2022-08-12T12:00:00Z,0.0,-27.375,311.125,NaN
2022-08-12T12:00:00Z,0.0,-27.375,311.375,NaN
2022-08-12T12:00:00Z,0.0,-27.375,311.625,18.199999
2022-08-13T12:00:00Z,0.0,-27.875,311.125,NaN
2022-08-13T12:00:00Z,0.0,-27.875,311.375,NaN
2022-08-13T12:00:00Z,0.0,-27.875,311.625,17.869999
2022-08-13T12:00:00Z,0.0,-27.625,311.125,NaN
2022-08-13T12:00:00Z,0.0,-27.625,311.375,NaN
2022-08-13T12:00:00Z,0.0,-27.625,311.625,18.039999
2022-08-13T12:00:00Z,0.0,-27.375,311.125,NaN
2022-08-13T12:00:00Z,0.0,-27.375,311.375,NaN
2022-08-13T12:00:00Z,0.0,-27.375,311.625,18.22
2022-08-14T12:00:00Z,0.0,-27.875,311.125,NaN
2022-08-14T12:00:00Z,0.0,-27.875,311.375,NaN
2022-08-14T12:00:00Z,0.0,-27.875,311.625,18.05
2022-08-14T12:00:00Z,0.0,-27.625,311.125,NaN
2022-08-14T12:00:00Z,0.0,-27.625,311.375,NaN
2022-08-14T12:00:00Z,0.0,-27.625,311.625,18.199999
2022-08-14T12:00:00Z,0.0,-27.375,311.125,NaN
2022-08-14T12:00:00Z,0.0,-27.375,311.375,NaN
2022-08-14T12:00:00Z,0.0,-27.375,311.625,18.359999
2022-08-15T12:00:00Z,0.0,-27.875,311.125,NaN
2022-08-15T12:00:00Z,0.0,-27.875,311.375,NaN
2022-08-15T12:00:00Z,0.0,-27.875,311.625,18.109999
2022-08-15T12:00:00Z,0.0,-27.625,311.125,NaN
2022-08-15T12:00:00Z,0.0,-27.625,311.375,NaN
2022-08-15T12:00:00Z,0.0,-27.625,311.625,18.279999
2022-08-15T12:00:00Z,0.0,-27.375,311.125,NaN
2022-08-15T12:00:00Z,0.0,-27.375,311.375,NaN
2022-08-15T12:00:00Z,0.0,-27.375,311.625,18.449999
2022-08-16T12:00:00Z,0.0,-27.875,311.125,NaN
2022-08-16T12:00:00Z,0.0,-27.875,311.375,NaN
2022-08-16T12:00:00Z,0.0,-27.875,311.625,18.1
2022-08-16T12:00:00Z,0.0,-27.625,311.125,NaN
2022-08-16T12:00:00Z,0.0,-27.625,311.375,NaN
2022-08-16T12:00:00Z,0.0,-27.625,311.625,18.32
2022-08-16T12:00:00Z,0.0,-27.375,311.125,NaN
2022-08-16T12:00:00Z,0.0,-27.375,311.375,NaN
2022-08-16T12:00:00Z,0.0,-27.375,311.625,18.529999
2022-08-17T12:00:00Z,0.0,-27.875,311.125,NaN
2022-08-17T12:00:00Z,0.0,-27.875,311.375,NaN
2022-08-17T12:00:00Z,0.0,-27.875,311.625,18.18
2022-08-17T12:00:00Z,0.0,-27.625,311.125,NaN
2022-08-17T12:00:00Z,0.0,-27.625,311.375,NaN
2022-08-17T12:00:00Z,0.0,-27.625,311.625,18.44
2022-08-17T12:00:00Z,0.0,-27.375,311.125,NaN
2022-08-17T12:00:00Z,0.0,-27.375,311.375,NaN
2022-08-17T12:00:00Z,0.0,-27.375,311.625,18.57
2022-08-18T12:00:00Z,0.0,-27.875,311.125,NaN
2022-08-18T12:00:00Z,0.0,-27.875,311.375,NaN
2022-08-18T12:00:00Z,0.0,-27.875,311.625,18.46
2022-08-18T12:00:00Z,0.0,-27.625,311.125,NaN
2022-08-18T12:00:00Z,0.0,-27.625,311.375,NaN
2022-08-18T12:00:00Z,0.0,-27.625,311.625,18.609999
2022-08-18T12:00:00Z,0.0,-27.375,311.125,NaN
2022-08-18T12:00:00Z,0.0,-27.375,311.375,NaN
2022-08-18T12:00:00Z,0.0,-27.375,311.625,18.63
2022-08-19T12:00:00Z,0.0,-27.875,311.125,NaN
2022-08-19T12:00:00Z,0.0,-27.875,311.375,NaN
2022-08-19T12:00:00Z,0.0,-27.875,311.625,18.56
2022-08-19T12:00:00Z,0.0,-27.625,311.125,NaN
2022-08-19T12:00:00Z,0.0,-27.625,311.375,NaN
2022-08-19T12:00:00Z,0.0,-27.625,311.625,18.6
2022-08-19T12:00:00Z,0.0,-27.375,311.125,NaN
2022-08-19T12:00:00Z,0.0,-27.375,311.375,NaN
2022-08-19T12:00:00Z,0.0,-27.375,311.625,18.56
2022-08-20T12:00:00Z,0.0,-27.875,311.125,NaN
2022-08-20T12:00:00Z,0.0,-27.875,311.375,NaN
2022-08-20T12:00:00Z,0.0,-27.875,311.625,18.48
2022-08-20T12:00:00Z,0.0,-27.625,311.125,NaN
2022-08-20T12:00:00Z,0.0,-27.625,311.375,NaN
2022-08-20T12:00:00Z,0.0,-27.625,311.625,18.5
2022-08-20T12:00:00Z,0.0,-27.375,311.125,NaN
2022-08-20T12:00:00Z,0.0,-27.375,311.375,NaN
2022-08-20T12:00:00Z,0.0,-27.375,311.625,18.43
2022-08-21T12:00:00Z,0.0,-27.875,311.125,NaN
2022-08-21T12:00:00Z,0.0,-27.875,311.375,NaN
2022-08-21T12:00:00Z,0.0,-27.875,311.625,18.34
2022-08-21T12:00:00Z,0.0,-27.625,311.125,NaN
2022-08-21T12:00:00Z,0.0,-27.625,311.375,NaN
2022-08-21T12:00:00Z,0.0,-27.625,311.625,18.369999
2022-08-21T12:00:00Z,0.0,-27.375,311.125,NaN
2022-08-21T12:00:00Z,0.0,-27.375,311.375,NaN
2022-08-21T12:00:00Z,0.0,-27.375,311.625,18.31
2022-08-22T12:00:00Z,0.0,-27.875,311.125,NaN
2022-08-22T12:00:00Z,0.0,-27.875,311.375,NaN
2022-08-22T12:00:00Z,0.0,-27.875,311.625,18.199999
2022-08-22T12:00:00Z,0.0,-27.625,311.125,NaN
2022-08-22T12:00:00Z,0.0,-27.625,311.375,NaN
2022-08-22T12:00:00Z,0.0,-27.625,311.625,18.289999
2022-08-22T12:00:00Z,0.0,-27.375,311.125,NaN
2022-08-22T12:00:00Z,0.0,-27.375,311.375,NaN
2022-08-22T12:00:00Z,0.0,-27.375,311.625,18.33
2022-08-23T12:00:00Z,0.0,-27.875,311.125,NaN
2022-08-23T12:00:00Z,0.0,-27.875,311.375,NaN
2022-08-23T12:00:00Z,0.0,-27.875,311.625,18.18
2022-08-23T12:00:00Z,0.0,-27.625,311.125,NaN
2022-08-23T12:00:00Z,0.0,-27.625,311.375,NaN
2022-08-23T12:00:00Z,0.0,-27.625,311.625,18.27
2022-08-23T12:00:00Z,0.0,-27.375,311.125,NaN
2022-08-23T12:00:00Z,0.0,-27.375,311.375,NaN
2022-08-23T12:00:00Z,0.0,-27.375,311.625,18.369999
2022-08-24T12:00:00Z,0.0,-27.875,311.125,NaN
2022-08-24T12:00:00Z,0.0,-27.875,311.375,NaN
2022-08-24T12:00:00Z,0.0,-27.875,311.625,18.27
2022-08-24T12:00:00Z,0.0,-27.625,311.125,NaN
2022-08-24T12:00:00Z,0.0,-27.625,311.375,NaN
2022-08-24T12:00:00Z,0.0,-27.625,311.625,18.359999
2022-08-24T12:00:00Z,0.0,-27.375,311.125,NaN
2022-08-24T12:00:00Z,0.0,-27.375,311.375,NaN
2022-08-24T12:00:00Z,0.0,-27.375,311.625,18.51
2022-08-25T12:00:00Z,0.0,-27.875,311.125,NaN
2022-08-25T12:00:00Z,0.0,-27.875,311.375,NaN
2022-08-25T12:00:00Z,0.0,-27.875,311.625,18.49
2022-08-25T12:00:00Z,0.0,-27.625,311.125,NaN
2022-08-25T12:00:00Z,0.0,-27.625,311.375,NaN
2022-08-25T12:00:00Z,0.0,-27.625,311.625,18.58
2022-08-25T12:00:00Z,0.0,-27.375,311.125,NaN
2022-08-25T12:00:00Z,0.0,-27.375,311.375,NaN
2022-08-25T12:00:00Z,0.0,-27.375,311.625,18.77
2022-08-26T12:00:00Z,0.0,-27.875,311.125,NaN
2022-08-26T12:00:00Z,0.0,-27.875,311.375,NaN
2022-08-26T12:00:00Z,0.0,-27.875,311.625,18.619999
2022-08-26T12:00:00Z,0.0,-27.625,311.125,NaN
2022-08-26T12:00:00Z,0.0,-27.625,311.375,NaN
2022-08-26T12:00:00Z,0.0,-27.625,311.625,18.72
2022-08-26T12:00:00Z,0.0,-27.375,311.125,NaN
2022-08-26T12:00:00Z,0.0,-27.375,311.375,NaN
2022-08-26T12:00:00Z,0.0,-27.375,311.625,18.92
2022-08-27T12:00:00Z,0.0,-27.875,311.125,NaN
2022-08-27T12:00:00Z,0.0,-27.875,311.375,NaN
2022-08-27T12:00:00Z,0.0,-27.875,311.625,18.699999
2022-08-27T12:00:00Z,0.0,-27.625,311.125,NaN
2022-08-27T12:00:00Z,0.0,-27.625,311.375,NaN
2022-08-27T12:00:00Z,0.0,-27.625,311.625,18.8
2022-08-27T12:00:00Z,0.0,-27.375,311.125,NaN
2022-08-27T12:00:00Z,0.0,-27.375,311.375,NaN
2022-08-27T12:00:00Z,0.0,-27.375,311.625,19.0
2022-08-28T12:00:00Z,0.0,-27.875,311.125,NaN
2022-08-28T12:00:00Z,0.0,-27.875,311.375,NaN
2022-08-28T12:00:00Z,0.0,-27.875,311.625,18.68
2022-08-28T12:00:00Z,0.0,-27.625,311.125,NaN
2022-08-28T12:00:00Z,0.0,-27.625,311.375,NaN
2022-08-28T12:00:00Z,0.0,-27.625,311.625,18.71
2022-08-28T12:00:00Z,0.0,-27.375,311.125,NaN
2022-08-28T12:00:00Z,0.0,-27.375,311.375,NaN
2022-08-28T12:00:00Z,0.0,-27.375,311.625,18.85
2022-08-29T12:00:00Z,0.0,-27.875,311.125,NaN
2022-08-29T12:00:00Z,0.0,-27.875,311.375,NaN
2022-08-29T12:00:00Z,0.0,-27.875,311.625,18.63
2022-08-29T12:00:00Z,0.0,-27.625,311.125,NaN
2022-08-29T12:00:00Z,0.0,-27.625,311.375,NaN
2022-08-29T12:00:00Z,0.0,-27.625,311.625,18.63
2022-08-29T12:00:00Z,0.0,-27.375,311.125,NaN
2022-08-29T12:00:00Z,0.0,-27.375,311.375,NaN
2022-08-29T12:00:00Z,0.0,-27.375,311.625,18.69
2022-08-30T12:00:00Z,0.0,-27.875,311.125,NaN
2022-08-30T12:00:00Z,0.0,-27.875,311.375,NaN
2022-08-30T12:00:00Z,0.0,-27.875,311.625,18.46
2022-08-30T12:00:00Z,0.0,-27.625,311.125,NaN
2022-08-30T12:00:00Z,0.0,-27.625,311.375,NaN
2022-08-30T12:00:00Z,0.0,-27.625,311.625,18.48
2022-08-30T12:00:00Z,0.0,-27.375,311.125,NaN
2022-08-30T12:00:00Z,0.0,-27.375,311.375,NaN
2022-08-30T12:00:00Z,0.0,-27.375,311.625,18.55
2022-08-31T12:00:00Z,0.0,-27.875,311.125,NaN
2022-08-31T12:00:00Z,0.0,-27.875,311.375,NaN
2022-08-31T12:00:00Z,0.0,-27.875,311.625,18.26
2022-08-31T12:00:00Z,0.0,-27.625,311.125,NaN
2022-08-31T12:00:00Z,0.0,-27.625,311.375,NaN
2022-08-31T12:00:00Z,0.0,-27.625,311.625,18.34
2022-08-31T12:00:00Z,0.0,-27.375,311.125,NaN
2022-08-31T12:00:00Z,0.0,-27.375,311.375,NaN
2022-08-31T12:00:00Z,0.0,-27.375,311.625,18.47
2022-09-01T12:00:00Z,0.0,-27.875,311.125,NaN
2022-09-01T12:00:00Z,0.0,-27.875,311.375,NaN
2022-09-01T12:00:00Z,0.0,-27.875,311.625,18.279999
2022-09-01T12:00:00Z,0.0,-27.625,311.125,NaN
2022-09-01T12:00:00Z,0.0,-27.625,311.375,NaN
2022-09-01T12:00:00Z,0.0,-27.625,311.625,18.39
2022-09-01T12:00:00Z,0.0,-27.375,311.125,NaN
2022-09-01T12:00:00Z,0.0,-27.375,311.375,NaN
2022-09-01T12:00:00Z,0.0,-27.375,311.625,18.52
2022-09-02T12:00:00Z,0.0,-27.875,311.125,NaN
2022-09-02T12:00:00Z,0.0,-27.875,311.375,NaN
2022-09-02T12:00:00Z,0.0,-27.875,311.625,18.32
2022-09-02T12:00:00Z,0.0,-27.625,311.125,NaN
2022-09-02T12:00:00Z,0.0,-27.625,311.375,NaN
2022-09-02T12:00:00Z,0.0,-27.625,311.625,18.41
2022-09-02T12:00:00Z,0.0,-27.375,311.125,NaN
2022-09-02T12:00:00Z,0.0,-27.375,311.375,NaN
2022-09-02T12:00:00Z,0.0,-27.375,311.625,18.5
2022-09-03T12:00:00Z,0.0,-27.875,311.125,NaN
2022-09-03T12:00:00Z,0.0,-27.875,311.375,NaN
2022-09-03T12:00:00Z,0.0,-27.875,311.625,18.109999
2022-09-03T12:00:00Z,0.0,-27.625,311.125,NaN
2022-09-03T12:00:00Z,0.0,-27.625,311.375,NaN
2022-09-03T12:00:00Z,0.0,-27.625,311.625,18.23
2022-09-03T12:00:00Z,0.0,-27.375,311.125,NaN
2022-09-03T12:00:00Z,0.0,-27.375,311.375,NaN
2022-09-03T12:00:00Z,0.0,-27.375,311.625,18.3
2022-09-04T12:00:00Z,0.0,-27.875,311.125,NaN
2022-09-04T12:00:00Z,0.0,-27.875,311.375,NaN
2022-09-04T12:00:00Z,0.0,-27.875,311.625,17.93
2022-09-04T12:00:00Z,0.0,-27.625,311.125,NaN
2022-09-04T12:00:00Z,0.0,-27.625,311.375,NaN
2022-09-04T12:00:00Z,0.0,-27.625,311.625,18.07
2022-09-04T12:00:00Z,0.0,-27.375,311.125,NaN
2022-09-04T12:00:00Z,0.0,-27.375,311.375,NaN
2022-09-04T12:00:00Z,0.0,-27.375,311.625,18.16
2022-09-05T12:00:00Z,0.0,-27.875,311.125,NaN
2022-09-05T12:00:00Z,0.0,-27.875,311.375,NaN
2022-09-05T12:00:00Z,0.0,-27.875,311.625,17.91
2022-09-05T12:00:00Z,0.0,-27.625,311.125,NaN
2022-09-05T12:00:00Z,0.0,-27.625,311.375,NaN
2022-09-05T12:00:00Z,0.0,-27.625,311.625,18.05
2022-09-05T12:00:00Z,0.0,-27.375,311.125,NaN
2022-09-05T12:00:00Z,0.0,-27.375,311.375,NaN
2022-09-05T12:00:00Z,0.0,-27.375,311.625,18.13
2022-09-06T12:00:00Z,0.0,-27.875,311.125,NaN
2022-09-06T12:00:00Z,0.0,-27.875,311.375,NaN
2022-09-06T12:00:00Z,0.0,-27.875,311.625,18.01
2022-09-06T12:00:00Z,0.0,-27.625,311.125,NaN
2022-09-06T12:00:00Z,0.0,-27.625,311.375,NaN
2022-09-06T12:00:00Z,0.0,-27.625,311.625,18.09
2022-09-06T12:00:00Z,0.0,-27.375,311.125,NaN
2022-09-06T12:00:00Z,0.0,-27.375,311.375,NaN
2022-09-06T12:00:00Z,0.0,-27.375,311.625,18.14
2022-09-07T12:00:00Z,0.0,-27.875,311.125,NaN
2022-09-07T12:00:00Z,0.0,-27.875,311.375,NaN
2022-09-07T12:00:00Z,0.0,-27.875,311.625,18.22
2022-09-07T12:00:00Z,0.0,-27.625,311.125,NaN
2022-09-07T12:00:00Z,0.0,-27.625,311.375,NaN
2022-09-07T12:00:00Z,0.0,-27.625,311.625,18.279999
2022-09-07T12:00:00Z,0.0,-27.375,311.125,NaN
2022-09-07T12:00:00Z,0.0,-27.375,311.375,NaN
2022-09-07T12:00:00Z,0.0,-27.375,311.625,18.3
2022-09-08T12:00:00Z,0.0,-27.875,311.125,NaN
2022-09-08T12:00:00Z,0.0,-27.875,311.375,NaN
2022-09-08T12:00:00Z,0.0,-27.875,311.625,18.25
2022-09-08T12:00:00Z,0.0,-27.625,311.125,NaN
2022-09-08T12:00:00Z,0.0,-27.625,311.375,NaN
2022-09-08T12:00:00Z,0.0,-27.625,311.625,18.3
2022-09-08T12:00:00Z,0.0,-27.375,311.125,NaN
2022-09-08T12:00:00Z,0.0,-27.375,311.375,NaN
2022-09-08T12:00:00Z,0.0,-27.375,311.625,18.3
2022-09-09T12:00:00Z,0.0,-27.875,311.125,NaN
2022-09-09T12:00:00Z,0.0,-27.875,311.375,NaN
2022-09-09T12:00:00Z,0.0,-27.875,311.625,18.25
2022-09-09T12:00:00Z,0.0,-27.625,311.125,NaN
2022-09-09T12:00:00Z,0.0,-27.625,311.375,NaN
2022-09-09T12:00:00Z,0.0,-27.625,311.625,18.35
2022-09-09T12:00:00Z,0.0,-27.375,311.125,NaN
2022-09-09T12:00:00Z,0.0,-27.375,311.375,NaN
2022-09-09T12:00:00Z,0.0,-27.375,311.625,18.38
2022-09-10T12:00:00Z,0.0,-27.875,311.125,NaN
2022-09-10T12:00:00Z,0.0,-27.875,311.375,NaN
2022-09-10T12:00:00Z,0.0,-27.875,311.625,18.289999
2022-09-10T12:00:00Z,0.0,-27.625,311.125,NaN
2022-09-10T12:00:00Z,0.0,-27.625,311.375,NaN
2022-09-10T12:00:00Z,0.0,-27.625,311.625,18.41
2022-09-10T12:00:00Z,0.0,-27.375,311.125,NaN
2022-09-10T12:00:00Z,0.0,-27.375,311.375,NaN
2022-09-10T12:00:00Z,0.0,-27.375,311.625,18.46
2022-09-11T12:00:00Z,0.0,-27.875,311.125,NaN
2022-09-11T12:00:00Z,0.0,-27.875,311.375,NaN
2022-09-11T12:00:00Z,0.0,-27.875,311.625,18.279999
2022-09-11T12:00:00Z,0.0,-27.625,311.125,NaN
2022-09-11T12:00:00Z,0.0,-27.625,311.375,NaN
2022-09-11T12:00:00Z,0.0,-27.625,311.625,18.33
2022-09-11T12:00:00Z,0.0,-27.375,311.125,NaN
2022-09-11T12:00:00Z,0.0,-27.375,311.375,NaN
2022-09-11T12:00:00Z,0.0,-27.375,311.625,18.34
2022-09-12T12:00:00Z,0.0,-27.875,311.125,NaN
2022-09-12T12:00:00Z,0.0,-27.875,311.375,NaN
2022-09-12T12:00:00Z,0.0,-27.875,311.625,18.27
2022-09-12T12:00:00Z,0.0,-27.625,311.125,NaN
2022-09-12T12:00:00Z,0.0,-27.625,311.375,NaN
2022-09-12T12:00:00Z,0.0,-27.625,311.625,18.39
2022-09-12T12:00:00Z,0.0,-27.375,311.125,NaN
2022-09-12T12:00:00Z,0.0,-27.375,311.375,NaN
2022-09-12T12:00:00Z,0.0,-27.375,311.625,18.55
2022-09-13T12:00:00Z,0.0,-27.875,311.125,NaN
2022-09-13T12:00:00Z,0.0,-27.875,311.375,NaN
2022-09-13T12:00:00Z,0.0,-27.875,311.625,18.32
2022-09-13T12:00:00Z,0.0,-27.625,311.125,NaN
2022-09-13T12:00:00Z,0.0,-27.625,311.375,NaN
2022-09-13T12:00:00Z,0.0,-27.625,311.625,18.539999
2022-09-13T12:00:00Z,0.0,-27.375,311.125,NaN
2022-09-13T12:00:00Z,0.0,-27.375,311.375,NaN
2022-09-13T12:00:00Z,0.0,-27.375,311.625,18.75
2022-09-14T12:00:00Z,0.0,-27.875,311.125,NaN
2022-09-14T12:00:00Z,0.0,-27.875,311.375,NaN
2022-09-14T12:00:00Z,0.0,-27.875,311.625,18.47
2022-09-14T12:00:00Z,0.0,-27.625,311.125,NaN
2022-09-14T12:00:00Z,0.0,-27.625,311.375,NaN
2022-09-14T12:00:00Z,0.0,-27.625,311.625,18.68
2022-09-14T12:00:00Z,0.0,-27.375,311.125,NaN
2022-09-14T12:00:00Z,0.0,-27.375,311.375,NaN
2022-09-14T12:00:00Z,0.0,-27.375,311.625,18.869999
2022-09-15T12:00:00Z,0.0,-27.875,311.125,NaN
2022-09-15T12:00:00Z,0.0,-27.875,311.375,NaN
2022-09-15T12:00:00Z,0.0,-27.875,311.625,18.5
2022-09-15T12:00:00Z,0.0,-27.625,311.125,NaN
2022-09-15T12:00:00Z,0.0,-27.625,311.375,NaN
2022-09-15T12:00:00Z,0.0,-27.625,311.625,18.74
2022-09-15T12:00:00Z,0.0,-27.375,311.125,NaN
2022-09-15T12:00:00Z,0.0,-27.375,311.375,NaN
2022-09-15T12:00:00Z,0.0,-27.375,311.625,18.99
2022-09-16T12:00:00Z,0.0,-27.875,311.125,NaN
2022-09-16T12:00:00Z,0.0,-27.875,311.375,NaN
2022-09-16T12:00:00Z,0.0,-27.875,311.625,18.57
2022-09-16T12:00:00Z,0.0,-27.625,311.125,NaN
2022-09-16T12:00:00Z,0.0,-27.625,311.375,NaN
2022-09-16T12:00:00Z,0.0,-27.625,311.625,18.73
2022-09-16T12:00:00Z,0.0,-27.375,311.125,NaN
2022-09-16T12:00:00Z,0.0,-27.375,311.375,NaN
2022-09-16T12:00:00Z,0.0,-27.375,311.625,18.93
2022-09-17T12:00:00Z,0.0,-27.875,311.125,NaN
2022-09-17T12:00:00Z,0.0,-27.875,311.375,NaN
2022-09-17T12:00:00Z,0.0,-27.875,311.625,18.72
2022-09-17T12:00:00Z,0.0,-27.625,311.125,NaN
2022-09-17T12:00:00Z,0.0,-27.625,311.375,NaN
2022-09-17T12:00:00Z,0.0,-27.625,311.625,18.779999
2022-09-17T12:00:00Z,0.0,-27.375,311.125,NaN
2022-09-17T12:00:00Z,0.0,-27.375,311.375,NaN
2022-09-17T12:00:00Z,0.0,-27.375,311.625,18.9
2022-09-18T12:00:00Z,0.0,-27.875,311.125,NaN
2022-09-18T12:00:00Z,0.0,-27.875,311.375,NaN
2022-09-18T12:00:00Z,0.0,-27.875,311.625,18.84
2022-09-18T12:00:00Z,0.0,-27.625,311.125,NaN
2022-09-18T12:00:00Z,0.0,-27.625,311.375,NaN
2022-09-18T12:00:00Z,0.0,-27.625,311.625,18.89
2022-09-18T12:00:00Z,0.0,-27.375,311.125,NaN
2022-09-18T12:00:00Z,0.0,-27.375,311.375,NaN
2022-09-18T12:00:00Z,0.0,-27.375,311.625,18.98
2022-09-19T12:00:00Z,0.0,-27.875,311.125,NaN
2022-09-19T12:00:00Z,0.0,-27.875,311.375,NaN
2022-09-19T12:00:00Z,0.0,-27.875,311.625,18.9
2022-09-19T12:00:00Z,0.0,-27.625,311.125,NaN
2022-09-19T12:00:00Z,0.0,-27.625,311.375,NaN
2022-09-19T12:00:00Z,0.0,-27.625,311.625,19.01
2022-09-19T12:00:00Z,0.0,-27.375,311.125,NaN
2022-09-19T12:00:00Z,0.0,-27.375,311.375,NaN
2022-09-19T12:00:00Z,0.0,-27.375,311.625,19.14
2022-09-20T12:00:00Z,0.0,-27.875,311.125,NaN
2022-09-20T12:00:00Z,0.0,-27.875,311.375,NaN
2022-09-20T12:00:00Z,0.0,-27.875,311.625,18.949999
2022-09-20T12:00:00Z,0.0,-27.625,311.125,NaN
2022-09-20T12:00:00Z,0.0,-27.625,311.375,NaN
2022-09-20T12:00:00Z,0.0,-27.625,311.625,19.13
2022-09-20T12:00:00Z,0.0,-27.375,311.125,NaN
2022-09-20T12:00:00Z,0.0,-27.375,311.375,NaN
2022-09-20T12:00:00Z,0.0,-27.375,311.625,19.3
2022-09-21T12:00:00Z,0.0,-27.875,311.125,NaN
2022-09-21T12:00:00Z,0.0,-27.875,311.375,NaN
2022-09-21T12:00:00Z,0.0,-27.875,311.625,18.92
2022-09-21T12:00:00Z,0.0,-27.625,311.125,NaN
2022-09-21T12:00:00Z,0.0,-27.625,311.375,NaN
2022-09-21T12:00:00Z,0.0,-27.625,311.625,19.1
2022-09-21T12:00:00Z,0.0,-27.375,311.125,NaN
2022-09-21T12:00:00Z,0.0,-27.375,311.375,NaN
2022-09-21T12:00:00Z,0.0,-27.375,311.625,19.23
2022-09-22T12:00:00Z,0.0,-27.875,311.125,NaN
2022-09-22T12:00:00Z,0.0,-27.875,311.375,NaN
2022-09-22T12:00:00Z,0.0,-27.875,311.625,19.01
2022-09-22T12:00:00Z,0.0,-27.625,311.125,NaN
2022-09-22T12:00:00Z,0.0,-27.625,311.375,NaN
2022-09-22T12:00:00Z,0.0,-27.625,311.625,19.16
2022-09-22T12:00:00Z,0.0,-27.375,311.125,NaN
2022-09-22T12:00:00Z,0.0,-27.375,311.375,NaN
2022-09-22T12:00:00Z,0.0,-27.375,311.625,19.26
2022-09-23T12:00:00Z,0.0,-27.875,311.125,NaN
2022-09-23T12:00:00Z,0.0,-27.875,311.375,NaN
2022-09-23T12:00:00Z,0.0,-27.875,311.625,19.07
2022-09-23T12:00:00Z,0.0,-27.625,311.125,NaN
2022-09-23T12:00:00Z,0.0,-27.625,311.375,NaN
2022-09-23T12:00:00Z,0.0,-27.625,311.625,19.26
2022-09-23T12:00:00Z,0.0,-27.375,311.125,NaN
2022-09-23T12:00:00Z,0.0,-27.375,311.375,NaN
2022-09-23T12:00:00Z,0.0,-27.375,311.625,19.39
2022-09-24T12:00:00Z,0.0,-27.875,311.125,NaN
2022-09-24T12:00:00Z,0.0,-27.875,311.375,NaN
2022-09-24T12:00:00Z,0.0,-27.875,311.625,18.99
2022-09-24T12:00:00Z,0.0,-27.625,311.125,NaN
2022-09-24T12:00:00Z,0.0,-27.625,311.375,NaN
2022-09-24T12:00:00Z,0.0,-27.625,311.625,19.21
2022-09-24T12:00:00Z,0.0,-27.375,311.125,NaN
2022-09-24T12:00:00Z,0.0,-27.375,311.375,NaN
2022-09-24T12:00:00Z,0.0,-27.375,311.625,19.39
2022-09-25T12:00:00Z,0.0,-27.875,311.125,NaN
2022-09-25T12:00:00Z,0.0,-27.875,311.375,NaN
2022-09-25T12:00:00Z,0.0,-27.875,311.625,18.91
2022-09-25T12:00:00Z,0.0,-27.625,311.125,NaN
2022-09-25T12:00:00Z,0.0,-27.625,311.375,NaN
2022-09-25T12:00:00Z,0.0,-27.625,311.625,19.15
2022-09-25T12:00:00Z,0.0,-27.375,311.125,NaN
2022-09-25T12:00:00Z,0.0,-27.375,311.375,NaN
2022-09-25T12:00:00Z,0.0,-27.375,311.625,19.33
2022-09-26T12:00:00Z,0.0,-27.875,311.125,NaN
2022-09-26T12:00:00Z,0.0,-27.875,311.375,NaN
2022-09-26T12:00:00Z,0.0,-27.875,311.625,18.8
2022-09-26T12:00:00Z,0.0,-27.625,311.125,NaN
2022-09-26T12:00:00Z,0.0,-27.625,311.375,NaN
2022-09-26T12:00:00Z,0.0,-27.625,311.625,18.97
2022-09-26T12:00:00Z,0.0,-27.375,311.125,NaN
2022-09-26T12:00:00Z,0.0,-27.375,311.375,NaN
2022-09-26T12:00:00Z,0.0,-27.375,311.625,19.109999
2022-09-27T12:00:00Z,0.0,-27.875,311.125,NaN
2022-09-27T12:00:00Z,0.0,-27.875,311.375,NaN
2022-09-27T12:00:00Z,0.0,-27.875,311.625,18.69
2022-09-27T12:00:00Z,0.0,-27.625,311.125,NaN
2022-09-27T12:00:00Z,0.0,-27.625,311.375,NaN
2022-09-27T12:00:00Z,0.0,-27.625,311.625,18.74
2022-09-27T12:00:00Z,0.0,-27.375,311.125,NaN
2022-09-27T12:00:00Z,0.0,-27.375,311.375,NaN
2022-09-27T12:00:00Z,0.0,-27.375,311.625,18.8
2022-09-28T12:00:00Z,0.0,-27.875,311.125,NaN
2022-09-28T12:00:00Z,0.0,-27.875,311.375,NaN
2022-09-28T12:00:00Z,0.0,-27.875,311.625,18.71
2022-09-28T12:00:00Z,0.0,-27.625,311.125,NaN
2022-09-28T12:00:00Z,0.0,-27.625,311.375,NaN
2022-09-28T12:00:00Z,0.0,-27.625,311.625,18.83
2022-09-28T12:00:00Z,0.0,-27.375,311.125,NaN
2022-09-28T12:00:00Z,0.0,-27.375,311.375,NaN
2022-09-28T12:00:00Z,0.0,-27.375,311.625,18.92
2022-09-29T12:00:00Z,0.0,-27.875,311.125,NaN
2022-09-29T12:00:00Z,0.0,-27.875,311.375,NaN
2022-09-29T12:00:00Z,0.0,-27.875,311.625,18.74
2022-09-29T12:00:00Z,0.0,-27.625,311.125,NaN
2022-09-29T12:00:00Z,0.0,-27.625,311.375,NaN
2022-09-29T12:00:00Z,0.0,-27.625,311.625,18.949999
2022-09-29T12:00:00Z,0.0,-27.375,311.125,NaN
2022-09-29T12:00:00Z,0.0,-27.375,311.375,NaN
2022-09-29T12:00:00Z,0.0,-27.375,311.625,19.119999
2022-09-30T12:00:00Z,0.0,-27.875,311.125,NaN
2022-09-30T12:00:00Z,0.0,-27.875,311.375,NaN
2022-09-30T12:00:00Z,0.0,-27.875,311.625,18.85
2022-09-30T12:00:00Z,0.0,-27.625,311.125,NaN
2022-09-30T12:00:00Z,0.0,-27.625,311.375,NaN
2022-09-30T12:00:00Z,0.0,-27.625,311.625,19.09
2022-09-30T12:00:00Z,0.0,-27.375,311.125,NaN
2022-09-30T12:00:00Z,0.0,-27.375,311.375,NaN
2022-09-30T12:00:00Z,0.0,-27.375,311.625,19.38
2022-10-01T12:00:00Z,0.0,-27.875,311.125,NaN
2022-10-01T12:00:00Z,0.0,-27.875,311.375,NaN
2022-10-01T12:00:00Z,0.0,-27.875,311.625,19.14
2022-10-01T12:00:00Z,0.0,-27.625,311.125,NaN
2022-10-01T12:00:00Z,0.0,-27.625,311.375,NaN
2022-10-01T12:00:00Z,0.0,-27.625,311.625,19.38
2022-10-01T12:00:00Z,0.0,-27.375,311.125,NaN
2022-10-01T12:00:00Z,0.0,-27.375,311.375,NaN
2022-10-01T12:00:00Z,0.0,-27.375,311.625,19.65
2022-10-02T12:00:00Z,0.0,-27.875,311.125,NaN
2022-10-02T12:00:00Z,0.0,-27.875,311.375,NaN
2022-10-02T12:00:00Z,0.0,-27.875,311.625,19.27
2022-10-02T12:00:00Z,0.0,-27.625,311.125,NaN
2022-10-02T12:00:00Z,0.0,-27.625,311.375,NaN
2022-10-02T12:00:00Z,0.0,-27.625,311.625,19.47
2022-10-02T12:00:00Z,0.0,-27.375,311.125,NaN
2022-10-02T12:00:00Z,0.0,-27.375,311.375,NaN
2022-10-02T12:00:00Z,0.0,-27.375,311.625,19.67
2022-10-03T12:00:00Z,0.0,-27.875,311.125,NaN
2022-10-03T12:00:00Z,0.0,-27.875,311.375,NaN
2022-10-03T12:00:00Z,0.0,-27.875,311.625,19.41
2022-10-03T12:00:00Z,0.0,-27.625,311.125,NaN
2022-10-03T12:00:00Z,0.0,-27.625,311.375,NaN
2022-10-03T12:00:00Z,0.0,-27.625,311.625,19.6
2022-10-03T12:00:00Z,0.0,-27.375,311.125,NaN
2022-10-03T12:00:00Z,0.0,-27.375,311.375,NaN
2022-10-03T12:00:00Z,0.0,-27.375,311.625,19.779999
2022-10-04T12:00:00Z,0.0,-27.875,311.125,NaN
2022-10-04T12:00:00Z,0.0,-27.875,311.375,NaN
2022-10-04T12:00:00Z,0.0,-27.875,311.625,19.34
2022-10-04T12:00:00Z,0.0,-27.625,311.125,NaN
2022-10-04T12:00:00Z,0.0,-27.625,311.375,NaN
2022-10-04T12:00:00Z,0.0,-27.625,311.625,19.55
2022-10-04T12:00:00Z,0.0,-27.375,311.125,NaN
2022-10-04T12:00:00Z,0.0,-27.375,311.375,NaN
2022-10-04T12:00:00Z,0.0,-27.375,311.625,19.75
2022-10-05T12:00:00Z,0.0,-27.875,311.125,NaN
2022-10-05T12:00:00Z,0.0,-27.875,311.375,NaN
2022-10-05T12:00:00Z,0.0,-27.875,311.625,19.33
2022-10-05T12:00:00Z,0.0,-27.625,311.125,NaN
2022-10-05T12:00:00Z,0.0,-27.625,311.375,NaN
2022-10-05T12:00:00Z,0.0,-27.625,311.625,19.539999
2022-10-05T12:00:00Z,0.0,-27.375,311.125,NaN
2022-10-05T12:00:00Z,0.0,-27.375,311.375,NaN
2022-10-05T12:00:00Z,0.0,-27.375,311.625,19.73
2022-10-06T12:00:00Z,0.0,-27.875,311.125,NaN
2022-10-06T12:00:00Z,0.0,-27.875,311.375,NaN
2022-10-06T12:00:00Z,0.0,-27.875,311.625,19.39
2022-10-06T12:00:00Z,0.0,-27.625,311.125,NaN
2022-10-06T12:00:00Z,0.0,-27.625,311.375,NaN
2022-10-06T12:00:00Z,0.0,-27.625,311.625,19.609999
2022-10-06T12:00:00Z,0.0,-27.375,311.125,NaN
2022-10-06T12:00:00Z,0.0,-27.375,311.375,NaN
2022-10-06T12:00:00Z,0.0,-27.375,311.625,19.96
2022-10-07T12:00:00Z,0.0,-27.875,311.125,NaN
2022-10-07T12:00:00Z,0.0,-27.875,311.375,NaN
2022-10-07T12:00:00Z,0.0,-27.875,311.625,19.529999
2022-10-07T12:00:00Z,0.0,-27.625,311.125,NaN
2022-10-07T12:00:00Z,0.0,-27.625,311.375,NaN
2022-10-07T12:00:00Z,0.0,-27.625,311.625,19.72
2022-10-07T12:00:00Z,0.0,-27.375,311.125,NaN
2022-10-07T12:00:00Z,0.0,-27.375,311.375,NaN
2022-10-07T12:00:00Z,0.0,-27.375,311.625,19.93
2022-10-08T12:00:00Z,0.0,-27.875,311.125,NaN
2022-10-08T12:00:00Z,0.0,-27.875,311.375,NaN
2022-10-08T12:00:00Z,0.0,-27.875,311.625,19.68
2022-10-08T12:00:00Z,0.0,-27.625,311.125,NaN
2022-10-08T12:00:00Z,0.0,-27.625,311.375,NaN
2022-10-08T12:00:00Z,0.0,-27.625,311.625,19.84
2022-10-08T12:00:00Z,0.0,-27.375,311.125,NaN
2022-10-08T12:00:00Z,0.0,-27.375,311.375,NaN
2022-10-08T12:00:00Z,0.0,-27.375,311.625,19.949999
2022-10-09T12:00:00Z,0.0,-27.875,311.125,NaN
2022-10-09T12:00:00Z,0.0,-27.875,311.375,NaN
2022-10-09T12:00:00Z,0.0,-27.875,311.625,19.68
2022-10-09T12:00:00Z,0.0,-27.625,311.125,NaN
2022-10-09T12:00:00Z,0.0,-27.625,311.375,NaN
2022-10-09T12:00:00Z,0.0,-27.625,311.625,19.8
2022-10-09T12:00:00Z,0.0,-27.375,311.125,NaN
2022-10-09T12:00:00Z,0.0,-27.375,311.375,NaN
2022-10-09T12:00:00Z,0.0,-27.375,311.625,19.85
2022-10-10T12:00:00Z,0.0,-27.875,311.125,NaN
2022-10-10T12:00:00Z,0.0,-27.875,311.375,NaN
2022-10-10T12:00:00Z,0.0,-27.875,311.625,19.689999
2022-10-10T12:00:00Z,0.0,-27.625,311.125,NaN
2022-10-10T12:00:00Z,0.0,-27.625,311.375,NaN
2022-10-10T12:00:00Z,0.0,-27.625,311.625,19.779999
2022-10-10T12:00:00Z,0.0,-27.375,311.125,NaN
2022-10-10T12:00:00Z,0.0,-27.375,311.375,NaN
2022-10-10T12:00:00Z,0.0,-27.375,311.625,19.81
2022-10-11T12:00:00Z,0.0,-27.875,311.125,NaN
2022-10-11T12:00:00Z,0.0,-27.875,311.375,NaN
2022-10-11T12:00:00Z,0.0,-27.875,311.625,19.96
2022-10-11T12:00:00Z,0.0,-27.625,311.125,NaN
2022-10-11T12:00:00Z,0.0,-27.625,311.375,NaN
2022-10-11T12:00:00Z,0.0,-27.625,311.625,20.07
2022-10-11T12:00:00Z,0.0,-27.375,311.125,NaN
2022-10-11T12:00:00Z,0.0,-27.375,311.375,NaN
2022-10-11T12:00:00Z,0.0,-27.375,311.625,20.1
2022-10-12T12:00:00Z,0.0,-27.875,311.125,NaN
2022-10-12T12:00:00Z,0.0,-27.875,311.375,NaN
2022-10-12T12:00:00Z,0.0,-27.875,311.625,19.97
2022-10-12T12:00:00Z,0.0,-27.625,311.125,NaN
2022-10-12T12:00:00Z,0.0,-27.625,311.375,NaN
2022-10-12T12:00:00Z,0.0,-27.625,311.625,20.109999
2022-10-12T12:00:00Z,0.0,-27.375,311.125,NaN
2022-10-12T12:00:00Z,0.0,-27.375,311.375,NaN
2022-10-12T12:00:00Z,0.0,-27.375,311.625,20.15
2022-10-13T12:00:00Z,0.0,-27.875,311.125,NaN
2022-10-13T12:00:00Z,0.0,-27.875,311.375,NaN
2022-10-13T12:00:00Z,0.0,-27.875,311.625,19.88
2022-10-13T12:00:00Z,0.0,-27.625,311.125,NaN
2022-10-13T12:00:00Z,0.0,-27.625,311.375,NaN
2022-10-13T12:00:00Z,0.0,-27.625,311.625,19.97
2022-10-13T12:00:00Z,0.0,-27.375,311.125,NaN
2022-10-13T12:00:00Z,0.0,-27.375,311.375,NaN
2022-10-13T12:00:00Z,0.0,-27.375,311.625,19.98
2022-10-14T12:00:00Z,0.0,-27.875,311.125,NaN
2022-10-14T12:00:00Z,0.0,-27.875,311.375,NaN
2022-10-14T12:00:00Z,0.0,-27.875,311.625,19.76
2022-10-14T12:00:00Z,0.0,-27.625,311.125,NaN
2022-10-14T12:00:00Z,0.0,-27.625,311.375,NaN
2022-10-14T12:00:00Z,0.0,-27.625,311.625,19.84
2022-10-14T12:00:00Z,0.0,-27.375,311.125,NaN
2022-10-14T12:00:00Z,0.0,-27.375,311.375,NaN
2022-10-14T12:00:00Z,0.0,-27.375,311.625,19.869999
2022-10-15T12:00:00Z,0.0,-27.875,311.125,NaN
2022-10-15T12:00:00Z,0.0,-27.875,311.375,NaN
2022-10-15T12:00:00Z,0.0,-27.875,311.625,19.539999
2022-10-15T12:00:00Z,0.0,-27.625,311.125,NaN
2022-10-15T12:00:00Z,0.0,-27.625,311.375,NaN
2022-10-15T12:00:00Z,0.0,-27.625,311.625,19.59
2022-10-15T12:00:00Z,0.0,-27.375,311.125,NaN
2022-10-15T12:00:00Z,0.0,-27.375,311.375,NaN
2022-10-15T12:00:00Z,0.0,-27.375,311.625,19.609999
2022-10-16T12:00:00Z,0.0,-27.875,311.125,NaN
2022-10-16T12:00:00Z,0.0,-27.875,311.375,NaN
2022-10-16T12:00:00Z,0.0,-27.875,311.625,19.47
2022-10-16T12:00:00Z,0.0,-27.625,311.125,NaN
2022-10-16T12:00:00Z,0.0,-27.625,311.375,NaN
2022-10-16T12:00:00Z,0.0,-27.625,311.625,19.46
2022-10-16T12:00:00Z,0.0,-27.375,311.125,NaN
2022-10-16T12:00:00Z,0.0,-27.375,311.375,NaN
2022-10-16T12:00:00Z,0.0,-27.375,311.625,19.41
2022-10-17T12:00:00Z,0.0,-27.875,311.125,NaN
2022-10-17T12:00:00Z,0.0,-27.875,311.375,NaN
2022-10-17T12:00:00Z,0.0,-27.875,311.625,19.43
2022-10-17T12:00:00Z,0.0,-27.625,311.125,NaN
2022-10-17T12:00:00Z,0.0,-27.625,311.375,NaN
2022-10-17T12:00:00Z,0.0,-27.625,311.625,19.43
2022-10-17T12:00:00Z,0.0,-27.375,311.125,NaN
2022-10-17T12:00:00Z,0.0,-27.375,311.375,NaN
2022-10-17T12:00:00Z,0.0,-27.375,311.625,19.39
2022-10-18T12:00:00Z,0.0,-27.875,311.125,NaN
2022-10-18T12:00:00Z,0.0,-27.875,311.375,NaN
2022-10-18T12:00:00Z,0.0,-27.875,311.625,19.64
2022-10-18T12:00:00Z,0.0,-27.625,311.125,NaN
2022-10-18T12:00:00Z,0.0,-27.625,311.375,NaN
2022-10-18T12:00:00Z,0.0,-27.625,311.625,19.63
2022-10-18T12:00:00Z,0.0,-27.375,311.125,NaN
2022-10-18T12:00:00Z,0.0,-27.375,311.375,NaN
2022-10-18T12:00:00Z,0.0,-27.375,311.625,19.57
2022-10-19T12:00:00Z,0.0,-27.875,311.125,NaN
2022-10-19T12:00:00Z,0.0,-27.875,311.375,NaN
2022-10-19T12:00:00Z,0.0,-27.875,311.625,19.89
2022-10-19T12:00:00Z,0.0,-27.625,311.125,NaN
2022-10-19T12:00:00Z,0.0,-27.625,311.375,NaN
2022-10-19T12:00:00Z,0.0,-27.625,311.625,19.869999
2022-10-19T12:00:00Z,0.0,-27.375,311.125,NaN
2022-10-19T12:00:00Z,0.0,-27.375,311.375,NaN
2022-10-19T12:00:00Z,0.0,-27.375,311.625,19.84
2022-10-20T12:00:00Z,0.0,-27.875,311.125,NaN
2022-10-20T12:00:00Z,0.0,-27.875,311.375,NaN
2022-10-20T12:00:00Z,0.0,-27.875,311.625,20.13
2022-10-20T12:00:00Z,0.0,-27.625,311.125,NaN
2022-10-20T12:00:00Z,0.0,-27.625,311.375,NaN
2022-10-20T12:00:00Z,0.0,-27.625,311.625,20.14
2022-10-20T12:00:00Z,0.0,-27.375,311.125,NaN
2022-10-20T12:00:00Z,0.0,-27.375,311.375,NaN
2022-10-20T12:00:00Z,0.0,-27.375,311.625,20.08
2022-10-21T12:00:00Z,0.0,-27.875,311.125,NaN
2022-10-21T12:00:00Z,0.0,-27.875,311.375,NaN
2022-10-21T12:00:00Z,0.0,-27.875,311.625,20.65
2022-10-21T12:00:00Z,0.0,-27.625,311.125,NaN
2022-10-21T12:00:00Z,0.0,-27.625,311.375,NaN
2022-10-21T12:00:00Z,0.0,-27.625,311.625,20.64
2022-10-21T12:00:00Z,0.0,-27.375,311.125,NaN
2022-10-21T12:00:00Z,0.0,-27.375,311.375,NaN
2022-10-21T12:00:00Z,0.0,-27.375,311.625,20.64
2022-10-22T12:00:00Z,0.0,-27.875,311.125,NaN
2022-10-22T12:00:00Z,0.0,-27.875,311.375,NaN
2022-10-22T12:00:00Z,0.0,-27.875,311.625,20.51
2022-10-22T12:00:00Z,0.0,-27.625,311.125,NaN
2022-10-22T12:00:00Z,0.0,-27.625,311.375,NaN
2022-10-22T12:00:00Z,0.0,-27.625,311.625,20.5
2022-10-22T12:00:00Z,0.0,-27.375,311.125,NaN
2022-10-22T12:00:00Z,0.0,-27.375,311.375,NaN
2022-10-22T12:00:00Z,0.0,-27.375,311.625,20.51
2022-10-23T12:00:00Z,0.0,-27.875,311.125,NaN
2022-10-23T12:00:00Z,0.0,-27.875,311.375,NaN
2022-10-23T12:00:00Z,0.0,-27.875,311.625,20.369999
2022-10-23T12:00:00Z,0.0,-27.625,311.125,NaN
2022-10-23T12:00:00Z,0.0,-27.625,311.375,NaN
2022-10-23T12:00:00Z,0.0,-27.625,311.625,20.369999
2022-10-23T12:00:00Z,0.0,-27.375,311.125,NaN
2022-10-23T12:00:00Z,0.0,-27.375,311.375,NaN
2022-10-23T12:00:00Z,0.0,-27.375,311.625,20.42
2022-10-24T12:00:00Z,0.0,-27.875,311.125,NaN
2022-10-24T12:00:00Z,0.0,-27.875,311.375,NaN
2022-10-24T12:00:00Z,0.0,-27.875,311.625,20.25
2022-10-24T12:00:00Z,0.0,-27.625,311.125,NaN
2022-10-24T12:00:00Z,0.0,-27.625,311.375,NaN
2022-10-24T12:00:00Z,0.0,-27.625,311.625,20.25
2022-10-24T12:00:00Z,0.0,-27.375,311.125,NaN
2022-10-24T12:00:00Z,0.0,-27.375,311.375,NaN
2022-10-24T12:00:00Z,0.0,-27.375,311.625,20.289999
2022-10-25T12:00:00Z,0.0,-27.875,311.125,NaN
2022-10-25T12:00:00Z,0.0,-27.875,311.375,NaN
2022-10-25T12:00:00Z,0.0,-27.875,311.625,20.289999
2022-10-25T12:00:00Z,0.0,-27.625,311.125,NaN
2022-10-25T12:00:00Z,0.0,-27.625,311.375,NaN
2022-10-25T12:00:00Z,0.0,-27.625,311.625,20.289999
2022-10-25T12:00:00Z,0.0,-27.375,311.125,NaN
2022-10-25T12:00:00Z,0.0,-27.375,311.375,NaN
2022-10-25T12:00:00Z,0.0,-27.375,311.625,20.33
2022-10-26T12:00:00Z,0.0,-27.875,311.125,NaN
2022-10-26T12:00:00Z,0.0,-27.875,311.375,NaN
2022-10-26T12:00:00Z,0.0,-27.875,311.625,20.31
2022-10-26T12:00:00Z,0.0,-27.625,311.125,NaN
2022-10-26T12:00:00Z,0.0,-27.625,311.375,NaN
2022-10-26T12:00:00Z,0.0,-27.625,311.625,20.34
2022-10-26T12:00:00Z,0.0,-27.375,311.125,NaN
2022-10-26T12:00:00Z,0.0,-27.375,311.375,NaN
2022-10-26T12:00:00Z,0.0,-27.375,311.625,20.4
2022-10-27T12:00:00Z,0.0,-27.875,311.125,NaN
2022-10-27T12:00:00Z,0.0,-27.875,311.375,NaN
2022-10-27T12:00:00Z,0.0,-27.875,311.625,20.5
2022-10-27T12:00:00Z,0.0,-27.625,311.125,NaN
2022-10-27T12:00:00Z,0.0,-27.625,311.375,NaN
2022-10-27T12:00:00Z,0.0,-27.625,311.625,20.689999
2022-10-27T12:00:00Z,0.0,-27.375,311.125,NaN
2022-10-27T12:00:00Z,0.0,-27.375,311.375,NaN
2022-10-27T12:00:00Z,0.0,-27.375,311.625,20.779999
2022-10-28T12:00:00Z,0.0,-27.875,311.125,NaN
2022-10-28T12:00:00Z,0.0,-27.875,311.375,NaN
2022-10-28T12:00:00Z,0.0,-27.875,311.625,20.8
2022-10-28T12:00:00Z,0.0,-27.625,311.125,NaN
2022-10-28T12:00:00Z,0.0,-27.625,311.375,NaN
2022-10-28T12:00:00Z,0.0,-27.625,311.625,21.029999
2022-10-28T12:00:00Z,0.0,-27.375,311.125,NaN
2022-10-28T12:00:00Z,0.0,-27.375,311.375,NaN
2022-10-28T12:00:00Z,0.0,-27.375,311.625,21.189999
2022-10-29T12:00:00Z,0.0,-27.875,311.125,NaN
2022-10-29T12:00:00Z,0.0,-27.875,311.375,NaN
2022-10-29T12:00:00Z,0.0,-27.875,311.625,20.91
2022-10-29T12:00:00Z,0.0,-27.625,311.125,NaN
2022-10-29T12:00:00Z,0.0,-27.625,311.375,NaN
2022-10-29T12:00:00Z,0.0,-27.625,311.625,21.15
2022-10-29T12:00:00Z,0.0,-27.375,311.125,NaN
2022-10-29T12:00:00Z,0.0,-27.375,311.375,NaN
2022-10-29T12:00:00Z,0.0,-27.375,311.625,21.33
2022-10-30T12:00:00Z,0.0,-27.875,311.125,NaN
2022-10-30T12:00:00Z,0.0,-27.875,311.375,NaN
2022-10-30T12:00:00Z,0.0,-27.875,311.625,21.1
2022-10-30T12:00:00Z,0.0,-27.625,311.125,NaN
2022-10-30T12:00:00Z,0.0,-27.625,311.375,NaN
2022-10-30T12:00:00Z,0.0,-27.625,311.625,21.34
2022-10-30T12:00:00Z,0.0,-27.375,311.125,NaN
2022-10-30T12:00:00Z,0.0,-27.375,311.375,NaN
2022-10-30T12:00:00Z,0.0,-27.375,311.625,21.52
2022-10-31T12:00:00Z,0.0,-27.875,311.125,NaN
2022-10-31T12:00:00Z,0.0,-27.875,311.375,NaN
2022-10-31T12:00:00Z,0.0,-27.875,311.625,21.33
2022-10-31T12:00:00Z,0.0,-27.625,311.125,NaN
2022-10-31T12:00:00Z,0.0,-27.625,311.375,NaN
2022-10-31T12:00:00Z,0.0,-27.625,311.625,21.619999
2022-10-31T12:00:00Z,0.0,-27.375,311.125,NaN
2022-10-31T12:00:00Z,0.0,-27.375,311.375,NaN
2022-10-31T12:00:00Z,0.0,-27.375,311.625,21.84
2022-11-01T12:00:00Z,0.0,-27.875,311.125,NaN
2022-11-01T12:00:00Z,0.0,-27.875,311.375,NaN
2022-11-01T12:00:00Z,0.0,-27.875,311.625,21.23
2022-11-01T12:00:00Z,0.0,-27.625,311.125,NaN
2022-11-01T12:00:00Z,0.0,-27.625,311.375,NaN
2022-11-01T12:00:00Z,0.0,-27.625,311.625,21.63
2022-11-01T12:00:00Z,0.0,-27.375,311.125,NaN
2022-11-01T12:00:00Z,0.0,-27.375,311.375,NaN
2022-11-01T12:00:00Z,0.0,-27.375,311.625,21.949999
2022-11-02T12:00:00Z,0.0,-27.875,311.125,NaN
2022-11-02T12:00:00Z,0.0,-27.875,311.375,NaN
2022-11-02T12:00:00Z,0.0,-27.875,311.625,20.609999
2022-11-02T12:00:00Z,0.0,-27.625,311.125,NaN
2022-11-02T12:00:00Z,0.0,-27.625,311.375,NaN
2022-11-02T12:00:00Z,0.0,-27.625,311.625,20.85
2022-11-02T12:00:00Z,0.0,-27.375,311.125,NaN
2022-11-02T12:00:00Z,0.0,-27.375,311.375,NaN
2022-11-02T12:00:00Z,0.0,-27.375,311.625,20.93
2022-11-03T12:00:00Z,0.0,-27.875,311.125,NaN
2022-11-03T12:00:00Z,0.0,-27.875,311.375,NaN
2022-11-03T12:00:00Z,0.0,-27.875,311.625,20.38
2022-11-03T12:00:00Z,0.0,-27.625,311.125,NaN
2022-11-03T12:00:00Z,0.0,-27.625,311.375,NaN
2022-11-03T12:00:00Z,0.0,-27.625,311.625,20.539999
2022-11-03T12:00:00Z,0.0,-27.375,311.125,NaN
2022-11-03T12:00:00Z,0.0,-27.375,311.375,NaN
2022-11-03T12:00:00Z,0.0,-27.375,311.625,20.63
2022-11-04T12:00:00Z,0.0,-27.875,311.125,NaN
2022-11-04T12:00:00Z,0.0,-27.875,311.375,NaN
2022-11-04T12:00:00Z,0.0,-27.875,311.625,20.21
2022-11-04T12:00:00Z,0.0,-27.625,311.125,NaN
2022-11-04T12:00:00Z,0.0,-27.625,311.375,NaN
2022-11-04T12:00:00Z,0.0,-27.625,311.625,20.359999
2022-11-04T12:00:00Z,0.0,-27.375,311.125,NaN
2022-11-04T12:00:00Z,0.0,-27.375,311.375,NaN
2022-11-04T12:00:00Z,0.0,-27.375,311.625,20.439999
2022-11-05T12:00:00Z,0.0,-27.875,311.125,NaN
2022-11-05T12:00:00Z,0.0,-27.875,311.375,NaN
2022-11-05T12:00:00Z,0.0,-27.875,311.625,20.189999
2022-11-05T12:00:00Z,0.0,-27.625,311.125,NaN
2022-11-05T12:00:00Z,0.0,-27.625,311.375,NaN
2022-11-05T12:00:00Z,0.0,-27.625,311.625,20.359999
2022-11-05T12:00:00Z,0.0,-27.375,311.125,NaN
2022-11-05T12:00:00Z,0.0,-27.375,311.375,NaN
2022-11-05T12:00:00Z,0.0,-27.375,311.625,20.46
2022-11-06T12:00:00Z,0.0,-27.875,311.125,NaN
2022-11-06T12:00:00Z,0.0,-27.875,311.375,NaN
2022-11-06T12:00:00Z,0.0,-27.875,311.625,20.24
2022-11-06T12:00:00Z,0.0,-27.625,311.125,NaN
2022-11-06T12:00:00Z,0.0,-27.625,311.375,NaN
2022-11-06T12:00:00Z,0.0,-27.625,311.625,20.359999
2022-11-06T12:00:00Z,0.0,-27.375,311.125,NaN
2022-11-06T12:00:00Z,0.0,-27.375,311.375,NaN
2022-11-06T12:00:00Z,0.0,-27.375,311.625,20.43
2022-11-07T12:00:00Z,0.0,-27.875,311.125,NaN
2022-11-07T12:00:00Z,0.0,-27.875,311.375,NaN
2022-11-07T12:00:00Z,0.0,-27.875,311.625,20.32
2022-11-07T12:00:00Z,0.0,-27.625,311.125,NaN
2022-11-07T12:00:00Z,0.0,-27.625,311.375,NaN
2022-11-07T12:00:00Z,0.0,-27.625,311.625,20.4
2022-11-07T12:00:00Z,0.0,-27.375,311.125,NaN
2022-11-07T12:00:00Z,0.0,-27.375,311.375,NaN
2022-11-07T12:00:00Z,0.0,-27.375,311.625,20.439999
2022-11-08T12:00:00Z,0.0,-27.875,311.125,NaN
2022-11-08T12:00:00Z,0.0,-27.875,311.375,NaN
2022-11-08T12:00:00Z,0.0,-27.875,311.625,20.55
2022-11-08T12:00:00Z,0.0,-27.625,311.125,NaN
2022-11-08T12:00:00Z,0.0,-27.625,311.375,NaN
2022-11-08T12:00:00Z,0.0,-27.625,311.625,20.609999
2022-11-08T12:00:00Z,0.0,-27.375,311.125,NaN
2022-11-08T12:00:00Z,0.0,-27.375,311.375,NaN
2022-11-08T12:00:00Z,0.0,-27.375,311.625,20.64
2022-11-09T12:00:00Z,0.0,-27.875,311.125,NaN
2022-11-09T12:00:00Z,0.0,-27.875,311.375,NaN
2022-11-09T12:00:00Z,0.0,-27.875,311.625,20.71
2022-11-09T12:00:00Z,0.0,-27.625,311.125,NaN
2022-11-09T12:00:00Z,0.0,-27.625,311.375,NaN
2022-11-09T12:00:00Z,0.0,-27.625,311.625,20.779999
2022-11-09T12:00:00Z,0.0,-27.375,311.125,NaN
2022-11-09T12:00:00Z,0.0,-27.375,311.375,NaN
2022-11-09T12:00:00Z,0.0,-27.375,311.625,20.859999
2022-11-10T12:00:00Z,0.0,-27.875,311.125,NaN
2022-11-10T12:00:00Z,0.0,-27.875,311.375,NaN
2022-11-10T12:00:00Z,0.0,-27.875,311.625,20.84
2022-11-10T12:00:00Z,0.0,-27.625,311.125,NaN
2022-11-10T12:00:00Z,0.0,-27.625,311.375,NaN
2022-11-10T12:00:00Z,0.0,-27.625,311.625,20.92
2022-11-10T12:00:00Z,0.0,-27.375,311.125,NaN
2022-11-10T12:00:00Z,0.0,-27.375,311.375,NaN
2022-11-10T12:00:00Z,0.0,-27.375,311.625,21.02
2022-11-11T12:00:00Z,0.0,-27.875,311.125,NaN
2022-11-11T12:00:00Z,0.0,-27.875,311.375,NaN
2022-11-11T12:00:00Z,0.0,-27.875,311.625,20.91
2022-11-11T12:00:00Z,0.0,-27.625,311.125,NaN
2022-11-11T12:00:00Z,0.0,-27.625,311.375,NaN
2022-11-11T12:00:00Z,0.0,-27.625,311.625,21.01
2022-11-11T12:00:00Z,0.0,-27.375,311.125,NaN
2022-11-11T12:00:00Z,0.0,-27.375,311.375,NaN
2022-11-11T12:00:00Z,0.0,-27.375,311.625,21.109999
2022-11-12T12:00:00Z,0.0,-27.875,311.125,NaN
2022-11-12T12:00:00Z,0.0,-27.875,311.375,NaN
2022-11-12T12:00:00Z,0.0,-27.875,311.625,21.189999
2022-11-12T12:00:00Z,0.0,-27.625,311.125,NaN
2022-11-12T12:00:00Z,0.0,-27.625,311.375,NaN
2022-11-12T12:00:00Z,0.0,-27.625,311.625,21.34
2022-11-12T12:00:00Z,0.0,-27.375,311.125,NaN
2022-11-12T12:00:00Z,0.0,-27.375,311.375,NaN
2022-11-12T12:00:00Z,0.0,-27.375,311.625,21.47
2022-11-13T12:00:00Z,0.0,-27.875,311.125,NaN
2022-11-13T12:00:00Z,0.0,-27.875,311.375,NaN
2022-11-13T12:00:00Z,0.0,-27.875,311.625,21.369999
2022-11-13T12:00:00Z,0.0,-27.625,311.125,NaN
2022-11-13T12:00:00Z,0.0,-27.625,311.375,NaN
2022-11-13T12:00:00Z,0.0,-27.625,311.625,21.5
2022-11-13T12:00:00Z,0.0,-27.375,311.125,NaN
2022-11-13T12:00:00Z,0.0,-27.375,311.375,NaN
2022-11-13T12:00:00Z,0.0,-27.375,311.625,21.57
2022-11-14T12:00:00Z,0.0,-27.875,311.125,NaN
2022-11-14T12:00:00Z,0.0,-27.875,311.375,NaN
2022-11-14T12:00:00Z,0.0,-27.875,311.625,21.949999
2022-11-14T12:00:00Z,0.0,-27.625,311.125,NaN
2022-11-14T12:00:00Z,0.0,-27.625,311.375,NaN
2022-11-14T12:00:00Z,0.0,-27.625,311.625,22.09
2022-11-14T12:00:00Z,0.0,-27.375,311.125,NaN
2022-11-14T12:00:00Z,0.0,-27.375,311.375,NaN
2022-11-14T12:00:00Z,0.0,-27.375,311.625,22.16
2022-11-15T12:00:00Z,0.0,-27.875,311.125,NaN
2022-11-15T12:00:00Z,0.0,-27.875,311.375,NaN
2022-11-15T12:00:00Z,0.0,-27.875,311.625,22.32
2022-11-15T12:00:00Z,0.0,-27.625,311.125,NaN
2022-11-15T12:00:00Z,0.0,-27.625,311.375,NaN
2022-11-15T12:00:00Z,0.0,-27.625,311.625,22.48
2022-11-15T12:00:00Z,0.0,-27.375,311.125,NaN
2022-11-15T12:00:00Z,0.0,-27.375,311.375,NaN
2022-11-15T12:00:00Z,0.0,-27.375,311.625,22.58
2022-11-16T12:00:00Z,0.0,-27.875,311.125,NaN
2022-11-16T12:00:00Z,0.0,-27.875,311.375,NaN
2022-11-16T12:00:00Z,0.0,-27.875,311.625,22.5
2022-11-16T12:00:00Z,0.0,-27.625,311.125,NaN
2022-11-16T12:00:00Z,0.0,-27.625,311.375,NaN
2022-11-16T12:00:00Z,0.0,-27.625,311.625,22.66
2022-11-16T12:00:00Z,0.0,-27.375,311.125,NaN
2022-11-16T12:00:00Z,0.0,-27.375,311.375,NaN
2022-11-16T12:00:00Z,0.0,-27.375,311.625,22.769999
2022-11-17T12:00:00Z,0.0,-27.875,311.125,NaN
2022-11-17T12:00:00Z,0.0,-27.875,311.375,NaN
2022-11-17T12:00:00Z,0.0,-27.875,311.625,22.689999
2022-11-17T12:00:00Z,0.0,-27.625,311.125,NaN
2022-11-17T12:00:00Z,0.0,-27.625,311.375,NaN
2022-11-17T12:00:00Z,0.0,-27.625,311.625,22.82
2022-11-17T12:00:00Z,0.0,-27.375,311.125,NaN
2022-11-17T12:00:00Z,0.0,-27.375,311.375,NaN
2022-11-17T12:00:00Z,0.0,-27.375,311.625,22.93
2022-11-18T12:00:00Z,0.0,-27.875,311.125,NaN
2022-11-18T12:00:00Z,0.0,-27.875,311.375,NaN
2022-11-18T12:00:00Z,0.0,-27.875,311.625,22.72
2022-11-18T12:00:00Z,0.0,-27.625,311.125,NaN
2022-11-18T12:00:00Z,0.0,-27.625,311.375,NaN
2022-11-18T12:00:00Z,0.0,-27.625,311.625,22.859999
2022-11-18T12:00:00Z,0.0,-27.375,311.125,NaN
2022-11-18T12:00:00Z,0.0,-27.375,311.375,NaN
2022-11-18T12:00:00Z,0.0,-27.375,311.625,22.96
2022-11-19T12:00:00Z,0.0,-27.875,311.125,NaN
2022-11-19T12:00:00Z,0.0,-27.875,311.375,NaN
2022-11-19T12:00:00Z,0.0,-27.875,311.625,22.71
2022-11-19T12:00:00Z,0.0,-27.625,311.125,NaN
2022-11-19T12:00:00Z,0.0,-27.625,311.375,NaN
2022-11-19T12:00:00Z,0.0,-27.625,311.625,22.859999
2022-11-19T12:00:00Z,0.0,-27.375,311.125,NaN
2022-11-19T12:00:00Z,0.0,-27.375,311.375,NaN
2022-11-19T12:00:00Z,0.0,-27.375,311.625,22.98
2022-11-20T12:00:00Z,0.0,-27.875,311.125,NaN
2022-11-20T12:00:00Z,0.0,-27.875,311.375,NaN
2022-11-20T12:00:00Z,0.0,-27.875,311.625,22.74
2022-11-20T12:00:00Z,0.0,-27.625,311.125,NaN
2022-11-20T12:00:00Z,0.0,-27.625,311.375,NaN
2022-11-20T12:00:00Z,0.0,-27.625,311.625,22.91
2022-11-20T12:00:00Z,0.0,-27.375,311.125,NaN
2022-11-20T12:00:00Z,0.0,-27.375,311.375,NaN
2022-11-20T12:00:00Z,0.0,-27.375,311.625,23.05
2022-11-21T12:00:00Z,0.0,-27.875,311.125,NaN
2022-11-21T12:00:00Z,0.0,-27.875,311.375,NaN
2022-11-21T12:00:00Z,0.0,-27.875,311.625,22.82
2022-11-21T12:00:00Z,0.0,-27.625,311.125,NaN
2022-11-21T12:00:00Z,0.0,-27.625,311.375,NaN
2022-11-21T12:00:00Z,0.0,-27.625,311.625,23.01
2022-11-21T12:00:00Z,0.0,-27.375,311.125,NaN
2022-11-21T12:00:00Z,0.0,-27.375,311.375,NaN
2022-11-21T12:00:00Z,0.0,-27.375,311.625,23.17
2022-11-22T12:00:00Z,0.0,-27.875,311.125,NaN
2022-11-22T12:00:00Z,0.0,-27.875,311.375,NaN
2022-11-22T12:00:00Z,0.0,-27.875,311.625,22.63
2022-11-22T12:00:00Z,0.0,-27.625,311.125,NaN
2022-11-22T12:00:00Z,0.0,-27.625,311.375,NaN
2022-11-22T12:00:00Z,0.0,-27.625,311.625,22.93
2022-11-22T12:00:00Z,0.0,-27.375,311.125,NaN
2022-11-22T12:00:00Z,0.0,-27.375,311.375,NaN
2022-11-22T12:00:00Z,0.0,-27.375,311.625,23.25
2022-11-23T12:00:00Z,0.0,-27.875,311.125,NaN
2022-11-23T12:00:00Z,0.0,-27.875,311.375,NaN
2022-11-23T12:00:00Z,0.0,-27.875,311.625,22.83
2022-11-23T12:00:00Z,0.0,-27.625,311.125,NaN
2022-11-23T12:00:00Z,0.0,-27.625,311.375,NaN
2022-11-23T12:00:00Z,0.0,-27.625,311.625,23.01
2022-11-23T12:00:00Z,0.0,-27.375,311.125,NaN
2022-11-23T12:00:00Z,0.0,-27.375,311.375,NaN
2022-11-23T12:00:00Z,0.0,-27.375,311.625,23.21
2022-11-24T12:00:00Z,0.0,-27.875,311.125,NaN
2022-11-24T12:00:00Z,0.0,-27.875,311.375,NaN
2022-11-24T12:00:00Z,0.0,-27.875,311.625,22.939999
2022-11-24T12:00:00Z,0.0,-27.625,311.125,NaN
2022-11-24T12:00:00Z,0.0,-27.625,311.375,NaN
2022-11-24T12:00:00Z,0.0,-27.625,311.625,23.06
2022-11-24T12:00:00Z,0.0,-27.375,311.125,NaN
2022-11-24T12:00:00Z,0.0,-27.375,311.375,NaN
2022-11-24T12:00:00Z,0.0,-27.375,311.625,23.189999
2022-11-25T12:00:00Z,0.0,-27.875,311.125,NaN
2022-11-25T12:00:00Z,0.0,-27.875,311.375,NaN
2022-11-25T12:00:00Z,0.0,-27.875,311.625,22.97
2022-11-25T12:00:00Z,0.0,-27.625,311.125,NaN
2022-11-25T12:00:00Z,0.0,-27.625,311.375,NaN
2022-11-25T12:00:00Z,0.0,-27.625,311.625,23.09
2022-11-25T12:00:00Z,0.0,-27.375,311.125,NaN
2022-11-25T12:00:00Z,0.0,-27.375,311.375,NaN
2022-11-25T12:00:00Z,0.0,-27.375,311.625,23.21
2022-11-26T12:00:00Z,0.0,-27.875,311.125,NaN
2022-11-26T12:00:00Z,0.0,-27.875,311.375,NaN
2022-11-26T12:00:00Z,0.0,-27.875,311.625,23.039999
2022-11-26T12:00:00Z,0.0,-27.625,311.125,NaN
2022-11-26T12:00:00Z,0.0,-27.625,311.375,NaN
2022-11-26T12:00:00Z,0.0,-27.625,311.625,23.109999
2022-11-26T12:00:00Z,0.0,-27.375,311.125,NaN
2022-11-26T12:00:00Z,0.0,-27.375,311.375,NaN
2022-11-26T12:00:00Z,0.0,-27.375,311.625,23.24
2022-11-27T12:00:00Z,0.0,-27.875,311.125,NaN
2022-11-27T12:00:00Z,0.0,-27.875,311.375,NaN
2022-11-27T12:00:00Z,0.0,-27.875,311.625,22.99
2022-11-27T12:00:00Z,0.0,-27.625,311.125,NaN
2022-11-27T12:00:00Z,0.0,-27.625,311.375,NaN
2022-11-27T12:00:00Z,0.0,-27.625,311.625,23.06
2022-11-27T12:00:00Z,0.0,-27.375,311.125,NaN
2022-11-27T12:00:00Z,0.0,-27.375,311.375,NaN
2022-11-27T12:00:00Z,0.0,-27.375,311.625,23.16
2022-11-28T12:00:00Z,0.0,-27.875,311.125,NaN
2022-11-28T12:00:00Z,0.0,-27.875,311.375,NaN
2022-11-28T12:00:00Z,0.0,-27.875,311.625,22.96
2022-11-28T12:00:00Z,0.0,-27.625,311.125,NaN
2022-11-28T12:00:00Z,0.0,-27.625,311.375,NaN
2022-11-28T12:00:00Z,0.0,-27.625,311.625,23.039999
2022-11-28T12:00:00Z,0.0,-27.375,311.125,NaN
2022-11-28T12:00:00Z,0.0,-27.375,311.375,NaN
2022-11-28T12:00:00Z,0.0,-27.375,311.625,23.17
2022-11-29T12:00:00Z,0.0,-27.875,311.125,NaN
2022-11-29T12:00:00Z,0.0,-27.875,311.375,NaN
2022-11-29T12:00:00Z,0.0,-27.875,311.625,23.0
2022-11-29T12:00:00Z,0.0,-27.625,311.125,NaN
2022-11-29T12:00:00Z,0.0,-27.625,311.375,NaN
2022-11-29T12:00:00Z,0.0,-27.625,311.625,23.109999
2022-11-29T12:00:00Z,0.0,-27.375,311.125,NaN
2022-11-29T12:00:00Z,0.0,-27.375,311.375,NaN
2022-11-29T12:00:00Z,0.0,-27.375,311.625,23.279999
2022-11-30T12:00:00Z,0.0,-27.875,311.125,NaN
2022-11-30T12:00:00Z,0.0,-27.875,311.375,NaN
2022-11-30T12:00:00Z,0.0,-27.875,311.625,23.22
2022-11-30T12:00:00Z,0.0,-27.625,311.125,NaN
2022-11-30T12:00:00Z,0.0,-27.625,311.375,NaN
2022-11-30T12:00:00Z,0.0,-27.625,311.625,23.4
2022-11-30T12:00:00Z,0.0,-27.375,311.125,NaN
2022-11-30T12:00:00Z,0.0,-27.375,311.375,NaN
2022-11-30T12:00:00Z,0.0,-27.375,311.625,23.539999
2022-12-01T12:00:00Z,0.0,-27.875,311.125,NaN
2022-12-01T12:00:00Z,0.0,-27.875,311.375,NaN
2022-12-01T12:00:00Z,0.0,-27.875,311.625,23.5
2022-12-01T12:00:00Z,0.0,-27.625,311.125,NaN
2022-12-01T12:00:00Z,0.0,-27.625,311.375,NaN
2022-12-01T12:00:00Z,0.0,-27.625,311.625,23.72
2022-12-01T12:00:00Z,0.0,-27.375,311.125,NaN
2022-12-01T12:00:00Z,0.0,-27.375,311.375,NaN
2022-12-01T12:00:00Z,0.0,-27.375,311.625,23.89
2022-12-02T12:00:00Z,0.0,-27.875,311.125,NaN
2022-12-02T12:00:00Z,0.0,-27.875,311.375,NaN
2022-12-02T12:00:00Z,0.0,-27.875,311.625,23.67
2022-12-02T12:00:00Z,0.0,-27.625,311.125,NaN
2022-12-02T12:00:00Z,0.0,-27.625,311.375,NaN
2022-12-02T12:00:00Z,0.0,-27.625,311.625,23.939999
2022-12-02T12:00:00Z,0.0,-27.375,311.125,NaN
2022-12-02T12:00:00Z,0.0,-27.375,311.375,NaN
2022-12-02T12:00:00Z,0.0,-27.375,311.625,24.14
2022-12-03T12:00:00Z,0.0,-27.875,311.125,NaN
2022-12-03T12:00:00Z,0.0,-27.875,311.375,NaN
2022-12-03T12:00:00Z,0.0,-27.875,311.625,23.75
2022-12-03T12:00:00Z,0.0,-27.625,311.125,NaN
2022-12-03T12:00:00Z,0.0,-27.625,311.375,NaN
2022-12-03T12:00:00Z,0.0,-27.625,311.625,24.0
2022-12-03T12:00:00Z,0.0,-27.375,311.125,NaN
2022-12-03T12:00:00Z,0.0,-27.375,311.375,NaN
2022-12-03T12:00:00Z,0.0,-27.375,311.625,24.189999
2022-12-04T12:00:00Z,0.0,-27.875,311.125,NaN
2022-12-04T12:00:00Z,0.0,-27.875,311.375,NaN
2022-12-04T12:00:00Z,0.0,-27.875,311.625,23.88
2022-12-04T12:00:00Z,0.0,-27.625,311.125,NaN
2022-12-04T12:00:00Z,0.0,-27.625,311.375,NaN
2022-12-04T12:00:00Z,0.0,-27.625,311.625,24.22
2022-12-04T12:00:00Z,0.0,-27.375,311.125,NaN
2022-12-04T12:00:00Z,0.0,-27.375,311.375,NaN
2022-12-04T12:00:00Z,0.0,-27.375,311.625,24.47
2022-12-05T12:00:00Z,0.0,-27.875,311.125,NaN
2022-12-05T12:00:00Z,0.0,-27.875,311.375,NaN
2022-12-05T12:00:00Z,0.0,-27.875,311.625,24.119999
2022-12-05T12:00:00Z,0.0,-27.625,311.125,NaN
2022-12-05T12:00:00Z,0.0,-27.625,311.375,NaN
2022-12-05T12:00:00Z,0.0,-27.625,311.625,24.41
2022-12-05T12:00:00Z,0.0,-27.375,311.125,NaN
2022-12-05T12:00:00Z,0.0,-27.375,311.375,NaN
2022-12-05T12:00:00Z,0.0,-27.375,311.625,24.6
2022-12-06T12:00:00Z,0.0,-27.875,311.125,NaN
2022-12-06T12:00:00Z,0.0,-27.875,311.375,NaN
2022-12-06T12:00:00Z,0.0,-27.875,311.625,24.21
2022-12-06T12:00:00Z,0.0,-27.625,311.125,NaN
2022-12-06T12:00:00Z,0.0,-27.625,311.375,NaN
2022-12-06T12:00:00Z,0.0,-27.625,311.625,24.42
2022-12-06T12:00:00Z,0.0,-27.375,311.125,NaN
2022-12-06T12:00:00Z,0.0,-27.375,311.375,NaN
2022-12-06T12:00:00Z,0.0,-27.375,311.625,24.56
2022-12-07T12:00:00Z,0.0,-27.875,311.125,NaN
2022-12-07T12:00:00Z,0.0,-27.875,311.375,NaN
2022-12-07T12:00:00Z,0.0,-27.875,311.625,24.46
2022-12-07T12:00:00Z,0.0,-27.625,311.125,NaN
2022-12-07T12:00:00Z,0.0,-27.625,311.375,NaN
2022-12-07T12:00:00Z,0.0,-27.625,311.625,24.689999
2022-12-07T12:00:00Z,0.0,-27.375,311.125,NaN
2022-12-07T12:00:00Z,0.0,-27.375,311.375,NaN
2022-12-07T12:00:00Z,0.0,-27.375,311.625,24.8
2022-12-08T12:00:00Z,0.0,-27.875,311.125,NaN
2022-12-08T12:00:00Z,0.0,-27.875,311.375,NaN
2022-12-08T12:00:00Z,0.0,-27.875,311.625,24.99
2022-12-08T12:00:00Z,0.0,-27.625,311.125,NaN
2022-12-08T12:00:00Z,0.0,-27.625,311.375,NaN
2022-12-08T12:00:00Z,0.0,-27.625,311.625,25.17
2022-12-08T12:00:00Z,0.0,-27.375,311.125,NaN
2022-12-08T12:00:00Z,0.0,-27.375,311.375,NaN
2022-12-08T12:00:00Z,0.0,-27.375,311.625,25.22
2022-12-09T12:00:00Z,0.0,-27.875,311.125,NaN
2022-12-09T12:00:00Z,0.0,-27.875,311.375,NaN
2022-12-09T12:00:00Z,0.0,-27.875,311.625,25.24
2022-12-09T12:00:00Z,0.0,-27.625,311.125,NaN
2022-12-09T12:00:00Z,0.0,-27.625,311.375,NaN
2022-12-09T12:00:00Z,0.0,-27.625,311.625,25.43
2022-12-09T12:00:00Z,0.0,-27.375,311.125,NaN
2022-12-09T12:00:00Z,0.0,-27.375,311.375,NaN
2022-12-09T12:00:00Z,0.0,-27.375,311.625,25.49
2022-12-10T12:00:00Z,0.0,-27.875,311.125,NaN
2022-12-10T12:00:00Z,0.0,-27.875,311.375,NaN
2022-12-10T12:00:00Z,0.0,-27.875,311.625,25.369999
2022-12-10T12:00:00Z,0.0,-27.625,311.125,NaN
2022-12-10T12:00:00Z,0.0,-27.625,311.375,NaN
2022-12-10T12:00:00Z,0.0,-27.625,311.625,25.55
2022-12-10T12:00:00Z,0.0,-27.375,311.125,NaN
2022-12-10T12:00:00Z,0.0,-27.375,311.375,NaN
2022-12-10T12:00:00Z,0.0,-27.375,311.625,25.619999
2022-12-11T12:00:00Z,0.0,-27.875,311.125,NaN
2022-12-11T12:00:00Z,0.0,-27.875,311.375,NaN
2022-12-11T12:00:00Z,0.0,-27.875,311.625,25.369999
2022-12-11T12:00:00Z,0.0,-27.625,311.125,NaN
2022-12-11T12:00:00Z,0.0,-27.625,311.375,NaN
2022-12-11T12:00:00Z,0.0,-27.625,311.625,25.59
2022-12-11T12:00:00Z,0.0,-27.375,311.125,NaN
2022-12-11T12:00:00Z,0.0,-27.375,311.375,NaN
2022-12-11T12:00:00Z,0.0,-27.375,311.625,25.75
2022-12-12T12:00:00Z,0.0,-27.875,311.125,NaN
2022-12-12T12:00:00Z,0.0,-27.875,311.375,NaN
2022-12-12T12:00:00Z,0.0,-27.875,311.625,25.56
2022-12-12T12:00:00Z,0.0,-27.625,311.125,NaN
2022-12-12T12:00:00Z,0.0,-27.625,311.375,NaN
2022-12-12T12:00:00Z,0.0,-27.625,311.625,25.76
2022-12-12T12:00:00Z,0.0,-27.375,311.125,NaN
2022-12-12T12:00:00Z,0.0,-27.375,311.375,NaN
2022-12-12T12:00:00Z,0.0,-27.375,311.625,25.91
2022-12-13T12:00:00Z,0.0,-27.875,311.125,NaN
2022-12-13T12:00:00Z,0.0,-27.875,311.375,NaN
2022-12-13T12:00:00Z,0.0,-27.875,311.625,25.24
2022-12-13T12:00:00Z,0.0,-27.625,311.125,NaN
2022-12-13T12:00:00Z,0.0,-27.625,311.375,NaN
2022-12-13T12:00:00Z,0.0,-27.625,311.625,25.35
2022-12-13T12:00:00Z,0.0,-27.375,311.125,NaN
2022-12-13T12:00:00Z,0.0,-27.375,311.375,NaN
2022-12-13T12:00:00Z,0.0,-27.375,311.625,25.369999
2022-12-14T12:00:00Z,0.0,-27.875,311.125,NaN
2022-12-14T12:00:00Z,0.0,-27.875,311.375,NaN
2022-12-14T12:00:00Z,0.0,-27.875,311.625,25.06
2022-12-14T12:00:00Z,0.0,-27.625,311.125,NaN
2022-12-14T12:00:00Z,0.0,-27.625,311.375,NaN
2022-12-14T12:00:00Z,0.0,-27.625,311.625,25.17
2022-12-14T12:00:00Z,0.0,-27.375,311.125,NaN
2022-12-14T12:00:00Z,0.0,-27.375,311.375,NaN
2022-12-14T12:00:00Z,0.0,-27.375,311.625,25.189999
2022-12-15T12:00:00Z,0.0,-27.875,311.125,NaN
2022-12-15T12:00:00Z,0.0,-27.875,311.375,NaN
2022-12-15T12:00:00Z,0.0,-27.875,311.625,24.779999
2022-12-15T12:00:00Z,0.0,-27.625,311.125,NaN
2022-12-15T12:00:00Z,0.0,-27.625,311.375,NaN
2022-12-15T12:00:00Z,0.0,-27.625,311.625,24.96
2022-12-15T12:00:00Z,0.0,-27.375,311.125,NaN
2022-12-15T12:00:00Z,0.0,-27.375,311.375,NaN
2022-12-15T12:00:00Z,0.0,-27.375,311.625,25.05
2022-12-16T12:00:00Z,0.0,-27.875,311.125,NaN
2022-12-16T12:00:00Z,0.0,-27.875,311.375,NaN
2022-12-16T12:00:00Z,0.0,-27.875,311.625,24.71
2022-12-16T12:00:00Z,0.0,-27.625,311.125,NaN
2022-12-16T12:00:00Z,0.0,-27.625,311.375,NaN
2022-12-16T12:00:00Z,0.0,-27.625,311.625,24.91
2022-12-16T12:00:00Z,0.0,-27.375,311.125,NaN
2022-12-16T12:00:00Z,0.0,-27.375,311.375,NaN
2022-12-16T12:00:00Z,0.0,-27.375,311.625,25.019999
2022-12-17T12:00:00Z,0.0,-27.875,311.125,NaN
2022-12-17T12:00:00Z,0.0,-27.875,311.375,NaN
2022-12-17T12:00:00Z,0.0,-27.875,311.625,24.58
2022-12-17T12:00:00Z,0.0,-27.625,311.125,NaN
2022-12-17T12:00:00Z,0.0,-27.625,311.375,NaN
2022-12-17T12:00:00Z,0.0,-27.625,311.625,24.769999
2022-12-17T12:00:00Z,0.0,-27.375,311.125,NaN
2022-12-17T12:00:00Z,0.0,-27.375,311.375,NaN
2022-12-17T12:00:00Z,0.0,-27.375,311.625,24.89
2022-12-18T12:00:00Z,0.0,-27.875,311.125,NaN
2022-12-18T12:00:00Z,0.0,-27.875,311.375,NaN
2022-12-18T12:00:00Z,0.0,-27.875,311.625,24.49
2022-12-18T12:00:00Z,0.0,-27.625,311.125,NaN
2022-12-18T12:00:00Z,0.0,-27.625,311.375,NaN
2022-12-18T12:00:00Z,0.0,-27.625,311.625,24.67
2022-12-18T12:00:00Z,0.0,-27.375,311.125,NaN
2022-12-18T12:00:00Z,0.0,-27.375,311.375,NaN
2022-12-18T12:00:00Z,0.0,-27.375,311.625,24.789999
2022-12-19T12:00:00Z,0.0,-27.875,311.125,NaN
2022-12-19T12:00:00Z,0.0,-27.875,311.375,NaN
2022-12-19T12:00:00Z,0.0,-27.875,311.625,24.41
2022-12-19T12:00:00Z,0.0,-27.625,311.125,NaN
2022-12-19T12:00:00Z,0.0,-27.625,311.375,NaN
2022-12-19T12:00:00Z,0.0,-27.625,311.625,24.6
2022-12-19T12:00:00Z,0.0,-27.375,311.125,NaN
2022-12-19T12:00:00Z,0.0,-27.375,311.375,NaN
2022-12-19T12:00:00Z,0.0,-27.375,311.625,24.699999
2022-12-20T12:00:00Z,0.0,-27.875,311.125,NaN
2022-12-20T12:00:00Z,0.0,-27.875,311.375,NaN
2022-12-20T12:00:00Z,0.0,-27.875,311.625,24.09
2022-12-20T12:00:00Z,0.0,-27.625,311.125,NaN
2022-12-20T12:00:00Z,0.0,-27.625,311.375,NaN
2022-12-20T12:00:00Z,0.0,-27.625,311.625,24.3
2022-12-20T12:00:00Z,0.0,-27.375,311.125,NaN
2022-12-20T12:00:00Z,0.0,-27.375,311.375,NaN
2022-12-20T12:00:00Z,0.0,-27.375,311.625,24.449999
2022-12-21T12:00:00Z,0.0,-27.875,311.125,NaN
2022-12-21T12:00:00Z,0.0,-27.875,311.375,NaN
2022-12-21T12:00:00Z,0.0,-27.875,311.625,24.09
2022-12-21T12:00:00Z,0.0,-27.625,311.125,NaN
2022-12-21T12:00:00Z,0.0,-27.625,311.375,NaN
2022-12-21T12:00:00Z,0.0,-27.625,311.625,24.279999
2022-12-21T12:00:00Z,0.0,-27.375,311.125,NaN
2022-12-21T12:00:00Z,0.0,-27.375,311.375,NaN
2022-12-21T12:00:00Z,0.0,-27.375,311.625,24.41
2022-12-22T12:00:00Z,0.0,-27.875,311.125,NaN
2022-12-22T12:00:00Z,0.0,-27.875,311.375,NaN
2022-12-22T12:00:00Z,0.0,-27.875,311.625,24.019999
2022-12-22T12:00:00Z,0.0,-27.625,311.125,NaN
2022-12-22T12:00:00Z,0.0,-27.625,311.375,NaN
2022-12-22T12:00:00Z,0.0,-27.625,311.625,24.17
2022-12-22T12:00:00Z,0.0,-27.375,311.125,NaN
2022-12-22T12:00:00Z,0.0,-27.375,311.375,NaN
2022-12-22T12:00:00Z,0.0,-27.375,311.625,24.26
2022-12-23T12:00:00Z,0.0,-27.875,311.125,NaN
2022-12-23T12:00:00Z,0.0,-27.875,311.375,NaN
2022-12-23T12:00:00Z,0.0,-27.875,311.625,23.96
2022-12-23T12:00:00Z,0.0,-27.625,311.125,NaN
2022-12-23T12:00:00Z,0.0,-27.625,311.375,NaN
2022-12-23T12:00:00Z,0.0,-27.625,311.625,24.109999
2022-12-23T12:00:00Z,0.0,-27.375,311.125,NaN
2022-12-23T12:00:00Z,0.0,-27.375,311.375,NaN
2022-12-23T12:00:00Z,0.0,-27.375,311.625,24.23
2022-12-24T12:00:00Z,0.0,-27.875,311.125,NaN
2022-12-24T12:00:00Z,0.0,-27.875,311.375,NaN
2022-12-24T12:00:00Z,0.0,-27.875,311.625,24.05
2022-12-24T12:00:00Z,0.0,-27.625,311.125,NaN
2022-12-24T12:00:00Z,0.0,-27.625,311.375,NaN
2022-12-24T12:00:00Z,0.0,-27.625,311.625,24.199999
2022-12-24T12:00:00Z,0.0,-27.375,311.125,NaN
2022-12-24T12:00:00Z,0.0,-27.375,311.375,NaN
2022-12-24T12:00:00Z,0.0,-27.375,311.625,24.3
2022-12-25T12:00:00Z,0.0,-27.875,311.125,NaN
2022-12-25T12:00:00Z,0.0,-27.875,311.375,NaN
2022-12-25T12:00:00Z,0.0,-27.875,311.625,24.17
2022-12-25T12:00:00Z,0.0,-27.625,311.125,NaN
2022-12-25T12:00:00Z,0.0,-27.625,311.375,NaN
2022-12-25T12:00:00Z,0.0,-27.625,311.625,24.32
2022-12-25T12:00:00Z,0.0,-27.375,311.125,NaN
2022-12-25T12:00:00Z,0.0,-27.375,311.375,NaN
2022-12-25T12:00:00Z,0.0,-27.375,311.625,24.42
2022-12-26T12:00:00Z,0.0,-27.875,311.125,NaN
2022-12-26T12:00:00Z,0.0,-27.875,311.375,NaN
2022-12-26T12:00:00Z,0.0,-27.875,311.625,24.279999
2022-12-26T12:00:00Z,0.0,-27.625,311.125,NaN
2022-12-26T12:00:00Z,0.0,-27.625,311.375,NaN
2022-12-26T12:00:00Z,0.0,-27.625,311.625,24.519999
2022-12-26T12:00:00Z,0.0,-27.375,311.125,NaN
2022-12-26T12:00:00Z,0.0,-27.375,311.375,NaN
2022-12-26T12:00:00Z,0.0,-27.375,311.625,24.689999
2022-12-27T12:00:00Z,0.0,-27.875,311.125,NaN
2022-12-27T12:00:00Z,0.0,-27.875,311.375,NaN
2022-12-27T12:00:00Z,0.0,-27.875,311.625,24.43
2022-12-27T12:00:00Z,0.0,-27.625,311.125,NaN
2022-12-27T12:00:00Z,0.0,-27.625,311.375,NaN
2022-12-27T12:00:00Z,0.0,-27.625,311.625,24.58
2022-12-27T12:00:00Z,0.0,-27.375,311.125,NaN
2022-12-27T12:00:00Z,0.0,-27.375,311.375,NaN
2022-12-27T12:00:00Z,0.0,-27.375,311.625,24.699999
2022-12-28T12:00:00Z,0.0,-27.875,311.125,NaN
2022-12-28T12:00:00Z,0.0,-27.875,311.375,NaN
2022-12-28T12:00:00Z,0.0,-27.875,311.625,24.39
2022-12-28T12:00:00Z,0.0,-27.625,311.125,NaN
2022-12-28T12:00:00Z,0.0,-27.625,311.375,NaN
2022-12-28T12:00:00Z,0.0,-27.625,311.625,24.59
2022-12-28T12:00:00Z,0.0,-27.375,311.125,NaN
2022-12-28T12:00:00Z,0.0,-27.375,311.375,NaN
2022-12-28T12:00:00Z,0.0,-27.375,311.625,24.76
2022-12-29T12:00:00Z,0.0,-27.875,311.125,NaN
2022-12-29T12:00:00Z,0.0,-27.875,311.375,NaN
2022-12-29T12:00:00Z,0.0,-27.875,311.625,24.25
2022-12-29T12:00:00Z,0.0,-27.625,311.125,NaN
2022-12-29T12:00:00Z,0.0,-27.625,311.375,NaN
2022-12-29T12:00:00Z,0.0,-27.625,311.625,24.58
2022-12-29T12:00:00Z,0.0,-27.375,311.125,NaN
2022-12-29T12:00:00Z,0.0,-27.375,311.375,NaN
2022-12-29T12:00:00Z,0.0,-27.375,311.625,24.8
2022-12-30T12:00:00Z,0.0,-27.875,311.125,NaN
2022-12-30T12:00:00Z,0.0,-27.875,311.375,NaN
2022-12-30T12:00:00Z,0.0,-27.875,311.625,24.14
2022-12-30T12:00:00Z,0.0,-27.625,311.125,NaN
2022-12-30T12:00:00Z,0.0,-27.625,311.375,NaN
2022-12-30T12:00:00Z,0.0,-27.625,311.625,24.51
2022-12-30T12:00:00Z,0.0,-27.375,311.125,NaN
2022-12-30T12:00:00Z,0.0,-27.375,311.375,NaN
2022-12-30T12:00:00Z,0.0,-27.375,311.625,24.75
2022-12-31T12:00:00Z,0.0,-27.875,311.125,NaN
2022-12-31T12:00:00Z,0.0,-27.875,311.375,NaN
2022-12-31T12:00:00Z,0.0,-27.875,311.625,24.0
2022-12-31T12:00:00Z,0.0,-27.625,311.125,NaN
2022-12-31T12:00:00Z,0.0,-27.625,311.375,NaN
2022-12-31T12:00:00Z,0.0,-27.625,311.625,24.47
2022-12-31T12:00:00Z,0.0,-27.375,311.125,NaN
2022-12-31T12:00:00Z,0.0,-27.375,311.375,NaN
2022-12-31T12:00:00Z,0.0,-27.375,311.625,24.81
2023-01-01T12:00:00Z,0.0,-27.875,311.125,NaN
2023-01-01T12:00:00Z,0.0,-27.875,311.375,NaN
2023-01-01T12:00:00Z,0.0,-27.875,311.625,24.01
2023-01-01T12:00:00Z,0.0,-27.625,311.125,NaN
2023-01-01T12:00:00Z,0.0,-27.625,311.375,NaN
2023-01-01T12:00:00Z,0.0,-27.625,311.625,24.58
2023-01-01T12:00:00Z,0.0,-27.375,311.125,NaN
2023-01-01T12:00:00Z,0.0,-27.375,311.375,NaN
2023-01-01T12:00:00Z,0.0,-27.375,311.625,25.029999
2023-01-02T12:00:00Z,0.0,-27.875,311.125,NaN
2023-01-02T12:00:00Z,0.0,-27.875,311.375,NaN
2023-01-02T12:00:00Z,0.0,-27.875,311.625,24.24
2023-01-02T12:00:00Z,0.0,-27.625,311.125,NaN
2023-01-02T12:00:00Z,0.0,-27.625,311.375,NaN
2023-01-02T12:00:00Z,0.0,-27.625,311.625,24.8
2023-01-02T12:00:00Z,0.0,-27.375,311.125,NaN
2023-01-02T12:00:00Z,0.0,-27.375,311.375,NaN
2023-01-02T12:00:00Z,0.0,-27.375,311.625,25.21
2023-01-03T12:00:00Z,0.0,-27.875,311.125,NaN
2023-01-03T12:00:00Z,0.0,-27.875,311.375,NaN
2023-01-03T12:00:00Z,0.0,-27.875,311.625,24.619999
2023-01-03T12:00:00Z,0.0,-27.625,311.125,NaN
2023-01-03T12:00:00Z,0.0,-27.625,311.375,NaN
2023-01-03T12:00:00Z,0.0,-27.625,311.625,25.05
2023-01-03T12:00:00Z,0.0,-27.375,311.125,NaN
2023-01-03T12:00:00Z,0.0,-27.375,311.375,NaN
2023-01-03T12:00:00Z,0.0,-27.375,311.625,25.33
2023-01-04T12:00:00Z,0.0,-27.875,311.125,NaN
2023-01-04T12:00:00Z,0.0,-27.875,311.375,NaN
2023-01-04T12:00:00Z,0.0,-27.875,311.625,24.439999
2023-01-04T12:00:00Z,0.0,-27.625,311.125,NaN
2023-01-04T12:00:00Z,0.0,-27.625,311.375,NaN
2023-01-04T12:00:00Z,0.0,-27.625,311.625,24.869999
2023-01-04T12:00:00Z,0.0,-27.375,311.125,NaN
2023-01-04T12:00:00Z,0.0,-27.375,311.375,NaN
2023-01-04T12:00:00Z,0.0,-27.375,311.625,25.199999
2023-01-05T12:00:00Z,0.0,-27.875,311.125,NaN
2023-01-05T12:00:00Z,0.0,-27.875,311.375,NaN
2023-01-05T12:00:00Z,0.0,-27.875,311.625,24.33
2023-01-05T12:00:00Z,0.0,-27.625,311.125,NaN
2023-01-05T12:00:00Z,0.0,-27.625,311.375,NaN
2023-01-05T12:00:00Z,0.0,-27.625,311.625,24.699999
2023-01-05T12:00:00Z,0.0,-27.375,311.125,NaN
2023-01-05T12:00:00Z,0.0,-27.375,311.375,NaN
2023-01-05T12:00:00Z,0.0,-27.375,311.625,24.96
2023-01-06T12:00:00Z,0.0,-27.875,311.125,NaN
2023-01-06T12:00:00Z,0.0,-27.875,311.375,NaN
2023-01-06T12:00:00Z,0.0,-27.875,311.625,24.42
2023-01-06T12:00:00Z,0.0,-27.625,311.125,NaN
2023-01-06T12:00:00Z,0.0,-27.625,311.375,NaN
2023-01-06T12:00:00Z,0.0,-27.625,311.625,24.72
2023-01-06T12:00:00Z,0.0,-27.375,311.125,NaN
2023-01-06T12:00:00Z,0.0,-27.375,311.375,NaN
2023-01-06T12:00:00Z,0.0,-27.375,311.625,24.88
2023-01-07T12:00:00Z,0.0,-27.875,311.125,NaN
2023-01-07T12:00:00Z,0.0,-27.875,311.375,NaN
2023-01-07T12:00:00Z,0.0,-27.875,311.625,24.49
2023-01-07T12:00:00Z,0.0,-27.625,311.125,NaN
2023-01-07T12:00:00Z,0.0,-27.625,311.375,NaN
2023-01-07T12:00:00Z,0.0,-27.625,311.625,24.72
2023-01-07T12:00:00Z,0.0,-27.375,311.125,NaN
2023-01-07T12:00:00Z,0.0,-27.375,311.375,NaN
2023-01-07T12:00:00Z,0.0,-27.375,311.625,24.82
2023-01-08T12:00:00Z,0.0,-27.875,311.125,NaN
2023-01-08T12:00:00Z,0.0,-27.875,311.375,NaN
2023-01-08T12:00:00Z,0.0,-27.875,311.625,24.55
2023-01-08T12:00:00Z,0.0,-27.625,311.125,NaN
2023-01-08T12:00:00Z,0.0,-27.625,311.375,NaN
2023-01-08T12:00:00Z,0.0,-27.625,311.625,24.71
2023-01-08T12:00:00Z,0.0,-27.375,311.125,NaN
2023-01-08T12:00:00Z,0.0,-27.375,311.375,NaN
2023-01-08T12:00:00Z,0.0,-27.375,311.625,24.769999
2023-01-09T12:00:00Z,0.0,-27.875,311.125,NaN
2023-01-09T12:00:00Z,0.0,-27.875,311.375,NaN
2023-01-09T12:00:00Z,0.0,-27.875,311.625,24.76
2023-01-09T12:00:00Z,0.0,-27.625,311.125,NaN
2023-01-09T12:00:00Z,0.0,-27.625,311.375,NaN
2023-01-09T12:00:00Z,0.0,-27.625,311.625,24.88
2023-01-09T12:00:00Z,0.0,-27.375,311.125,NaN
2023-01-09T12:00:00Z,0.0,-27.375,311.375,NaN
2023-01-09T12:00:00Z,0.0,-27.375,311.625,24.91
2023-01-10T12:00:00Z,0.0,-27.875,311.125,NaN
2023-01-10T12:00:00Z,0.0,-27.875,311.375,NaN
2023-01-10T12:00:00Z,0.0,-27.875,311.625,24.8
2023-01-10T12:00:00Z,0.0,-27.625,311.125,NaN
2023-01-10T12:00:00Z,0.0,-27.625,311.375,NaN
2023-01-10T12:00:00Z,0.0,-27.625,311.625,24.939999
2023-01-10T12:00:00Z,0.0,-27.375,311.125,NaN
2023-01-10T12:00:00Z,0.0,-27.375,311.375,NaN
2023-01-10T12:00:00Z,0.0,-27.375,311.625,25.01
2023-01-11T12:00:00Z,0.0,-27.875,311.125,NaN
2023-01-11T12:00:00Z,0.0,-27.875,311.375,NaN
2023-01-11T12:00:00Z,0.0,-27.875,311.625,24.97
2023-01-11T12:00:00Z,0.0,-27.625,311.125,NaN
2023-01-11T12:00:00Z,0.0,-27.625,311.375,NaN
2023-01-11T12:00:00Z,0.0,-27.625,311.625,25.119999
2023-01-11T12:00:00Z,0.0,-27.375,311.125,NaN
2023-01-11T12:00:00Z,0.0,-27.375,311.375,NaN
2023-01-11T12:00:00Z,0.0,-27.375,311.625,25.23
2023-01-12T12:00:00Z,0.0,-27.875,311.125,NaN
2023-01-12T12:00:00Z,0.0,-27.875,311.375,NaN
2023-01-12T12:00:00Z,0.0,-27.875,311.625,25.38
2023-01-12T12:00:00Z,0.0,-27.625,311.125,NaN
2023-01-12T12:00:00Z,0.0,-27.625,311.375,NaN
2023-01-12T12:00:00Z,0.0,-27.625,311.625,25.5
2023-01-12T12:00:00Z,0.0,-27.375,311.125,NaN
2023-01-12T12:00:00Z,0.0,-27.375,311.375,NaN
2023-01-12T12:00:00Z,0.0,-27.375,311.625,25.55
2023-01-13T12:00:00Z,0.0,-27.875,311.125,NaN
2023-01-13T12:00:00Z,0.0,-27.875,311.375,NaN
2023-01-13T12:00:00Z,0.0,-27.875,311.625,25.68
2023-01-13T12:00:00Z,0.0,-27.625,311.125,NaN
2023-01-13T12:00:00Z,0.0,-27.625,311.375,NaN
2023-01-13T12:00:00Z,0.0,-27.625,311.625,25.71
2023-01-13T12:00:00Z,0.0,-27.375,311.125,NaN
2023-01-13T12:00:00Z,0.0,-27.375,311.375,NaN
2023-01-13T12:00:00Z,0.0,-27.375,311.625,25.699999
2023-01-14T12:00:00Z,0.0,-27.875,311.125,NaN
2023-01-14T12:00:00Z,0.0,-27.875,311.375,NaN
2023-01-14T12:00:00Z,0.0,-27.875,311.625,25.84
2023-01-14T12:00:00Z,0.0,-27.625,311.125,NaN
2023-01-14T12:00:00Z,0.0,-27.625,311.375,NaN
2023-01-14T12:00:00Z,0.0,-27.625,311.625,25.93
2023-01-14T12:00:00Z,0.0,-27.375,311.125,NaN
2023-01-14T12:00:00Z,0.0,-27.375,311.375,NaN
2023-01-14T12:00:00Z,0.0,-27.375,311.625,26.019999
2023-01-15T12:00:00Z,0.0,-27.875,311.125,NaN
2023-01-15T12:00:00Z,0.0,-27.875,311.375,NaN
2023-01-15T12:00:00Z,0.0,-27.875,311.625,25.84
2023-01-15T12:00:00Z,0.0,-27.625,311.125,NaN
2023-01-15T12:00:00Z,0.0,-27.625,311.375,NaN
2023-01-15T12:00:00Z,0.0,-27.625,311.625,25.91
2023-01-15T12:00:00Z,0.0,-27.375,311.125,NaN
2023-01-15T12:00:00Z,0.0,-27.375,311.375,NaN
2023-01-15T12:00:00Z,0.0,-27.375,311.625,25.98
2023-01-16T12:00:00Z,0.0,-27.875,311.125,NaN
2023-01-16T12:00:00Z,0.0,-27.875,311.375,NaN
2023-01-16T12:00:00Z,0.0,-27.875,311.625,26.0
2023-01-16T12:00:00Z,0.0,-27.625,311.125,NaN
2023-01-16T12:00:00Z,0.0,-27.625,311.375,NaN
2023-01-16T12:00:00Z,0.0,-27.625,311.625,26.07
2023-01-16T12:00:00Z,0.0,-27.375,311.125,NaN
2023-01-16T12:00:00Z,0.0,-27.375,311.375,NaN
2023-01-16T12:00:00Z,0.0,-27.375,311.625,26.01
2023-01-17T12:00:00Z,0.0,-27.875,311.125,NaN
2023-01-17T12:00:00Z,0.0,-27.875,311.375,NaN
2023-01-17T12:00:00Z,0.0,-27.875,311.625,26.08
2023-01-17T12:00:00Z,0.0,-27.625,311.125,NaN
2023-01-17T12:00:00Z,0.0,-27.625,311.375,NaN
2023-01-17T12:00:00Z,0.0,-27.625,311.625,26.099998
2023-01-17T12:00:00Z,0.0,-27.375,311.125,NaN
2023-01-17T12:00:00Z,0.0,-27.375,311.375,NaN
2023-01-17T12:00:00Z,0.0,-27.375,311.625,26.019999
2023-01-18T12:00:00Z,0.0,-27.875,311.125,NaN
2023-01-18T12:00:00Z,0.0,-27.875,311.375,NaN
2023-01-18T12:00:00Z,0.0,-27.875,311.625,25.869999
2023-01-18T12:00:00Z,0.0,-27.625,311.125,NaN
2023-01-18T12:00:00Z,0.0,-27.625,311.375,NaN
2023-01-18T12:00:00Z,0.0,-27.625,311.625,25.88
2023-01-18T12:00:00Z,0.0,-27.375,311.125,NaN
2023-01-18T12:00:00Z,0.0,-27.375,311.375,NaN
2023-01-18T12:00:00Z,0.0,-27.375,311.625,25.9
2023-01-19T12:00:00Z,0.0,-27.875,311.125,NaN
2023-01-19T12:00:00Z,0.0,-27.875,311.375,NaN
2023-01-19T12:00:00Z,0.0,-27.875,311.625,25.97
2023-01-19T12:00:00Z,0.0,-27.625,311.125,NaN
2023-01-19T12:00:00Z,0.0,-27.625,311.375,NaN
2023-01-19T12:00:00Z,0.0,-27.625,311.625,26.029999
2023-01-19T12:00:00Z,0.0,-27.375,311.125,NaN
2023-01-19T12:00:00Z,0.0,-27.375,311.375,NaN
2023-01-19T12:00:00Z,0.0,-27.375,311.625,26.08
2023-01-20T12:00:00Z,0.0,-27.875,311.125,NaN
2023-01-20T12:00:00Z,0.0,-27.875,311.375,NaN
2023-01-20T12:00:00Z,0.0,-27.875,311.625,26.13
2023-01-20T12:00:00Z,0.0,-27.625,311.125,NaN
2023-01-20T12:00:00Z,0.0,-27.625,311.375,NaN
2023-01-20T12:00:00Z,0.0,-27.625,311.625,26.199999
2023-01-20T12:00:00Z,0.0,-27.375,311.125,NaN
2023-01-20T12:00:00Z,0.0,-27.375,311.375,NaN
2023-01-20T12:00:00Z,0.0,-27.375,311.625,26.23
2023-01-21T12:00:00Z,0.0,-27.875,311.125,NaN
2023-01-21T12:00:00Z,0.0,-27.875,311.375,NaN
2023-01-21T12:00:00Z,0.0,-27.875,311.625,26.07
2023-01-21T12:00:00Z,0.0,-27.625,311.125,NaN
2023-01-21T12:00:00Z,0.0,-27.625,311.375,NaN
2023-01-21T12:00:00Z,0.0,-27.625,311.625,26.13
2023-01-21T12:00:00Z,0.0,-27.375,311.125,NaN
2023-01-21T12:00:00Z,0.0,-27.375,311.375,NaN
2023-01-21T12:00:00Z,0.0,-27.375,311.625,26.18
2023-01-22T12:00:00Z,0.0,-27.875,311.125,NaN
2023-01-22T12:00:00Z,0.0,-27.875,311.375,NaN
2023-01-22T12:00:00Z,0.0,-27.875,311.625,26.33
2023-01-22T12:00:00Z,0.0,-27.625,311.125,NaN
2023-01-22T12:00:00Z,0.0,-27.625,311.375,NaN
2023-01-22T12:00:00Z,0.0,-27.625,311.625,26.359999
2023-01-22T12:00:00Z,0.0,-27.375,311.125,NaN
2023-01-22T12:00:00Z,0.0,-27.375,311.375,NaN
2023-01-22T12:00:00Z,0.0,-27.375,311.625,26.38
2023-01-23T12:00:00Z,0.0,-27.875,311.125,NaN
2023-01-23T12:00:00Z,0.0,-27.875,311.375,NaN
2023-01-23T12:00:00Z,0.0,-27.875,311.625,26.55
2023-01-23T12:00:00Z,0.0,-27.625,311.125,NaN
2023-01-23T12:00:00Z,0.0,-27.625,311.375,NaN
2023-01-23T12:00:00Z,0.0,-27.625,311.625,26.64
2023-01-23T12:00:00Z,0.0,-27.375,311.125,NaN
2023-01-23T12:00:00Z,0.0,-27.375,311.375,NaN
2023-01-23T12:00:00Z,0.0,-27.375,311.625,26.699999
2023-01-24T12:00:00Z,0.0,-27.875,311.125,NaN
2023-01-24T12:00:00Z,0.0,-27.875,311.375,NaN
2023-01-24T12:00:00Z,0.0,-27.875,311.625,26.56
2023-01-24T12:00:00Z,0.0,-27.625,311.125,NaN
2023-01-24T12:00:00Z,0.0,-27.625,311.375,NaN
2023-01-24T12:00:00Z,0.0,-27.625,311.625,26.65
2023-01-24T12:00:00Z,0.0,-27.375,311.125,NaN
2023-01-24T12:00:00Z,0.0,-27.375,311.375,NaN
2023-01-24T12:00:00Z,0.0,-27.375,311.625,26.76
2023-01-25T12:00:00Z,0.0,-27.875,311.125,NaN
2023-01-25T12:00:00Z,0.0,-27.875,311.375,NaN
2023-01-25T12:00:00Z,0.0,-27.875,311.625,26.58
2023-01-25T12:00:00Z,0.0,-27.625,311.125,NaN
2023-01-25T12:00:00Z,0.0,-27.625,311.375,NaN
2023-01-25T12:00:00Z,0.0,-27.625,311.625,26.63
2023-01-25T12:00:00Z,0.0,-27.375,311.125,NaN
2023-01-25T12:00:00Z,0.0,-27.375,311.375,NaN
2023-01-25T12:00:00Z,0.0,-27.375,311.625,26.76
2023-01-26T12:00:00Z,0.0,-27.875,311.125,NaN
2023-01-26T12:00:00Z,0.0,-27.875,311.375,NaN
2023-01-26T12:00:00Z,0.0,-27.875,311.625,26.67
2023-01-26T12:00:00Z,0.0,-27.625,311.125,NaN
2023-01-26T12:00:00Z,0.0,-27.625,311.375,NaN
2023-01-26T12:00:00Z,0.0,-27.625,311.625,26.72
2023-01-26T12:00:00Z,0.0,-27.375,311.125,NaN
2023-01-26T12:00:00Z,0.0,-27.375,311.375,NaN
2023-01-26T12:00:00Z,0.0,-27.375,311.625,26.84
2023-01-27T12:00:00Z,0.0,-27.875,311.125,NaN
2023-01-27T12:00:00Z,0.0,-27.875,311.375,NaN
2023-01-27T12:00:00Z,0.0,-27.875,311.625,27.029999
2023-01-27T12:00:00Z,0.0,-27.625,311.125,NaN
2023-01-27T12:00:00Z,0.0,-27.625,311.375,NaN
2023-01-27T12:00:00Z,0.0,-27.625,311.625,27.09
2023-01-27T12:00:00Z,0.0,-27.375,311.125,NaN
2023-01-27T12:00:00Z,0.0,-27.375,311.375,NaN
2023-01-27T12:00:00Z,0.0,-27.375,311.625,27.17
2023-01-28T12:00:00Z,0.0,-27.875,311.125,NaN
2023-01-28T12:00:00Z,0.0,-27.875,311.375,NaN
2023-01-28T12:00:00Z,0.0,-27.875,311.625,27.01
2023-01-28T12:00:00Z,0.0,-27.625,311.125,NaN
2023-01-28T12:00:00Z,0.0,-27.625,311.375,NaN
2023-01-28T12:00:00Z,0.0,-27.625,311.625,27.109999
2023-01-28T12:00:00Z,0.0,-27.375,311.125,NaN
2023-01-28T12:00:00Z,0.0,-27.375,311.375,NaN
2023-01-28T12:00:00Z,0.0,-27.375,311.625,27.22
2023-01-29T12:00:00Z,0.0,-27.875,311.125,NaN
2023-01-29T12:00:00Z,0.0,-27.875,311.375,NaN
2023-01-29T12:00:00Z,0.0,-27.875,311.625,27.13
2023-01-29T12:00:00Z,0.0,-27.625,311.125,NaN
2023-01-29T12:00:00Z,0.0,-27.625,311.375,NaN
2023-01-29T12:00:00Z,0.0,-27.625,311.625,27.17
2023-01-29T12:00:00Z,0.0,-27.375,311.125,NaN
2023-01-29T12:00:00Z,0.0,-27.375,311.375,NaN
2023-01-29T12:00:00Z,0.0,-27.375,311.625,27.38
2023-01-30T12:00:00Z,0.0,-27.875,311.125,NaN
2023-01-30T12:00:00Z,0.0,-27.875,311.375,NaN
2023-01-30T12:00:00Z,0.0,-27.875,311.625,27.269999
2023-01-30T12:00:00Z,0.0,-27.625,311.125,NaN
2023-01-30T12:00:00Z,0.0,-27.625,311.375,NaN
2023-01-30T12:00:00Z,0.0,-27.625,311.625,27.31
2023-01-30T12:00:00Z,0.0,-27.375,311.125,NaN
2023-01-30T12:00:00Z,0.0,-27.375,311.375,NaN
2023-01-30T12:00:00Z,0.0,-27.375,311.625,27.439999
2023-01-31T12:00:00Z,0.0,-27.875,311.125,NaN
2023-01-31T12:00:00Z,0.0,-27.875,311.375,NaN
2023-01-31T12:00:00Z,0.0,-27.875,311.625,27.23
2023-01-31T12:00:00Z,0.0,-27.625,311.125,NaN
2023-01-31T12:00:00Z,0.0,-27.625,311.375,NaN
2023-01-31T12:00:00Z,0.0,-27.625,311.625,27.34
2023-01-31T12:00:00Z,0.0,-27.375,311.125,NaN
2023-01-31T12:00:00Z,0.0,-27.375,311.375,NaN
2023-01-31T12:00:00Z,0.0,-27.375,311.625,27.43
2023-02-01T12:00:00Z,0.0,-27.875,311.125,NaN
2023-02-01T12:00:00Z,0.0,-27.875,311.375,NaN
2023-02-01T12:00:00Z,0.0,-27.875,311.625,26.93
2023-02-01T12:00:00Z,0.0,-27.625,311.125,NaN
2023-02-01T12:00:00Z,0.0,-27.625,311.375,NaN
2023-02-01T12:00:00Z,0.0,-27.625,311.625,27.189999
2023-02-01T12:00:00Z,0.0,-27.375,311.125,NaN
2023-02-01T12:00:00Z,0.0,-27.375,311.375,NaN
2023-02-01T12:00:00Z,0.0,-27.375,311.625,27.4
2023-02-02T12:00:00Z,0.0,-27.875,311.125,NaN
2023-02-02T12:00:00Z,0.0,-27.875,311.375,NaN
2023-02-02T12:00:00Z,0.0,-27.875,311.625,27.039999
2023-02-02T12:00:00Z,0.0,-27.625,311.125,NaN
2023-02-02T12:00:00Z,0.0,-27.625,311.375,NaN
2023-02-02T12:00:00Z,0.0,-27.625,311.625,27.25
2023-02-02T12:00:00Z,0.0,-27.375,311.125,NaN
2023-02-02T12:00:00Z,0.0,-27.375,311.375,NaN
2023-02-02T12:00:00Z,0.0,-27.375,311.625,27.41
2023-02-03T12:00:00Z,0.0,-27.875,311.125,NaN
2023-02-03T12:00:00Z,0.0,-27.875,311.375,NaN
2023-02-03T12:00:00Z,0.0,-27.875,311.625,27.13
2023-02-03T12:00:00Z,0.0,-27.625,311.125,NaN
2023-02-03T12:00:00Z,0.0,-27.625,311.375,NaN
2023-02-03T12:00:00Z,0.0,-27.625,311.625,27.279999
2023-02-03T12:00:00Z,0.0,-27.375,311.125,NaN
2023-02-03T12:00:00Z,0.0,-27.375,311.375,NaN
2023-02-03T12:00:00Z,0.0,-27.375,311.625,27.38
2023-02-04T12:00:00Z,0.0,-27.875,311.125,NaN
2023-02-04T12:00:00Z,0.0,-27.875,311.375,NaN
2023-02-04T12:00:00Z,0.0,-27.875,311.625,27.289999
2023-02-04T12:00:00Z,0.0,-27.625,311.125,NaN
2023-02-04T12:00:00Z,0.0,-27.625,311.375,NaN
2023-02-04T12:00:00Z,0.0,-27.625,311.625,27.369999
2023-02-04T12:00:00Z,0.0,-27.375,311.125,NaN
2023-02-04T12:00:00Z,0.0,-27.375,311.375,NaN
2023-02-04T12:00:00Z,0.0,-27.375,311.625,27.41
2023-02-05T12:00:00Z,0.0,-27.875,311.125,NaN
2023-02-05T12:00:00Z,0.0,-27.875,311.375,NaN
2023-02-05T12:00:00Z,0.0,-27.875,311.625,27.3
2023-02-05T12:00:00Z,0.0,-27.625,311.125,NaN
2023-02-05T12:00:00Z,0.0,-27.625,311.375,NaN
2023-02-05T12:00:00Z,0.0,-27.625,311.625,27.42
2023-02-05T12:00:00Z,0.0,-27.375,311.125,NaN
2023-02-05T12:00:00Z,0.0,-27.375,311.375,NaN
2023-02-05T12:00:00Z,0.0,-27.375,311.625,27.519999
2023-02-06T12:00:00Z,0.0,-27.875,311.125,NaN
2023-02-06T12:00:00Z,0.0,-27.875,311.375,NaN
2023-02-06T12:00:00Z,0.0,-27.875,311.625,27.14
2023-02-06T12:00:00Z,0.0,-27.625,311.125,NaN
2023-02-06T12:00:00Z,0.0,-27.625,311.375,NaN
2023-02-06T12:00:00Z,0.0,-27.625,311.625,27.3
2023-02-06T12:00:00Z,0.0,-27.375,311.125,NaN
2023-02-06T12:00:00Z,0.0,-27.375,311.375,NaN
2023-02-06T12:00:00Z,0.0,-27.375,311.625,27.49
2023-02-07T12:00:00Z,0.0,-27.875,311.125,NaN
2023-02-07T12:00:00Z,0.0,-27.875,311.375,NaN
2023-02-07T12:00:00Z,0.0,-27.875,311.625,27.16
2023-02-07T12:00:00Z,0.0,-27.625,311.125,NaN
2023-02-07T12:00:00Z,0.0,-27.625,311.375,NaN
2023-02-07T12:00:00Z,0.0,-27.625,311.625,27.279999
2023-02-07T12:00:00Z,0.0,-27.375,311.125,NaN
2023-02-07T12:00:00Z,0.0,-27.375,311.375,NaN
2023-02-07T12:00:00Z,0.0,-27.375,311.625,27.48
2023-02-08T12:00:00Z,0.0,-27.875,311.125,NaN
2023-02-08T12:00:00Z,0.0,-27.875,311.375,NaN
2023-02-08T12:00:00Z,0.0,-27.875,311.625,27.029999
2023-02-08T12:00:00Z,0.0,-27.625,311.125,NaN
2023-02-08T12:00:00Z,0.0,-27.625,311.375,NaN
2023-02-08T12:00:00Z,0.0,-27.625,311.625,27.13
2023-02-08T12:00:00Z,0.0,-27.375,311.125,NaN
2023-02-08T12:00:00Z,0.0,-27.375,311.375,NaN
2023-02-08T12:00:00Z,0.0,-27.375,311.625,27.349998
2023-02-09T12:00:00Z,0.0,-27.875,311.125,NaN
2023-02-09T12:00:00Z,0.0,-27.875,311.375,NaN
2023-02-09T12:00:00Z,0.0,-27.875,311.625,26.92
2023-02-09T12:00:00Z,0.0,-27.625,311.125,NaN
2023-02-09T12:00:00Z,0.0,-27.625,311.375,NaN
2023-02-09T12:00:00Z,0.0,-27.625,311.625,27.07
2023-02-09T12:00:00Z,0.0,-27.375,311.125,NaN
2023-02-09T12:00:00Z,0.0,-27.375,311.375,NaN
2023-02-09T12:00:00Z,0.0,-27.375,311.625,27.3
2023-02-10T12:00:00Z,0.0,-27.875,311.125,NaN
2023-02-10T12:00:00Z,0.0,-27.875,311.375,NaN
2023-02-10T12:00:00Z,0.0,-27.875,311.625,26.68
2023-02-10T12:00:00Z,0.0,-27.625,311.125,NaN
2023-02-10T12:00:00Z,0.0,-27.625,311.375,NaN
2023-02-10T12:00:00Z,0.0,-27.625,311.625,26.75
2023-02-10T12:00:00Z,0.0,-27.375,311.125,NaN
2023-02-10T12:00:00Z,0.0,-27.375,311.375,NaN
2023-02-10T12:00:00Z,0.0,-27.375,311.625,27.029999
2023-02-11T12:00:00Z,0.0,-27.875,311.125,NaN
2023-02-11T12:00:00Z,0.0,-27.875,311.375,NaN
2023-02-11T12:00:00Z,0.0,-27.875,311.625,26.41
2023-02-11T12:00:00Z,0.0,-27.625,311.125,NaN
2023-02-11T12:00:00Z,0.0,-27.625,311.375,NaN
2023-02-11T12:00:00Z,0.0,-27.625,311.625,26.539999
2023-02-11T12:00:00Z,0.0,-27.375,311.125,NaN
2023-02-11T12:00:00Z,0.0,-27.375,311.375,NaN
2023-02-11T12:00:00Z,0.0,-27.375,311.625,26.92
2023-02-12T12:00:00Z,0.0,-27.875,311.125,NaN
2023-02-12T12:00:00Z,0.0,-27.875,311.375,NaN
2023-02-12T12:00:00Z,0.0,-27.875,311.625,26.269999
2023-02-12T12:00:00Z,0.0,-27.625,311.125,NaN
2023-02-12T12:00:00Z,0.0,-27.625,311.375,NaN
2023-02-12T12:00:00Z,0.0,-27.625,311.625,26.38
2023-02-12T12:00:00Z,0.0,-27.375,311.125,NaN
2023-02-12T12:00:00Z,0.0,-27.375,311.375,NaN
2023-02-12T12:00:00Z,0.0,-27.375,311.625,26.74
2023-02-13T12:00:00Z,0.0,-27.875,311.125,NaN
2023-02-13T12:00:00Z,0.0,-27.875,311.375,NaN
2023-02-13T12:00:00Z,0.0,-27.875,311.625,26.18
2023-02-13T12:00:00Z,0.0,-27.625,311.125,NaN
2023-02-13T12:00:00Z,0.0,-27.625,311.375,NaN
2023-02-13T12:00:00Z,0.0,-27.625,311.625,26.34
2023-02-13T12:00:00Z,0.0,-27.375,311.125,NaN
2023-02-13T12:00:00Z,0.0,-27.375,311.375,NaN
2023-02-13T12:00:00Z,0.0,-27.375,311.625,26.73
2023-02-14T12:00:00Z,0.0,-27.875,311.125,NaN
2023-02-14T12:00:00Z,0.0,-27.875,311.375,NaN
2023-02-14T12:00:00Z,0.0,-27.875,311.625,26.14
2023-02-14T12:00:00Z,0.0,-27.625,311.125,NaN
2023-02-14T12:00:00Z,0.0,-27.625,311.375,NaN
2023-02-14T12:00:00Z,0.0,-27.625,311.625,26.34
2023-02-14T12:00:00Z,0.0,-27.375,311.125,NaN
2023-02-14T12:00:00Z,0.0,-27.375,311.375,NaN
2023-02-14T12:00:00Z,0.0,-27.375,311.625,26.74
2023-02-15T12:00:00Z,0.0,-27.875,311.125,NaN
2023-02-15T12:00:00Z,0.0,-27.875,311.375,NaN
2023-02-15T12:00:00Z,0.0,-27.875,311.625,26.38
2023-02-15T12:00:00Z,0.0,-27.625,311.125,NaN
2023-02-15T12:00:00Z,0.0,-27.625,311.375,NaN
2023-02-15T12:00:00Z,0.0,-27.625,311.625,26.599998
2023-02-15T12:00:00Z,0.0,-27.375,311.125,NaN
2023-02-15T12:00:00Z,0.0,-27.375,311.375,NaN
2023-02-15T12:00:00Z,0.0,-27.375,311.625,26.99
2023-02-16T12:00:00Z,0.0,-27.875,311.125,NaN
2023-02-16T12:00:00Z,0.0,-27.875,311.375,NaN
2023-02-16T12:00:00Z,0.0,-27.875,311.625,26.8
2023-02-16T12:00:00Z,0.0,-27.625,311.125,NaN
2023-02-16T12:00:00Z,0.0,-27.625,311.375,NaN
2023-02-16T12:00:00Z,0.0,-27.625,311.625,27.0
2023-02-16T12:00:00Z,0.0,-27.375,311.125,NaN
2023-02-16T12:00:00Z,0.0,-27.375,311.375,NaN
2023-02-16T12:00:00Z,0.0,-27.375,311.625,27.26
2023-02-17T12:00:00Z,0.0,-27.875,311.125,NaN
2023-02-17T12:00:00Z,0.0,-27.875,311.375,NaN
2023-02-17T12:00:00Z,0.0,-27.875,311.625,26.369999
2023-02-17T12:00:00Z,0.0,-27.625,311.125,NaN
2023-02-17T12:00:00Z,0.0,-27.625,311.375,NaN
2023-02-17T12:00:00Z,0.0,-27.625,311.625,26.66
2023-02-17T12:00:00Z,0.0,-27.375,311.125,NaN
2023-02-17T12:00:00Z,0.0,-27.375,311.375,NaN
2023-02-17T12:00:00Z,0.0,-27.375,311.625,26.96
2023-02-18T12:00:00Z,0.0,-27.875,311.125,NaN
2023-02-18T12:00:00Z,0.0,-27.875,311.375,NaN
2023-02-18T12:00:00Z,0.0,-27.875,311.625,26.09
2023-02-18T12:00:00Z,0.0,-27.625,311.125,NaN
2023-02-18T12:00:00Z,0.0,-27.625,311.375,NaN
2023-02-18T12:00:00Z,0.0,-27.625,311.625,26.51
2023-02-18T12:00:00Z,0.0,-27.375,311.125,NaN
2023-02-18T12:00:00Z,0.0,-27.375,311.375,NaN
2023-02-18T12:00:00Z,0.0,-27.375,311.625,26.84
2023-02-19T12:00:00Z,0.0,-27.875,311.125,NaN
2023-02-19T12:00:00Z,0.0,-27.875,311.375,NaN
2023-02-19T12:00:00Z,0.0,-27.875,311.625,25.66
2023-02-19T12:00:00Z,0.0,-27.625,311.125,NaN
2023-02-19T12:00:00Z,0.0,-27.625,311.375,NaN
2023-02-19T12:00:00Z,0.0,-27.625,311.625,25.789999
2023-02-19T12:00:00Z,0.0,-27.375,311.125,NaN
2023-02-19T12:00:00Z,0.0,-27.375,311.375,NaN
2023-02-19T12:00:00Z,0.0,-27.375,311.625,25.98
2023-02-20T12:00:00Z,0.0,-27.875,311.125,NaN
2023-02-20T12:00:00Z,0.0,-27.875,311.375,NaN
2023-02-20T12:00:00Z,0.0,-27.875,311.625,25.599998
2023-02-20T12:00:00Z,0.0,-27.625,311.125,NaN
2023-02-20T12:00:00Z,0.0,-27.625,311.375,NaN
2023-02-20T12:00:00Z,0.0,-27.625,311.625,25.519999
2023-02-20T12:00:00Z,0.0,-27.375,311.125,NaN
2023-02-20T12:00:00Z,0.0,-27.375,311.375,NaN
2023-02-20T12:00:00Z,0.0,-27.375,311.625,25.58
2023-02-21T12:00:00Z,0.0,-27.875,311.125,NaN
2023-02-21T12:00:00Z,0.0,-27.875,311.375,NaN
2023-02-21T12:00:00Z,0.0,-27.875,311.625,25.35
2023-02-21T12:00:00Z,0.0,-27.625,311.125,NaN
2023-02-21T12:00:00Z,0.0,-27.625,311.375,NaN
2023-02-21T12:00:00Z,0.0,-27.625,311.625,25.38
2023-02-21T12:00:00Z,0.0,-27.375,311.125,NaN
2023-02-21T12:00:00Z,0.0,-27.375,311.375,NaN
2023-02-21T12:00:00Z,0.0,-27.375,311.625,25.519999
2023-02-22T12:00:00Z,0.0,-27.875,311.125,NaN
2023-02-22T12:00:00Z,0.0,-27.875,311.375,NaN
2023-02-22T12:00:00Z,0.0,-27.875,311.625,25.35
2023-02-22T12:00:00Z,0.0,-27.625,311.125,NaN
2023-02-22T12:00:00Z,0.0,-27.625,311.375,NaN
2023-02-22T12:00:00Z,0.0,-27.625,311.625,25.47
2023-02-22T12:00:00Z,0.0,-27.375,311.125,NaN
2023-02-22T12:00:00Z,0.0,-27.375,311.375,NaN
2023-02-22T12:00:00Z,0.0,-27.375,311.625,25.689999
2023-02-23T12:00:00Z,0.0,-27.875,311.125,NaN
2023-02-23T12:00:00Z,0.0,-27.875,311.375,NaN
2023-02-23T12:00:00Z,0.0,-27.875,311.625,25.46
2023-02-23T12:00:00Z,0.0,-27.625,311.125,NaN
2023-02-23T12:00:00Z,0.0,-27.625,311.375,NaN
2023-02-23T12:00:00Z,0.0,-27.625,311.625,25.65
2023-02-23T12:00:00Z,0.0,-27.375,311.125,NaN
2023-02-23T12:00:00Z,0.0,-27.375,311.375,NaN
2023-02-23T12:00:00Z,0.0,-27.375,311.625,25.98
2023-02-24T12:00:00Z,0.0,-27.875,311.125,NaN
2023-02-24T12:00:00Z,0.0,-27.875,311.375,NaN
2023-02-24T12:00:00Z,0.0,-27.875,311.625,25.199999
2023-02-24T12:00:00Z,0.0,-27.625,311.125,NaN
2023-02-24T12:00:00Z,0.0,-27.625,311.375,NaN
2023-02-24T12:00:00Z,0.0,-27.625,311.625,25.31
2023-02-24T12:00:00Z,0.0,-27.375,311.125,NaN
2023-02-24T12:00:00Z,0.0,-27.375,311.375,NaN
2023-02-24T12:00:00Z,0.0,-27.375,311.625,25.5
2023-02-25T12:00:00Z,0.0,-27.875,311.125,NaN
2023-02-25T12:00:00Z,0.0,-27.875,311.375,NaN
2023-02-25T12:00:00Z,0.0,-27.875,311.625,25.119999
2023-02-25T12:00:00Z,0.0,-27.625,311.125,NaN
2023-02-25T12:00:00Z,0.0,-27.625,311.375,NaN
2023-02-25T12:00:00Z,0.0,-27.625,311.625,25.23
2023-02-25T12:00:00Z,0.0,-27.375,311.125,NaN
2023-02-25T12:00:00Z,0.0,-27.375,311.375,NaN
2023-02-25T12:00:00Z,0.0,-27.375,311.625,25.43
2023-02-26T12:00:00Z,0.0,-27.875,311.125,NaN
2023-02-26T12:00:00Z,0.0,-27.875,311.375,NaN
2023-02-26T12:00:00Z,0.0,-27.875,311.625,25.17
2023-02-26T12:00:00Z,0.0,-27.625,311.125,NaN
2023-02-26T12:00:00Z,0.0,-27.625,311.375,NaN
2023-02-26T12:00:00Z,0.0,-27.625,311.625,25.22
2023-02-26T12:00:00Z,0.0,-27.375,311.125,NaN
2023-02-26T12:00:00Z,0.0,-27.375,311.375,NaN
2023-02-26T12:00:00Z,0.0,-27.375,311.625,25.42
2023-02-27T12:00:00Z,0.0,-27.875,311.125,NaN
2023-02-27T12:00:00Z,0.0,-27.875,311.375,NaN
2023-02-27T12:00:00Z,0.0,-27.875,311.625,25.46
2023-02-27T12:00:00Z,0.0,-27.625,311.125,NaN
2023-02-27T12:00:00Z,0.0,-27.625,311.375,NaN
2023-02-27T12:00:00Z,0.0,-27.625,311.625,25.46
2023-02-27T12:00:00Z,0.0,-27.375,311.125,NaN
2023-02-27T12:00:00Z,0.0,-27.375,311.375,NaN
2023-02-27T12:00:00Z,0.0,-27.375,311.625,25.59
2023-02-28T12:00:00Z,0.0,-27.875,311.125,NaN
2023-02-28T12:00:00Z,0.0,-27.875,311.375,NaN
2023-02-28T12:00:00Z,0.0,-27.875,311.625,25.66
2023-02-28T12:00:00Z,0.0,-27.625,311.125,NaN
2023-02-28T12:00:00Z,0.0,-27.625,311.375,NaN
2023-02-28T12:00:00Z,0.0,-27.625,311.625,25.64
2023-02-28T12:00:00Z,0.0,-27.375,311.125,NaN
2023-02-28T12:00:00Z,0.0,-27.375,311.375,NaN
2023-02-28T12:00:00Z,0.0,-27.375,311.625,25.689999
2023-03-01T12:00:00Z,0.0,-27.875,311.125,NaN
2023-03-01T12:00:00Z,0.0,-27.875,311.375,NaN
2023-03-01T12:00:00Z,0.0,-27.875,311.625,25.449999
2023-03-01T12:00:00Z,0.0,-27.625,311.125,NaN
2023-03-01T12:00:00Z,0.0,-27.625,311.375,NaN
2023-03-01T12:00:00Z,0.0,-27.625,311.625,25.39
2023-03-01T12:00:00Z,0.0,-27.375,311.125,NaN
2023-03-01T12:00:00Z,0.0,-27.375,311.375,NaN
2023-03-01T12:00:00Z,0.0,-27.375,311.625,25.38
2023-03-02T12:00:00Z,0.0,-27.875,311.125,NaN
2023-03-02T12:00:00Z,0.0,-27.875,311.375,NaN
2023-03-02T12:00:00Z,0.0,-27.875,311.625,25.279999
2023-03-02T12:00:00Z,0.0,-27.625,311.125,NaN
2023-03-02T12:00:00Z,0.0,-27.625,311.375,NaN
2023-03-02T12:00:00Z,0.0,-27.625,311.625,25.269999
2023-03-02T12:00:00Z,0.0,-27.375,311.125,NaN
2023-03-02T12:00:00Z,0.0,-27.375,311.375,NaN
2023-03-02T12:00:00Z,0.0,-27.375,311.625,25.3
2023-03-03T12:00:00Z,0.0,-27.875,311.125,NaN
2023-03-03T12:00:00Z,0.0,-27.875,311.375,NaN
2023-03-03T12:00:00Z,0.0,-27.875,311.625,25.25
2023-03-03T12:00:00Z,0.0,-27.625,311.125,NaN
2023-03-03T12:00:00Z,0.0,-27.625,311.375,NaN
2023-03-03T12:00:00Z,0.0,-27.625,311.625,25.34
2023-03-03T12:00:00Z,0.0,-27.375,311.125,NaN
2023-03-03T12:00:00Z,0.0,-27.375,311.375,NaN
2023-03-03T12:00:00Z,0.0,-27.375,311.625,25.439999
2023-03-04T12:00:00Z,0.0,-27.875,311.125,NaN
2023-03-04T12:00:00Z,0.0,-27.875,311.375,NaN
2023-03-04T12:00:00Z,0.0,-27.875,311.625,25.24
2023-03-04T12:00:00Z,0.0,-27.625,311.125,NaN
2023-03-04T12:00:00Z,0.0,-27.625,311.375,NaN
2023-03-04T12:00:00Z,0.0,-27.625,311.625,25.369999
2023-03-04T12:00:00Z,0.0,-27.375,311.125,NaN
2023-03-04T12:00:00Z,0.0,-27.375,311.375,NaN
2023-03-04T12:00:00Z,0.0,-27.375,311.625,25.5
2023-03-05T12:00:00Z,0.0,-27.875,311.125,NaN
2023-03-05T12:00:00Z,0.0,-27.875,311.375,NaN
2023-03-05T12:00:00Z,0.0,-27.875,311.625,25.199999
2023-03-05T12:00:00Z,0.0,-27.625,311.125,NaN
2023-03-05T12:00:00Z,0.0,-27.625,311.375,NaN
2023-03-05T12:00:00Z,0.0,-27.625,311.625,25.3
2023-03-05T12:00:00Z,0.0,-27.375,311.125,NaN
2023-03-05T12:00:00Z,0.0,-27.375,311.375,NaN
2023-03-05T12:00:00Z,0.0,-27.375,311.625,25.39
2023-03-06T12:00:00Z,0.0,-27.875,311.125,NaN
2023-03-06T12:00:00Z,0.0,-27.875,311.375,NaN
2023-03-06T12:00:00Z,0.0,-27.875,311.625,25.039999
2023-03-06T12:00:00Z,0.0,-27.625,311.125,NaN
2023-03-06T12:00:00Z,0.0,-27.625,311.375,NaN
2023-03-06T12:00:00Z,0.0,-27.625,311.625,25.13
2023-03-06T12:00:00Z,0.0,-27.375,311.125,NaN
2023-03-06T12:00:00Z,0.0,-27.375,311.375,NaN
2023-03-06T12:00:00Z,0.0,-27.375,311.625,25.23
2023-03-07T12:00:00Z,0.0,-27.875,311.125,NaN
2023-03-07T12:00:00Z,0.0,-27.875,311.375,NaN
2023-03-07T12:00:00Z,0.0,-27.875,311.625,24.99
2023-03-07T12:00:00Z,0.0,-27.625,311.125,NaN
2023-03-07T12:00:00Z,0.0,-27.625,311.375,NaN
2023-03-07T12:00:00Z,0.0,-27.625,311.625,25.13
2023-03-07T12:00:00Z,0.0,-27.375,311.125,NaN
2023-03-07T12:00:00Z,0.0,-27.375,311.375,NaN
2023-03-07T12:00:00Z,0.0,-27.375,311.625,25.289999
2023-03-08T12:00:00Z,0.0,-27.875,311.125,NaN
2023-03-08T12:00:00Z,0.0,-27.875,311.375,NaN
2023-03-08T12:00:00Z,0.0,-27.875,311.625,25.1
2023-03-08T12:00:00Z,0.0,-27.625,311.125,NaN
2023-03-08T12:00:00Z,0.0,-27.625,311.375,NaN
2023-03-08T12:00:00Z,0.0,-27.625,311.625,25.279999
2023-03-08T12:00:00Z,0.0,-27.375,311.125,NaN
2023-03-08T12:00:00Z,0.0,-27.375,311.375,NaN
2023-03-08T12:00:00Z,0.0,-27.375,311.625,25.5
2023-03-09T12:00:00Z,0.0,-27.875,311.125,NaN
2023-03-09T12:00:00Z,0.0,-27.875,311.375,NaN
2023-03-09T12:00:00Z,0.0,-27.875,311.625,25.199999
2023-03-09T12:00:00Z,0.0,-27.625,311.125,NaN
2023-03-09T12:00:00Z,0.0,-27.625,311.375,NaN
2023-03-09T12:00:00Z,0.0,-27.625,311.625,25.359999
2023-03-09T12:00:00Z,0.0,-27.375,311.125,NaN
2023-03-09T12:00:00Z,0.0,-27.375,311.375,NaN
2023-03-09T12:00:00Z,0.0,-27.375,311.625,25.55
2023-03-10T12:00:00Z,0.0,-27.875,311.125,NaN
2023-03-10T12:00:00Z,0.0,-27.875,311.375,NaN
2023-03-10T12:00:00Z,0.0,-27.875,311.625,25.38
2023-03-10T12:00:00Z,0.0,-27.625,311.125,NaN
2023-03-10T12:00:00Z,0.0,-27.625,311.375,NaN
2023-03-10T12:00:00Z,0.0,-27.625,311.625,25.46
2023-03-10T12:00:00Z,0.0,-27.375,311.125,NaN
2023-03-10T12:00:00Z,0.0,-27.375,311.375,NaN
2023-03-10T12:00:00Z,0.0,-27.375,311.625,25.599998
2023-03-11T12:00:00Z,0.0,-27.875,311.125,NaN
2023-03-11T12:00:00Z,0.0,-27.875,311.375,NaN
2023-03-11T12:00:00Z,0.0,-27.875,311.625,25.519999
2023-03-11T12:00:00Z,0.0,-27.625,311.125,NaN
2023-03-11T12:00:00Z,0.0,-27.625,311.375,NaN
2023-03-11T12:00:00Z,0.0,-27.625,311.625,25.609999
2023-03-11T12:00:00Z,0.0,-27.375,311.125,NaN
2023-03-11T12:00:00Z,0.0,-27.375,311.375,NaN
2023-03-11T12:00:00Z,0.0,-27.375,311.625,25.74
2023-03-12T12:00:00Z,0.0,-27.875,311.125,NaN
2023-03-12T12:00:00Z,0.0,-27.875,311.375,NaN
2023-03-12T12:00:00Z,0.0,-27.875,311.625,25.57
2023-03-12T12:00:00Z,0.0,-27.625,311.125,NaN
2023-03-12T12:00:00Z,0.0,-27.625,311.375,NaN
2023-03-12T12:00:00Z,0.0,-27.625,311.625,25.63
2023-03-12T12:00:00Z,0.0,-27.375,311.125,NaN
2023-03-12T12:00:00Z,0.0,-27.375,311.375,NaN
2023-03-12T12:00:00Z,0.0,-27.375,311.625,25.71
2023-03-13T12:00:00Z,0.0,-27.875,311.125,NaN
2023-03-13T12:00:00Z,0.0,-27.875,311.375,NaN
2023-03-13T12:00:00Z,0.0,-27.875,311.625,25.59
2023-03-13T12:00:00Z,0.0,-27.625,311.125,NaN
2023-03-13T12:00:00Z,0.0,-27.625,311.375,NaN
2023-03-13T12:00:00Z,0.0,-27.625,311.625,25.65
2023-03-13T12:00:00Z,0.0,-27.375,311.125,NaN
2023-03-13T12:00:00Z,0.0,-27.375,311.375,NaN
2023-03-13T12:00:00Z,0.0,-27.375,311.625,25.72
2023-03-14T12:00:00Z,0.0,-27.875,311.125,NaN
2023-03-14T12:00:00Z,0.0,-27.875,311.375,NaN
2023-03-14T12:00:00Z,0.0,-27.875,311.625,25.609999
2023-03-14T12:00:00Z,0.0,-27.625,311.125,NaN
2023-03-14T12:00:00Z,0.0,-27.625,311.375,NaN
2023-03-14T12:00:00Z,0.0,-27.625,311.625,25.699999
2023-03-14T12:00:00Z,0.0,-27.375,311.125,NaN
2023-03-14T12:00:00Z,0.0,-27.375,311.375,NaN
2023-03-14T12:00:00Z,0.0,-27.375,311.625,25.789999
2023-03-15T12:00:00Z,0.0,-27.875,311.125,NaN
2023-03-15T12:00:00Z,0.0,-27.875,311.375,NaN
2023-03-15T12:00:00Z,0.0,-27.875,311.625,25.65
2023-03-15T12:00:00Z,0.0,-27.625,311.125,NaN
2023-03-15T12:00:00Z,0.0,-27.625,311.375,NaN
2023-03-15T12:00:00Z,0.0,-27.625,311.625,25.769999
2023-03-15T12:00:00Z,0.0,-27.375,311.125,NaN
2023-03-15T12:00:00Z,0.0,-27.375,311.375,NaN
2023-03-15T12:00:00Z,0.0,-27.375,311.625,25.88
2023-03-16T12:00:00Z,0.0,-27.875,311.125,NaN
2023-03-16T12:00:00Z,0.0,-27.875,311.375,NaN
2023-03-16T12:00:00Z,0.0,-27.875,311.625,25.65
2023-03-16T12:00:00Z,0.0,-27.625,311.125,NaN
2023-03-16T12:00:00Z,0.0,-27.625,311.375,NaN
2023-03-16T12:00:00Z,0.0,-27.625,311.625,25.81
2023-03-16T12:00:00Z,0.0,-27.375,311.125,NaN
2023-03-16T12:00:00Z,0.0,-27.375,311.375,NaN
2023-03-16T12:00:00Z,0.0,-27.375,311.625,25.96
2023-03-17T12:00:00Z,0.0,-27.875,311.125,NaN
2023-03-17T12:00:00Z,0.0,-27.875,311.375,NaN
2023-03-17T12:00:00Z,0.0,-27.875,311.625,25.75
2023-03-17T12:00:00Z,0.0,-27.625,311.125,NaN
2023-03-17T12:00:00Z,0.0,-27.625,311.375,NaN
2023-03-17T12:00:00Z,0.0,-27.625,311.625,25.91
2023-03-17T12:00:00Z,0.0,-27.375,311.125,NaN
2023-03-17T12:00:00Z,0.0,-27.375,311.375,NaN
2023-03-17T12:00:00Z,0.0,-27.375,311.625,26.09
2023-03-18T12:00:00Z,0.0,-27.875,311.125,NaN
2023-03-18T12:00:00Z,0.0,-27.875,311.375,NaN
2023-03-18T12:00:00Z,0.0,-27.875,311.625,25.83
2023-03-18T12:00:00Z,0.0,-27.625,311.125,NaN
2023-03-18T12:00:00Z,0.0,-27.625,311.375,NaN
2023-03-18T12:00:00Z,0.0,-27.625,311.625,26.01
2023-03-18T12:00:00Z,0.0,-27.375,311.125,NaN
2023-03-18T12:00:00Z,0.0,-27.375,311.375,NaN
2023-03-18T12:00:00Z,0.0,-27.375,311.625,26.23
2023-03-19T12:00:00Z,0.0,-27.875,311.125,NaN
2023-03-19T12:00:00Z,0.0,-27.875,311.375,NaN
2023-03-19T12:00:00Z,0.0,-27.875,311.625,25.92
2023-03-19T12:00:00Z,0.0,-27.625,311.125,NaN
2023-03-19T12:00:00Z,0.0,-27.625,311.375,NaN
2023-03-19T12:00:00Z,0.0,-27.625,311.625,26.109999
2023-03-19T12:00:00Z,0.0,-27.375,311.125,NaN
2023-03-19T12:00:00Z,0.0,-27.375,311.375,NaN
2023-03-19T12:00:00Z,0.0,-27.375,311.625,26.349998
2023-03-20T12:00:00Z,0.0,-27.875,311.125,NaN
2023-03-20T12:00:00Z,0.0,-27.875,311.375,NaN
2023-03-20T12:00:00Z,0.0,-27.875,311.625,26.06
2023-03-20T12:00:00Z,0.0,-27.625,311.125,NaN
2023-03-20T12:00:00Z,0.0,-27.625,311.375,NaN
2023-03-20T12:00:00Z,0.0,-27.625,311.625,26.289999
2023-03-20T12:00:00Z,0.0,-27.375,311.125,NaN
2023-03-20T12:00:00Z,0.0,-27.375,311.375,NaN
2023-03-20T12:00:00Z,0.0,-27.375,311.625,26.539999
2023-03-21T12:00:00Z,0.0,-27.875,311.125,NaN
2023-03-21T12:00:00Z,0.0,-27.875,311.375,NaN
2023-03-21T12:00:00Z,0.0,-27.875,311.625,26.029999
2023-03-21T12:00:00Z,0.0,-27.625,311.125,NaN
2023-03-21T12:00:00Z,0.0,-27.625,311.375,NaN
2023-03-21T12:00:00Z,0.0,-27.625,311.625,26.289999
2023-03-21T12:00:00Z,0.0,-27.375,311.125,NaN
2023-03-21T12:00:00Z,0.0,-27.375,311.375,NaN
2023-03-21T12:00:00Z,0.0,-27.375,311.625,26.56
2023-03-22T12:00:00Z,0.0,-27.875,311.125,NaN
2023-03-22T12:00:00Z,0.0,-27.875,311.375,NaN
2023-03-22T12:00:00Z,0.0,-27.875,311.625,26.039999
2023-03-22T12:00:00Z,0.0,-27.625,311.125,NaN
2023-03-22T12:00:00Z,0.0,-27.625,311.375,NaN
2023-03-22T12:00:00Z,0.0,-27.625,311.625,26.34
2023-03-22T12:00:00Z,0.0,-27.375,311.125,NaN
2023-03-22T12:00:00Z,0.0,-27.375,311.375,NaN
2023-03-22T12:00:00Z,0.0,-27.375,311.625,26.63
2023-03-23T12:00:00Z,0.0,-27.875,311.125,NaN
2023-03-23T12:00:00Z,0.0,-27.875,311.375,NaN
2023-03-23T12:00:00Z,0.0,-27.875,311.625,25.699999
2023-03-23T12:00:00Z,0.0,-27.625,311.125,NaN
2023-03-23T12:00:00Z,0.0,-27.625,311.375,NaN
2023-03-23T12:00:00Z,0.0,-27.625,311.625,26.109999
2023-03-23T12:00:00Z,0.0,-27.375,311.125,NaN
2023-03-23T12:00:00Z,0.0,-27.375,311.375,NaN
2023-03-23T12:00:00Z,0.0,-27.375,311.625,26.46
2023-03-24T12:00:00Z,0.0,-27.875,311.125,NaN
2023-03-24T12:00:00Z,0.0,-27.875,311.375,NaN
2023-03-24T12:00:00Z,0.0,-27.875,311.625,25.64
2023-03-24T12:00:00Z,0.0,-27.625,311.125,NaN
2023-03-24T12:00:00Z,0.0,-27.625,311.375,NaN
2023-03-24T12:00:00Z,0.0,-27.625,311.625,26.039999
2023-03-24T12:00:00Z,0.0,-27.375,311.125,NaN
2023-03-24T12:00:00Z,0.0,-27.375,311.375,NaN
2023-03-24T12:00:00Z,0.0,-27.375,311.625,26.369999
2023-03-25T12:00:00Z,0.0,-27.875,311.125,NaN
2023-03-25T12:00:00Z,0.0,-27.875,311.375,NaN
2023-03-25T12:00:00Z,0.0,-27.875,311.625,25.68
2023-03-25T12:00:00Z,0.0,-27.625,311.125,NaN
2023-03-25T12:00:00Z,0.0,-27.625,311.375,NaN
2023-03-25T12:00:00Z,0.0,-27.625,311.625,26.06
2023-03-25T12:00:00Z,0.0,-27.375,311.125,NaN
2023-03-25T12:00:00Z,0.0,-27.375,311.375,NaN
2023-03-25T12:00:00Z,0.0,-27.375,311.625,26.33
2023-03-26T12:00:00Z,0.0,-27.875,311.125,NaN
2023-03-26T12:00:00Z,0.0,-27.875,311.375,NaN
2023-03-26T12:00:00Z,0.0,-27.875,311.625,25.38
2023-03-26T12:00:00Z,0.0,-27.625,311.125,NaN
2023-03-26T12:00:00Z,0.0,-27.625,311.375,NaN
2023-03-26T12:00:00Z,0.0,-27.625,311.625,25.789999
2023-03-26T12:00:00Z,0.0,-27.375,311.125,NaN
2023-03-26T12:00:00Z,0.0,-27.375,311.375,NaN
2023-03-26T12:00:00Z,0.0,-27.375,311.625,26.099998
2023-03-27T12:00:00Z,0.0,-27.875,311.125,NaN
2023-03-27T12:00:00Z,0.0,-27.875,311.375,NaN
2023-03-27T12:00:00Z,0.0,-27.875,311.625,24.93
2023-03-27T12:00:00Z,0.0,-27.625,311.125,NaN
2023-03-27T12:00:00Z,0.0,-27.625,311.375,NaN
2023-03-27T12:00:00Z,0.0,-27.625,311.625,25.269999
2023-03-27T12:00:00Z,0.0,-27.375,311.125,NaN
2023-03-27T12:00:00Z,0.0,-27.375,311.375,NaN
2023-03-27T12:00:00Z,0.0,-27.375,311.625,25.59
2023-03-28T12:00:00Z,0.0,-27.875,311.125,NaN
2023-03-28T12:00:00Z,0.0,-27.875,311.375,NaN
2023-03-28T12:00:00Z,0.0,-27.875,311.625,24.63
2023-03-28T12:00:00Z,0.0,-27.625,311.125,NaN
2023-03-28T12:00:00Z,0.0,-27.625,311.375,NaN
2023-03-28T12:00:00Z,0.0,-27.625,311.625,24.91
2023-03-28T12:00:00Z,0.0,-27.375,311.125,NaN
2023-03-28T12:00:00Z,0.0,-27.375,311.375,NaN
2023-03-28T12:00:00Z,0.0,-27.375,311.625,25.24
2023-03-29T12:00:00Z,0.0,-27.875,311.125,NaN
2023-03-29T12:00:00Z,0.0,-27.875,311.375,NaN
2023-03-29T12:00:00Z,0.0,-27.875,311.625,24.619999
2023-03-29T12:00:00Z,0.0,-27.625,311.125,NaN
2023-03-29T12:00:00Z,0.0,-27.625,311.375,NaN
2023-03-29T12:00:00Z,0.0,-27.625,311.625,24.84
2023-03-29T12:00:00Z,0.0,-27.375,311.125,NaN
2023-03-29T12:00:00Z,0.0,-27.375,311.375,NaN
2023-03-29T12:00:00Z,0.0,-27.375,311.625,25.119999
2023-03-30T12:00:00Z,0.0,-27.875,311.125,NaN
2023-03-30T12:00:00Z,0.0,-27.875,311.375,NaN
2023-03-30T12:00:00Z,0.0,-27.875,311.625,24.85
2023-03-30T12:00:00Z,0.0,-27.625,311.125,NaN
2023-03-30T12:00:00Z,0.0,-27.625,311.375,NaN
2023-03-30T12:00:00Z,0.0,-27.625,311.625,25.07
2023-03-30T12:00:00Z,0.0,-27.375,311.125,NaN
2023-03-30T12:00:00Z,0.0,-27.375,311.375,NaN
2023-03-30T12:00:00Z,0.0,-27.375,311.625,25.34
2023-03-31T12:00:00Z,0.0,-27.875,311.125,NaN
2023-03-31T12:00:00Z,0.0,-27.875,311.375,NaN
2023-03-31T12:00:00Z,0.0,-27.875,311.625,24.89
2023-03-31T12:00:00Z,0.0,-27.625,311.125,NaN
2023-03-31T12:00:00Z,0.0,-27.625,311.375,NaN
2023-03-31T12:00:00Z,0.0,-27.625,311.625,25.17
2023-03-31T12:00:00Z,0.0,-27.375,311.125,NaN
2023-03-31T12:00:00Z,0.0,-27.375,311.375,NaN
2023-03-31T12:00:00Z,0.0,-27.375,311.625,25.48
2023-04-01T12:00:00Z,0.0,-27.875,311.125,NaN
2023-04-01T12:00:00Z,0.0,-27.875,311.375,NaN
2023-04-01T12:00:00Z,0.0,-27.875,311.625,24.769999
2023-04-01T12:00:00Z,0.0,-27.625,311.125,NaN
2023-04-01T12:00:00Z,0.0,-27.625,311.375,NaN
2023-04-01T12:00:00Z,0.0,-27.625,311.625,25.039999
2023-04-01T12:00:00Z,0.0,-27.375,311.125,NaN
2023-04-01T12:00:00Z,0.0,-27.375,311.375,NaN
2023-04-01T12:00:00Z,0.0,-27.375,311.625,25.34
2023-04-02T12:00:00Z,0.0,-27.875,311.125,NaN
2023-04-02T12:00:00Z,0.0,-27.875,311.375,NaN
2023-04-02T12:00:00Z,0.0,-27.875,311.625,24.47
2023-04-02T12:00:00Z,0.0,-27.625,311.125,NaN
2023-04-02T12:00:00Z,0.0,-27.625,311.375,NaN
2023-04-02T12:00:00Z,0.0,-27.625,311.625,24.66
2023-04-02T12:00:00Z,0.0,-27.375,311.125,NaN
2023-04-02T12:00:00Z,0.0,-27.375,311.375,NaN
2023-04-02T12:00:00Z,0.0,-27.375,311.625,24.869999
2023-04-03T12:00:00Z,0.0,-27.875,311.125,NaN
2023-04-03T12:00:00Z,0.0,-27.875,311.375,NaN
2023-04-03T12:00:00Z,0.0,-27.875,311.625,24.18
2023-04-03T12:00:00Z,0.0,-27.625,311.125,NaN
2023-04-03T12:00:00Z,0.0,-27.625,311.375,NaN
2023-04-03T12:00:00Z,0.0,-27.625,311.625,24.3
2023-04-03T12:00:00Z,0.0,-27.375,311.125,NaN
2023-04-03T12:00:00Z,0.0,-27.375,311.375,NaN
2023-04-03T12:00:00Z,0.0,-27.375,311.625,24.449999
2023-04-04T12:00:00Z,0.0,-27.875,311.125,NaN
2023-04-04T12:00:00Z,0.0,-27.875,311.375,NaN
2023-04-04T12:00:00Z,0.0,-27.875,311.625,23.99
2023-04-04T12:00:00Z,0.0,-27.625,311.125,NaN
2023-04-04T12:00:00Z,0.0,-27.625,311.375,NaN
2023-04-04T12:00:00Z,0.0,-27.625,311.625,24.09
2023-04-04T12:00:00Z,0.0,-27.375,311.125,NaN
2023-04-04T12:00:00Z,0.0,-27.375,311.375,NaN
2023-04-04T12:00:00Z,0.0,-27.375,311.625,24.23
2023-04-05T12:00:00Z,0.0,-27.875,311.125,NaN
2023-04-05T12:00:00Z,0.0,-27.875,311.375,NaN
2023-04-05T12:00:00Z,0.0,-27.875,311.625,23.97
2023-04-05T12:00:00Z,0.0,-27.625,311.125,NaN
2023-04-05T12:00:00Z,0.0,-27.625,311.375,NaN
2023-04-05T12:00:00Z,0.0,-27.625,311.625,24.07
2023-04-05T12:00:00Z,0.0,-27.375,311.125,NaN
2023-04-05T12:00:00Z,0.0,-27.375,311.375,NaN
2023-04-05T12:00:00Z,0.0,-27.375,311.625,24.22
2023-04-06T12:00:00Z,0.0,-27.875,311.125,NaN
2023-04-06T12:00:00Z,0.0,-27.875,311.375,NaN
2023-04-06T12:00:00Z,0.0,-27.875,311.625,23.92
2023-04-06T12:00:00Z,0.0,-27.625,311.125,NaN
2023-04-06T12:00:00Z,0.0,-27.625,311.375,NaN
2023-04-06T12:00:00Z,0.0,-27.625,311.625,24.05
2023-04-06T12:00:00Z,0.0,-27.375,311.125,NaN
2023-04-06T12:00:00Z,0.0,-27.375,311.375,NaN
2023-04-06T12:00:00Z,0.0,-27.375,311.625,24.18
2023-04-07T12:00:00Z,0.0,-27.875,311.125,NaN
2023-04-07T12:00:00Z,0.0,-27.875,311.375,NaN
2023-04-07T12:00:00Z,0.0,-27.875,311.625,23.769999
2023-04-07T12:00:00Z,0.0,-27.625,311.125,NaN
2023-04-07T12:00:00Z,0.0,-27.625,311.375,NaN
2023-04-07T12:00:00Z,0.0,-27.625,311.625,23.88
2023-04-07T12:00:00Z,0.0,-27.375,311.125,NaN
2023-04-07T12:00:00Z,0.0,-27.375,311.375,NaN
2023-04-07T12:00:00Z,0.0,-27.375,311.625,24.019999
2023-04-08T12:00:00Z,0.0,-27.875,311.125,NaN
2023-04-08T12:00:00Z,0.0,-27.875,311.375,NaN
2023-04-08T12:00:00Z,0.0,-27.875,311.625,23.81
2023-04-08T12:00:00Z,0.0,-27.625,311.125,NaN
2023-04-08T12:00:00Z,0.0,-27.625,311.375,NaN
2023-04-08T12:00:00Z,0.0,-27.625,311.625,23.88
2023-04-08T12:00:00Z,0.0,-27.375,311.125,NaN
2023-04-08T12:00:00Z,0.0,-27.375,311.375,NaN
2023-04-08T12:00:00Z,0.0,-27.375,311.625,24.029999
2023-04-09T12:00:00Z,0.0,-27.875,311.125,NaN
2023-04-09T12:00:00Z,0.0,-27.875,311.375,NaN
2023-04-09T12:00:00Z,0.0,-27.875,311.625,23.9
2023-04-09T12:00:00Z,0.0,-27.625,311.125,NaN
2023-04-09T12:00:00Z,0.0,-27.625,311.375,NaN
2023-04-09T12:00:00Z,0.0,-27.625,311.625,23.96
2023-04-09T12:00:00Z,0.0,-27.375,311.125,NaN
2023-04-09T12:00:00Z,0.0,-27.375,311.375,NaN
2023-04-09T12:00:00Z,0.0,-27.375,311.625,24.08
2023-04-10T12:00:00Z,0.0,-27.875,311.125,NaN
2023-04-10T12:00:00Z,0.0,-27.875,311.375,NaN
2023-04-10T12:00:00Z,0.0,-27.875,311.625,23.939999
2023-04-10T12:00:00Z,0.0,-27.625,311.125,NaN
2023-04-10T12:00:00Z,0.0,-27.625,311.375,NaN
2023-04-10T12:00:00Z,0.0,-27.625,311.625,23.97
2023-04-10T12:00:00Z,0.0,-27.375,311.125,NaN
2023-04-10T12:00:00Z,0.0,-27.375,311.375,NaN
2023-04-10T12:00:00Z,0.0,-27.375,311.625,24.06
2023-04-11T12:00:00Z,0.0,-27.875,311.125,NaN
2023-04-11T12:00:00Z,0.0,-27.875,311.375,NaN
2023-04-11T12:00:00Z,0.0,-27.875,311.625,23.9
2023-04-11T12:00:00Z,0.0,-27.625,311.125,NaN
2023-04-11T12:00:00Z,0.0,-27.625,311.375,NaN
2023-04-11T12:00:00Z,0.0,-27.625,311.625,23.91
2023-04-11T12:00:00Z,0.0,-27.375,311.125,NaN
2023-04-11T12:00:00Z,0.0,-27.375,311.375,NaN
2023-04-11T12:00:00Z,0.0,-27.375,311.625,24.0
2023-04-12T12:00:00Z,0.0,-27.875,311.125,NaN
2023-04-12T12:00:00Z,0.0,-27.875,311.375,NaN
2023-04-12T12:00:00Z,0.0,-27.875,311.625,23.84
2023-04-12T12:00:00Z,0.0,-27.625,311.125,NaN
2023-04-12T12:00:00Z,0.0,-27.625,311.375,NaN
2023-04-12T12:00:00Z,0.0,-27.625,311.625,23.859999
2023-04-12T12:00:00Z,0.0,-27.375,311.125,NaN
2023-04-12T12:00:00Z,0.0,-27.375,311.375,NaN
2023-04-12T12:00:00Z,0.0,-27.375,311.625,24.0
2023-04-13T12:00:00Z,0.0,-27.875,311.125,NaN
2023-04-13T12:00:00Z,0.0,-27.875,311.375,NaN
2023-04-13T12:00:00Z,0.0,-27.875,311.625,23.789999
2023-04-13T12:00:00Z,0.0,-27.625,311.125,NaN
2023-04-13T12:00:00Z,0.0,-27.625,311.375,NaN
2023-04-13T12:00:00Z,0.0,-27.625,311.625,23.84
2023-04-13T12:00:00Z,0.0,-27.375,311.125,NaN
2023-04-13T12:00:00Z,0.0,-27.375,311.375,NaN
2023-04-13T12:00:00Z,0.0,-27.375,311.625,24.019999
2023-04-14T12:00:00Z,0.0,-27.875,311.125,NaN
2023-04-14T12:00:00Z,0.0,-27.875,311.375,NaN
2023-04-14T12:00:00Z,0.0,-27.875,311.625,23.769999
2023-04-14T12:00:00Z,0.0,-27.625,311.125,NaN
2023-04-14T12:00:00Z,0.0,-27.625,311.375,NaN
2023-04-14T12:00:00Z,0.0,-27.625,311.625,23.84
2023-04-14T12:00:00Z,0.0,-27.375,311.125,NaN
2023-04-14T12:00:00Z,0.0,-27.375,311.375,NaN
2023-04-14T12:00:00Z,0.0,-27.375,311.625,24.0
2023-04-15T12:00:00Z,0.0,-27.875,311.125,NaN
2023-04-15T12:00:00Z,0.0,-27.875,311.375,NaN
2023-04-15T12:00:00Z,0.0,-27.875,311.625,23.51
2023-04-15T12:00:00Z,0.0,-27.625,311.125,NaN
2023-04-15T12:00:00Z,0.0,-27.625,311.375,NaN
2023-04-15T12:00:00Z,0.0,-27.625,311.625,23.6
2023-04-15T12:00:00Z,0.0,-27.375,311.125,NaN
2023-04-15T12:00:00Z,0.0,-27.375,311.375,NaN
2023-04-15T12:00:00Z,0.0,-27.375,311.625,23.74
2023-04-16T12:00:00Z,0.0,-27.875,311.125,NaN
2023-04-16T12:00:00Z,0.0,-27.875,311.375,NaN
2023-04-16T12:00:00Z,0.0,-27.875,311.625,23.38
2023-04-16T12:00:00Z,0.0,-27.625,311.125,NaN
2023-04-16T12:00:00Z,0.0,-27.625,311.375,NaN
2023-04-16T12:00:00Z,0.0,-27.625,311.625,23.43
2023-04-16T12:00:00Z,0.0,-27.375,311.125,NaN
2023-04-16T12:00:00Z,0.0,-27.375,311.375,NaN
2023-04-16T12:00:00Z,0.0,-27.375,311.625,23.59
2023-04-17T12:00:00Z,0.0,-27.875,311.125,NaN
2023-04-17T12:00:00Z,0.0,-27.875,311.375,NaN
2023-04-17T12:00:00Z,0.0,-27.875,311.625,23.26
2023-04-17T12:00:00Z,0.0,-27.625,311.125,NaN
2023-04-17T12:00:00Z,0.0,-27.625,311.375,NaN
2023-04-17T12:00:00Z,0.0,-27.625,311.625,23.33
2023-04-17T12:00:00Z,0.0,-27.375,311.125,NaN
2023-04-17T12:00:00Z,0.0,-27.375,311.375,NaN
2023-04-17T12:00:00Z,0.0,-27.375,311.625,23.51
2023-04-18T12:00:00Z,0.0,-27.875,311.125,NaN
2023-04-18T12:00:00Z,0.0,-27.875,311.375,NaN
2023-04-18T12:00:00Z,0.0,-27.875,311.625,23.08
2023-04-18T12:00:00Z,0.0,-27.625,311.125,NaN
2023-04-18T12:00:00Z,0.0,-27.625,311.375,NaN
2023-04-18T12:00:00Z,0.0,-27.625,311.625,23.15
2023-04-18T12:00:00Z,0.0,-27.375,311.125,NaN
2023-04-18T12:00:00Z,0.0,-27.375,311.375,NaN
2023-04-18T12:00:00Z,0.0,-27.375,311.625,23.279999
2023-04-19T12:00:00Z,0.0,-27.875,311.125,NaN
2023-04-19T12:00:00Z,0.0,-27.875,311.375,NaN
2023-04-19T12:00:00Z,0.0,-27.875,311.625,23.13
2023-04-19T12:00:00Z,0.0,-27.625,311.125,NaN
2023-04-19T12:00:00Z,0.0,-27.625,311.375,NaN
2023-04-19T12:00:00Z,0.0,-27.625,311.625,23.16
2023-04-19T12:00:00Z,0.0,-27.375,311.125,NaN
2023-04-19T12:00:00Z,0.0,-27.375,311.375,NaN
2023-04-19T12:00:00Z,0.0,-27.375,311.625,23.22
2023-04-20T12:00:00Z,0.0,-27.875,311.125,NaN
2023-04-20T12:00:00Z,0.0,-27.875,311.375,NaN
2023-04-20T12:00:00Z,0.0,-27.875,311.625,23.06
2023-04-20T12:00:00Z,0.0,-27.625,311.125,NaN
2023-04-20T12:00:00Z,0.0,-27.625,311.375,NaN
2023-04-20T12:00:00Z,0.0,-27.625,311.625,23.07
2023-04-20T12:00:00Z,0.0,-27.375,311.125,NaN
2023-04-20T12:00:00Z,0.0,-27.375,311.375,NaN
2023-04-20T12:00:00Z,0.0,-27.375,311.625,23.1
2023-04-21T12:00:00Z,0.0,-27.875,311.125,NaN
2023-04-21T12:00:00Z,0.0,-27.875,311.375,NaN
2023-04-21T12:00:00Z,0.0,-27.875,311.625,23.07
2023-04-21T12:00:00Z,0.0,-27.625,311.125,NaN
2023-04-21T12:00:00Z,0.0,-27.625,311.375,NaN
2023-04-21T12:00:00Z,0.0,-27.625,311.625,23.06
2023-04-21T12:00:00Z,0.0,-27.375,311.125,NaN
2023-04-21T12:00:00Z,0.0,-27.375,311.375,NaN
2023-04-21T12:00:00Z,0.0,-27.375,311.625,23.05
2023-04-22T12:00:00Z,0.0,-27.875,311.125,NaN
2023-04-22T12:00:00Z,0.0,-27.875,311.375,NaN
2023-04-22T12:00:00Z,0.0,-27.875,311.625,23.119999
2023-04-22T12:00:00Z,0.0,-27.625,311.125,NaN
2023-04-22T12:00:00Z,0.0,-27.625,311.375,NaN
2023-04-22T12:00:00Z,0.0,-27.625,311.625,23.109999
2023-04-22T12:00:00Z,0.0,-27.375,311.125,NaN
2023-04-22T12:00:00Z,0.0,-27.375,311.375,NaN
2023-04-22T12:00:00Z,0.0,-27.375,311.625,23.109999
2023-04-23T12:00:00Z,0.0,-27.875,311.125,NaN
2023-04-23T12:00:00Z,0.0,-27.875,311.375,NaN
2023-04-23T12:00:00Z,0.0,-27.875,311.625,23.15
2023-04-23T12:00:00Z,0.0,-27.625,311.125,NaN
2023-04-23T12:00:00Z,0.0,-27.625,311.375,NaN
2023-04-23T12:00:00Z,0.0,-27.625,311.625,23.14
2023-04-23T12:00:00Z,0.0,-27.375,311.125,NaN
2023-04-23T12:00:00Z,0.0,-27.375,311.375,NaN
2023-04-23T12:00:00Z,0.0,-27.375,311.625,23.13
2023-04-24T12:00:00Z,0.0,-27.875,311.125,NaN
2023-04-24T12:00:00Z,0.0,-27.875,311.375,NaN
2023-04-24T12:00:00Z,0.0,-27.875,311.625,23.32
2023-04-24T12:00:00Z,0.0,-27.625,311.125,NaN
2023-04-24T12:00:00Z,0.0,-27.625,311.375,NaN
2023-04-24T12:00:00Z,0.0,-27.625,311.625,23.289999
2023-04-24T12:00:00Z,0.0,-27.375,311.125,NaN
2023-04-24T12:00:00Z,0.0,-27.375,311.375,NaN
2023-04-24T12:00:00Z,0.0,-27.375,311.625,23.25
2023-04-25T12:00:00Z,0.0,-27.875,311.125,NaN
2023-04-25T12:00:00Z,0.0,-27.875,311.375,NaN
2023-04-25T12:00:00Z,0.0,-27.875,311.625,23.289999
2023-04-25T12:00:00Z,0.0,-27.625,311.125,NaN
2023-04-25T12:00:00Z,0.0,-27.625,311.375,NaN
2023-04-25T12:00:00Z,0.0,-27.625,311.625,23.289999
2023-04-25T12:00:00Z,0.0,-27.375,311.125,NaN
2023-04-25T12:00:00Z,0.0,-27.375,311.375,NaN
2023-04-25T12:00:00Z,0.0,-27.375,311.625,23.279999
2023-04-26T12:00:00Z,0.0,-27.875,311.125,NaN
2023-04-26T12:00:00Z,0.0,-27.875,311.375,NaN
2023-04-26T12:00:00Z,0.0,-27.875,311.625,23.24
2023-04-26T12:00:00Z,0.0,-27.625,311.125,NaN
2023-04-26T12:00:00Z,0.0,-27.625,311.375,NaN
2023-04-26T12:00:00Z,0.0,-27.625,311.625,23.23
2023-04-26T12:00:00Z,0.0,-27.375,311.125,NaN
2023-04-26T12:00:00Z,0.0,-27.375,311.375,NaN
2023-04-26T12:00:00Z,0.0,-27.375,311.625,23.25
2023-04-27T12:00:00Z,0.0,-27.875,311.125,NaN
2023-04-27T12:00:00Z,0.0,-27.875,311.375,NaN
2023-04-27T12:00:00Z,0.0,-27.875,311.625,23.18
2023-04-27T12:00:00Z,0.0,-27.625,311.125,NaN
2023-04-27T12:00:00Z,0.0,-27.625,311.375,NaN
2023-04-27T12:00:00Z,0.0,-27.625,311.625,23.18
2023-04-27T12:00:00Z,0.0,-27.375,311.125,NaN
2023-04-27T12:00:00Z,0.0,-27.375,311.375,NaN
2023-04-27T12:00:00Z,0.0,-27.375,311.625,23.23
2023-04-28T12:00:00Z,0.0,-27.875,311.125,NaN
2023-04-28T12:00:00Z,0.0,-27.875,311.375,NaN
2023-04-28T12:00:00Z,0.0,-27.875,311.625,23.07
2023-04-28T12:00:00Z,0.0,-27.625,311.125,NaN
2023-04-28T12:00:00Z,0.0,-27.625,311.375,NaN
2023-04-28T12:00:00Z,0.0,-27.625,311.625,23.06
2023-04-28T12:00:00Z,0.0,-27.375,311.125,NaN
2023-04-28T12:00:00Z,0.0,-27.375,311.375,NaN
2023-04-28T12:00:00Z,0.0,-27.375,311.625,23.1
2023-04-29T12:00:00Z,0.0,-27.875,311.125,NaN
2023-04-29T12:00:00Z,0.0,-27.875,311.375,NaN
2023-04-29T12:00:00Z,0.0,-27.875,311.625,23.07
2023-04-29T12:00:00Z,0.0,-27.625,311.125,NaN
2023-04-29T12:00:00Z,0.0,-27.625,311.375,NaN
2023-04-29T12:00:00Z,0.0,-27.625,311.625,23.05
2023-04-29T12:00:00Z,0.0,-27.375,311.125,NaN
2023-04-29T12:00:00Z,0.0,-27.375,311.375,NaN
2023-04-29T12:00:00Z,0.0,-27.375,311.625,23.09
2023-04-30T12:00:00Z,0.0,-27.875,311.125,NaN
2023-04-30T12:00:00Z,0.0,-27.875,311.375,NaN
2023-04-30T12:00:00Z,0.0,-27.875,311.625,23.09
2023-04-30T12:00:00Z,0.0,-27.625,311.125,NaN
2023-04-30T12:00:00Z,0.0,-27.625,311.375,NaN
2023-04-30T12:00:00Z,0.0,-27.625,311.625,23.039999
2023-04-30T12:00:00Z,0.0,-27.375,311.125,NaN
2023-04-30T12:00:00Z,0.0,-27.375,311.375,NaN
2023-04-30T12:00:00Z,0.0,-27.375,311.625,23.07
2023-05-01T12:00:00Z,0.0,-27.875,311.125,NaN
2023-05-01T12:00:00Z,0.0,-27.875,311.375,NaN
2023-05-01T12:00:00Z,0.0,-27.875,311.625,23.23
2023-05-01T12:00:00Z,0.0,-27.625,311.125,NaN
2023-05-01T12:00:00Z,0.0,-27.625,311.375,NaN
2023-05-01T12:00:00Z,0.0,-27.625,311.625,23.16
2023-05-01T12:00:00Z,0.0,-27.375,311.125,NaN
2023-05-01T12:00:00Z,0.0,-27.375,311.375,NaN
2023-05-01T12:00:00Z,0.0,-27.375,311.625,23.17
2023-05-02T12:00:00Z,0.0,-27.875,311.125,NaN
2023-05-02T12:00:00Z,0.0,-27.875,311.375,NaN
2023-05-02T12:00:00Z,0.0,-27.875,311.625,23.279999
2023-05-02T12:00:00Z,0.0,-27.625,311.125,NaN
2023-05-02T12:00:00Z,0.0,-27.625,311.375,NaN
2023-05-02T12:00:00Z,0.0,-27.625,311.625,23.22
2023-05-02T12:00:00Z,0.0,-27.375,311.125,NaN
2023-05-02T12:00:00Z,0.0,-27.375,311.375,NaN
2023-05-02T12:00:00Z,0.0,-27.375,311.625,23.24
2023-05-03T12:00:00Z,0.0,-27.875,311.125,NaN
2023-05-03T12:00:00Z,0.0,-27.875,311.375,NaN
2023-05-03T12:00:00Z,0.0,-27.875,311.625,23.42
2023-05-03T12:00:00Z,0.0,-27.625,311.125,NaN
2023-05-03T12:00:00Z,0.0,-27.625,311.375,NaN
2023-05-03T12:00:00Z,0.0,-27.625,311.625,23.41
2023-05-03T12:00:00Z,0.0,-27.375,311.125,NaN
2023-05-03T12:00:00Z,0.0,-27.375,311.375,NaN
2023-05-03T12:00:00Z,0.0,-27.375,311.625,23.449999
2023-05-04T12:00:00Z,0.0,-27.875,311.125,NaN
2023-05-04T12:00:00Z,0.0,-27.875,311.375,NaN
2023-05-04T12:00:00Z,0.0,-27.875,311.625,23.56
2023-05-04T12:00:00Z,0.0,-27.625,311.125,NaN
2023-05-04T12:00:00Z,0.0,-27.625,311.375,NaN
2023-05-04T12:00:00Z,0.0,-27.625,311.625,23.56
2023-05-04T12:00:00Z,0.0,-27.375,311.125,NaN
2023-05-04T12:00:00Z,0.0,-27.375,311.375,NaN
2023-05-04T12:00:00Z,0.0,-27.375,311.625,23.57
2023-05-05T12:00:00Z,0.0,-27.875,311.125,NaN
2023-05-05T12:00:00Z,0.0,-27.875,311.375,NaN
2023-05-05T12:00:00Z,0.0,-27.875,311.625,23.46
2023-05-05T12:00:00Z,0.0,-27.625,311.125,NaN
2023-05-05T12:00:00Z,0.0,-27.625,311.375,NaN
2023-05-05T12:00:00Z,0.0,-27.625,311.625,23.47
2023-05-05T12:00:00Z,0.0,-27.375,311.125,NaN
2023-05-05T12:00:00Z,0.0,-27.375,311.375,NaN
2023-05-05T12:00:00Z,0.0,-27.375,311.625,23.57
2023-05-06T12:00:00Z,0.0,-27.875,311.125,NaN
2023-05-06T12:00:00Z,0.0,-27.875,311.375,NaN
2023-05-06T12:00:00Z,0.0,-27.875,311.625,23.46
2023-05-06T12:00:00Z,0.0,-27.625,311.125,NaN
2023-05-06T12:00:00Z,0.0,-27.625,311.375,NaN
2023-05-06T12:00:00Z,0.0,-27.625,311.625,23.49
2023-05-06T12:00:00Z,0.0,-27.375,311.125,NaN
2023-05-06T12:00:00Z,0.0,-27.375,311.375,NaN
2023-05-06T12:00:00Z,0.0,-27.375,311.625,23.619999
2023-05-07T12:00:00Z,0.0,-27.875,311.125,NaN
2023-05-07T12:00:00Z,0.0,-27.875,311.375,NaN
2023-05-07T12:00:00Z,0.0,-27.875,311.625,23.539999
2023-05-07T12:00:00Z,0.0,-27.625,311.125,NaN
2023-05-07T12:00:00Z,0.0,-27.625,311.375,NaN
2023-05-07T12:00:00Z,0.0,-27.625,311.625,23.57
2023-05-07T12:00:00Z,0.0,-27.375,311.125,NaN
2023-05-07T12:00:00Z,0.0,-27.375,311.375,NaN
2023-05-07T12:00:00Z,0.0,-27.375,311.625,23.72
2023-05-08T12:00:00Z,0.0,-27.875,311.125,NaN
2023-05-08T12:00:00Z,0.0,-27.875,311.375,NaN
2023-05-08T12:00:00Z,0.0,-27.875,311.625,23.539999
2023-05-08T12:00:00Z,0.0,-27.625,311.125,NaN
2023-05-08T12:00:00Z,0.0,-27.625,311.375,NaN
2023-05-08T12:00:00Z,0.0,-27.625,311.625,23.63
2023-05-08T12:00:00Z,0.0,-27.375,311.125,NaN
2023-05-08T12:00:00Z,0.0,-27.375,311.375,NaN
2023-05-08T12:00:00Z,0.0,-27.375,311.625,23.779999
2023-05-09T12:00:00Z,0.0,-27.875,311.125,NaN
2023-05-09T12:00:00Z,0.0,-27.875,311.375,NaN
2023-05-09T12:00:00Z,0.0,-27.875,311.625,23.42
2023-05-09T12:00:00Z,0.0,-27.625,311.125,NaN
2023-05-09T12:00:00Z,0.0,-27.625,311.375,NaN
2023-05-09T12:00:00Z,0.0,-27.625,311.625,23.43
2023-05-09T12:00:00Z,0.0,-27.375,311.125,NaN
2023-05-09T12:00:00Z,0.0,-27.375,311.375,NaN
2023-05-09T12:00:00Z,0.0,-27.375,311.625,23.539999
2023-05-10T12:00:00Z,0.0,-27.875,311.125,NaN
2023-05-10T12:00:00Z,0.0,-27.875,311.375,NaN
2023-05-10T12:00:00Z,0.0,-27.875,311.625,23.31
2023-05-10T12:00:00Z,0.0,-27.625,311.125,NaN
2023-05-10T12:00:00Z,0.0,-27.625,311.375,NaN
2023-05-10T12:00:00Z,0.0,-27.625,311.625,23.289999
2023-05-10T12:00:00Z,0.0,-27.375,311.125,NaN
2023-05-10T12:00:00Z,0.0,-27.375,311.375,NaN
2023-05-10T12:00:00Z,0.0,-27.375,311.625,23.359999
2023-05-11T12:00:00Z,0.0,-27.875,311.125,NaN
2023-05-11T12:00:00Z,0.0,-27.875,311.375,NaN
2023-05-11T12:00:00Z,0.0,-27.875,311.625,23.189999
2023-05-11T12:00:00Z,0.0,-27.625,311.125,NaN
2023-05-11T12:00:00Z,0.0,-27.625,311.375,NaN
2023-05-11T12:00:00Z,0.0,-27.625,311.625,23.15
2023-05-11T12:00:00Z,0.0,-27.375,311.125,NaN
2023-05-11T12:00:00Z,0.0,-27.375,311.375,NaN
2023-05-11T12:00:00Z,0.0,-27.375,311.625,23.18
2023-05-12T12:00:00Z,0.0,-27.875,311.125,NaN
2023-05-12T12:00:00Z,0.0,-27.875,311.375,NaN
2023-05-12T12:00:00Z,0.0,-27.875,311.625,22.99
2023-05-12T12:00:00Z,0.0,-27.625,311.125,NaN
2023-05-12T12:00:00Z,0.0,-27.625,311.375,NaN
2023-05-12T12:00:00Z,0.0,-27.625,311.625,22.96
2023-05-12T12:00:00Z,0.0,-27.375,311.125,NaN
2023-05-12T12:00:00Z,0.0,-27.375,311.375,NaN
2023-05-12T12:00:00Z,0.0,-27.375,311.625,22.97
2023-05-13T12:00:00Z,0.0,-27.875,311.125,NaN
2023-05-13T12:00:00Z,0.0,-27.875,311.375,NaN
2023-05-13T12:00:00Z,0.0,-27.875,311.625,22.72
2023-05-13T12:00:00Z,0.0,-27.625,311.125,NaN
2023-05-13T12:00:00Z,0.0,-27.625,311.375,NaN
2023-05-13T12:00:00Z,0.0,-27.625,311.625,22.689999
2023-05-13T12:00:00Z,0.0,-27.375,311.125,NaN
2023-05-13T12:00:00Z,0.0,-27.375,311.375,NaN
2023-05-13T12:00:00Z,0.0,-27.375,311.625,22.689999
2023-05-14T12:00:00Z,0.0,-27.875,311.125,NaN
2023-05-14T12:00:00Z,0.0,-27.875,311.375,NaN
2023-05-14T12:00:00Z,0.0,-27.875,311.625,22.48
2023-05-14T12:00:00Z,0.0,-27.625,311.125,NaN
2023-05-14T12:00:00Z,0.0,-27.625,311.375,NaN
2023-05-14T12:00:00Z,0.0,-27.625,311.625,22.439999
2023-05-14T12:00:00Z,0.0,-27.375,311.125,NaN
2023-05-14T12:00:00Z,0.0,-27.375,311.375,NaN
2023-05-14T12:00:00Z,0.0,-27.375,311.625,22.42
2023-05-15T12:00:00Z,0.0,-27.875,311.125,NaN
2023-05-15T12:00:00Z,0.0,-27.875,311.375,NaN
2023-05-15T12:00:00Z,0.0,-27.875,311.625,22.24
2023-05-15T12:00:00Z,0.0,-27.625,311.125,NaN
2023-05-15T12:00:00Z,0.0,-27.625,311.375,NaN
2023-05-15T12:00:00Z,0.0,-27.625,311.625,22.21
2023-05-15T12:00:00Z,0.0,-27.375,311.125,NaN
2023-05-15T12:00:00Z,0.0,-27.375,311.375,NaN
2023-05-15T12:00:00Z,0.0,-27.375,311.625,22.21
2023-05-16T12:00:00Z,0.0,-27.875,311.125,NaN
2023-05-16T12:00:00Z,0.0,-27.875,311.375,NaN
2023-05-16T12:00:00Z,0.0,-27.875,311.625,22.22
2023-05-16T12:00:00Z,0.0,-27.625,311.125,NaN
2023-05-16T12:00:00Z,0.0,-27.625,311.375,NaN
2023-05-16T12:00:00Z,0.0,-27.625,311.625,22.17
2023-05-16T12:00:00Z,0.0,-27.375,311.125,NaN
2023-05-16T12:00:00Z,0.0,-27.375,311.375,NaN
2023-05-16T12:00:00Z,0.0,-27.375,311.625,22.16
2023-05-17T12:00:00Z,0.0,-27.875,311.125,NaN
2023-05-17T12:00:00Z,0.0,-27.875,311.375,NaN
2023-05-17T12:00:00Z,0.0,-27.875,311.625,22.22
2023-05-17T12:00:00Z,0.0,-27.625,311.125,NaN
2023-05-17T12:00:00Z,0.0,-27.625,311.375,NaN
2023-05-17T12:00:00Z,0.0,-27.625,311.625,22.16
2023-05-17T12:00:00Z,0.0,-27.375,311.125,NaN
2023-05-17T12:00:00Z,0.0,-27.375,311.375,NaN
2023-05-17T12:00:00Z,0.0,-27.375,311.625,22.13
2023-05-18T12:00:00Z,0.0,-27.875,311.125,NaN
2023-05-18T12:00:00Z,0.0,-27.875,311.375,NaN
2023-05-18T12:00:00Z,0.0,-27.875,311.625,22.269999
2023-05-18T12:00:00Z,0.0,-27.625,311.125,NaN
2023-05-18T12:00:00Z,0.0,-27.625,311.375,NaN
2023-05-18T12:00:00Z,0.0,-27.625,311.625,22.189999
2023-05-18T12:00:00Z,0.0,-27.375,311.125,NaN
2023-05-18T12:00:00Z,0.0,-27.375,311.375,NaN
2023-05-18T12:00:00Z,0.0,-27.375,311.625,22.15
2023-05-19T12:00:00Z,0.0,-27.875,311.125,NaN
2023-05-19T12:00:00Z,0.0,-27.875,311.375,NaN
2023-05-19T12:00:00Z,0.0,-27.875,311.625,22.359999
2023-05-19T12:00:00Z,0.0,-27.625,311.125,NaN
2023-05-19T12:00:00Z,0.0,-27.625,311.375,NaN
2023-05-19T12:00:00Z,0.0,-27.625,311.625,22.269999
2023-05-19T12:00:00Z,0.0,-27.375,311.125,NaN
2023-05-19T12:00:00Z,0.0,-27.375,311.375,NaN
2023-05-19T12:00:00Z,0.0,-27.375,311.625,22.24
2023-05-20T12:00:00Z,0.0,-27.875,311.125,NaN
2023-05-20T12:00:00Z,0.0,-27.875,311.375,NaN
2023-05-20T12:00:00Z,0.0,-27.875,311.625,22.439999
2023-05-20T12:00:00Z,0.0,-27.625,311.125,NaN
2023-05-20T12:00:00Z,0.0,-27.625,311.375,NaN
2023-05-20T12:00:00Z,0.0,-27.625,311.625,22.359999
2023-05-20T12:00:00Z,0.0,-27.375,311.125,NaN
2023-05-20T12:00:00Z,0.0,-27.375,311.375,NaN
2023-05-20T12:00:00Z,0.0,-27.375,311.625,22.35
2023-05-21T12:00:00Z,0.0,-27.875,311.125,NaN
2023-05-21T12:00:00Z,0.0,-27.875,311.375,NaN
2023-05-21T12:00:00Z,0.0,-27.875,311.625,22.47
2023-05-21T12:00:00Z,0.0,-27.625,311.125,NaN
2023-05-21T12:00:00Z,0.0,-27.625,311.375,NaN
2023-05-21T12:00:00Z,0.0,-27.625,311.625,22.46
2023-05-21T12:00:00Z,0.0,-27.375,311.125,NaN
2023-05-21T12:00:00Z,0.0,-27.375,311.375,NaN
2023-05-21T12:00:00Z,0.0,-27.375,311.625,22.49
2023-05-22T12:00:00Z,0.0,-27.875,311.125,NaN
2023-05-22T12:00:00Z,0.0,-27.875,311.375,NaN
2023-05-22T12:00:00Z,0.0,-27.875,311.625,22.64
2023-05-22T12:00:00Z,0.0,-27.625,311.125,NaN
2023-05-22T12:00:00Z,0.0,-27.625,311.375,NaN
2023-05-22T12:00:00Z,0.0,-27.625,311.625,22.64
2023-05-22T12:00:00Z,0.0,-27.375,311.125,NaN
2023-05-22T12:00:00Z,0.0,-27.375,311.375,NaN
2023-05-22T12:00:00Z,0.0,-27.375,311.625,22.64
2023-05-23T12:00:00Z,0.0,-27.875,311.125,NaN
2023-05-23T12:00:00Z,0.0,-27.875,311.375,NaN
2023-05-23T12:00:00Z,0.0,-27.875,311.625,22.81
2023-05-23T12:00:00Z,0.0,-27.625,311.125,NaN
2023-05-23T12:00:00Z,0.0,-27.625,311.375,NaN
2023-05-23T12:00:00Z,0.0,-27.625,311.625,22.779999
2023-05-23T12:00:00Z,0.0,-27.375,311.125,NaN
2023-05-23T12:00:00Z,0.0,-27.375,311.375,NaN
2023-05-23T12:00:00Z,0.0,-27.375,311.625,22.75
2023-05-24T12:00:00Z,0.0,-27.875,311.125,NaN
2023-05-24T12:00:00Z,0.0,-27.875,311.375,NaN
2023-05-24T12:00:00Z,0.0,-27.875,311.625,22.859999
2023-05-24T12:00:00Z,0.0,-27.625,311.125,NaN
2023-05-24T12:00:00Z,0.0,-27.625,311.375,NaN
2023-05-24T12:00:00Z,0.0,-27.625,311.625,22.84
2023-05-24T12:00:00Z,0.0,-27.375,311.125,NaN
2023-05-24T12:00:00Z,0.0,-27.375,311.375,NaN
2023-05-24T12:00:00Z,0.0,-27.375,311.625,22.83
2023-05-25T12:00:00Z,0.0,-27.875,311.125,NaN
2023-05-25T12:00:00Z,0.0,-27.875,311.375,NaN
2023-05-25T12:00:00Z,0.0,-27.875,311.625,22.89
2023-05-25T12:00:00Z,0.0,-27.625,311.125,NaN
2023-05-25T12:00:00Z,0.0,-27.625,311.375,NaN
2023-05-25T12:00:00Z,0.0,-27.625,311.625,22.91
2023-05-25T12:00:00Z,0.0,-27.375,311.125,NaN
2023-05-25T12:00:00Z,0.0,-27.375,311.375,NaN
2023-05-25T12:00:00Z,0.0,-27.375,311.625,22.949999
2023-05-26T12:00:00Z,0.0,-27.875,311.125,NaN
2023-05-26T12:00:00Z,0.0,-27.875,311.375,NaN
2023-05-26T12:00:00Z,0.0,-27.875,311.625,22.98
2023-05-26T12:00:00Z,0.0,-27.625,311.125,NaN
2023-05-26T12:00:00Z,0.0,-27.625,311.375,NaN
2023-05-26T12:00:00Z,0.0,-27.625,311.625,22.98
2023-05-26T12:00:00Z,0.0,-27.375,311.125,NaN
2023-05-26T12:00:00Z,0.0,-27.375,311.375,NaN
2023-05-26T12:00:00Z,0.0,-27.375,311.625,23.01
2023-05-27T12:00:00Z,0.0,-27.875,311.125,NaN
2023-05-27T12:00:00Z,0.0,-27.875,311.375,NaN
2023-05-27T12:00:00Z,0.0,-27.875,311.625,23.119999
2023-05-27T12:00:00Z,0.0,-27.625,311.125,NaN
2023-05-27T12:00:00Z,0.0,-27.625,311.375,NaN
2023-05-27T12:00:00Z,0.0,-27.625,311.625,22.96
2023-05-27T12:00:00Z,0.0,-27.375,311.125,NaN
2023-05-27T12:00:00Z,0.0,-27.375,311.375,NaN
2023-05-27T12:00:00Z,0.0,-27.375,311.625,22.9
2023-05-28T12:00:00Z,0.0,-27.875,311.125,NaN
2023-05-28T12:00:00Z,0.0,-27.875,311.375,NaN
2023-05-28T12:00:00Z,0.0,-27.875,311.625,23.16
2023-05-28T12:00:00Z,0.0,-27.625,311.125,NaN
2023-05-28T12:00:00Z,0.0,-27.625,311.375,NaN
2023-05-28T12:00:00Z,0.0,-27.625,311.625,22.99
2023-05-28T12:00:00Z,0.0,-27.375,311.125,NaN
2023-05-28T12:00:00Z,0.0,-27.375,311.375,NaN
2023-05-28T12:00:00Z,0.0,-27.375,311.625,22.92
2023-05-29T12:00:00Z,0.0,-27.875,311.125,NaN
2023-05-29T12:00:00Z,0.0,-27.875,311.375,NaN
2023-05-29T12:00:00Z,0.0,-27.875,311.625,23.199999
2023-05-29T12:00:00Z,0.0,-27.625,311.125,NaN
2023-05-29T12:00:00Z,0.0,-27.625,311.375,NaN
2023-05-29T12:00:00Z,0.0,-27.625,311.625,23.15
2023-05-29T12:00:00Z,0.0,-27.375,311.125,NaN
2023-05-29T12:00:00Z,0.0,-27.375,311.375,NaN
2023-05-29T12:00:00Z,0.0,-27.375,311.625,23.109999
2023-05-30T12:00:00Z,0.0,-27.875,311.125,NaN
2023-05-30T12:00:00Z,0.0,-27.875,311.375,NaN
2023-05-30T12:00:00Z,0.0,-27.875,311.625,23.1
2023-05-30T12:00:00Z,0.0,-27.625,311.125,NaN
2023-05-30T12:00:00Z,0.0,-27.625,311.375,NaN
2023-05-30T12:00:00Z,0.0,-27.625,311.625,23.08
2023-05-30T12:00:00Z,0.0,-27.375,311.125,NaN
2023-05-30T12:00:00Z,0.0,-27.375,311.375,NaN
2023-05-30T12:00:00Z,0.0,-27.375,311.625,23.029999
2023-05-31T12:00:00Z,0.0,-27.875,311.125,NaN
2023-05-31T12:00:00Z,0.0,-27.875,311.375,NaN
2023-05-31T12:00:00Z,0.0,-27.875,311.625,22.96
2023-05-31T12:00:00Z,0.0,-27.625,311.125,NaN
2023-05-31T12:00:00Z,0.0,-27.625,311.375,NaN
2023-05-31T12:00:00Z,0.0,-27.625,311.625,22.96
2023-05-31T12:00:00Z,0.0,-27.375,311.125,NaN
2023-05-31T12:00:00Z,0.0,-27.375,311.375,NaN
2023-05-31T12:00:00Z,0.0,-27.375,311.625,22.93
2023-06-01T12:00:00Z,0.0,-27.875,311.125,NaN
2023-06-01T12:00:00Z,0.0,-27.875,311.375,NaN
2023-06-01T12:00:00Z,0.0,-27.875,311.625,22.859999
2023-06-01T12:00:00Z,0.0,-27.625,311.125,NaN
2023-06-01T12:00:00Z,0.0,-27.625,311.375,NaN
2023-06-01T12:00:00Z,0.0,-27.625,311.625,22.88
2023-06-01T12:00:00Z,0.0,-27.375,311.125,NaN
2023-06-01T12:00:00Z,0.0,-27.375,311.375,NaN
2023-06-01T12:00:00Z,0.0,-27.375,311.625,22.869999
2023-06-02T12:00:00Z,0.0,-27.875,311.125,NaN
2023-06-02T12:00:00Z,0.0,-27.875,311.375,NaN
2023-06-02T12:00:00Z,0.0,-27.875,311.625,22.779999
2023-06-02T12:00:00Z,0.0,-27.625,311.125,NaN
2023-06-02T12:00:00Z,0.0,-27.625,311.375,NaN
2023-06-02T12:00:00Z,0.0,-27.625,311.625,22.83
2023-06-02T12:00:00Z,0.0,-27.375,311.125,NaN
2023-06-02T12:00:00Z,0.0,-27.375,311.375,NaN
2023-06-02T12:00:00Z,0.0,-27.375,311.625,22.85
2023-06-03T12:00:00Z,0.0,-27.875,311.125,NaN
2023-06-03T12:00:00Z,0.0,-27.875,311.375,NaN
2023-06-03T12:00:00Z,0.0,-27.875,311.625,22.689999
2023-06-03T12:00:00Z,0.0,-27.625,311.125,NaN
2023-06-03T12:00:00Z,0.0,-27.625,311.375,NaN
2023-06-03T12:00:00Z,0.0,-27.625,311.625,22.74
2023-06-03T12:00:00Z,0.0,-27.375,311.125,NaN
2023-06-03T12:00:00Z,0.0,-27.375,311.375,NaN
2023-06-03T12:00:00Z,0.0,-27.375,311.625,22.769999
2023-06-04T12:00:00Z,0.0,-27.875,311.125,NaN
2023-06-04T12:00:00Z,0.0,-27.875,311.375,NaN
2023-06-04T12:00:00Z,0.0,-27.875,311.625,22.539999
2023-06-04T12:00:00Z,0.0,-27.625,311.125,NaN
2023-06-04T12:00:00Z,0.0,-27.625,311.375,NaN
2023-06-04T12:00:00Z,0.0,-27.625,311.625,22.609999
2023-06-04T12:00:00Z,0.0,-27.375,311.125,NaN
2023-06-04T12:00:00Z,0.0,-27.375,311.375,NaN
2023-06-04T12:00:00Z,0.0,-27.375,311.625,22.66
2023-06-05T12:00:00Z,0.0,-27.875,311.125,NaN
2023-06-05T12:00:00Z,0.0,-27.875,311.375,NaN
2023-06-05T12:00:00Z,0.0,-27.875,311.625,22.5
2023-06-05T12:00:00Z,0.0,-27.625,311.125,NaN
2023-06-05T12:00:00Z,0.0,-27.625,311.375,NaN
2023-06-05T12:00:00Z,0.0,-27.625,311.625,22.56
2023-06-05T12:00:00Z,0.0,-27.375,311.125,NaN
2023-06-05T12:00:00Z,0.0,-27.375,311.375,NaN
2023-06-05T12:00:00Z,0.0,-27.375,311.625,22.6
2023-06-06T12:00:00Z,0.0,-27.875,311.125,NaN
2023-06-06T12:00:00Z,0.0,-27.875,311.375,NaN
2023-06-06T12:00:00Z,0.0,-27.875,311.625,22.51
2023-06-06T12:00:00Z,0.0,-27.625,311.125,NaN
2023-06-06T12:00:00Z,0.0,-27.625,311.375,NaN
2023-06-06T12:00:00Z,0.0,-27.625,311.625,22.529999
2023-06-06T12:00:00Z,0.0,-27.375,311.125,NaN
2023-06-06T12:00:00Z,0.0,-27.375,311.375,NaN
2023-06-06T12:00:00Z,0.0,-27.375,311.625,22.56
2023-06-07T12:00:00Z,0.0,-27.875,311.125,NaN
2023-06-07T12:00:00Z,0.0,-27.875,311.375,NaN
2023-06-07T12:00:00Z,0.0,-27.875,311.625,22.519999
2023-06-07T12:00:00Z,0.0,-27.625,311.125,NaN
2023-06-07T12:00:00Z,0.0,-27.625,311.375,NaN
2023-06-07T12:00:00Z,0.0,-27.625,311.625,22.5
2023-06-07T12:00:00Z,0.0,-27.375,311.125,NaN
2023-06-07T12:00:00Z,0.0,-27.375,311.375,NaN
2023-06-07T12:00:00Z,0.0,-27.375,311.625,22.529999
2023-06-08T12:00:00Z,0.0,-27.875,311.125,NaN
2023-06-08T12:00:00Z,0.0,-27.875,311.375,NaN
2023-06-08T12:00:00Z,0.0,-27.875,311.625,22.48
2023-06-08T12:00:00Z,0.0,-27.625,311.125,NaN
2023-06-08T12:00:00Z,0.0,-27.625,311.375,NaN
2023-06-08T12:00:00Z,0.0,-27.625,311.625,22.439999
2023-06-08T12:00:00Z,0.0,-27.375,311.125,NaN
2023-06-08T12:00:00Z,0.0,-27.375,311.375,NaN
2023-06-08T12:00:00Z,0.0,-27.375,311.625,22.47
2023-06-09T12:00:00Z,0.0,-27.875,311.125,NaN
2023-06-09T12:00:00Z,0.0,-27.875,311.375,NaN
2023-06-09T12:00:00Z,0.0,-27.875,311.625,22.48
2023-06-09T12:00:00Z,0.0,-27.625,311.125,NaN
2023-06-09T12:00:00Z,0.0,-27.625,311.375,NaN
2023-06-09T12:00:00Z,0.0,-27.625,311.625,22.41
2023-06-09T12:00:00Z,0.0,-27.375,311.125,NaN
2023-06-09T12:00:00Z,0.0,-27.375,311.375,NaN
2023-06-09T12:00:00Z,0.0,-27.375,311.625,22.43
2023-06-10T12:00:00Z,0.0,-27.875,311.125,NaN
2023-06-10T12:00:00Z,0.0,-27.875,311.375,NaN
2023-06-10T12:00:00Z,0.0,-27.875,311.625,22.57
2023-06-10T12:00:00Z,0.0,-27.625,311.125,NaN
2023-06-10T12:00:00Z,0.0,-27.625,311.375,NaN
2023-06-10T12:00:00Z,0.0,-27.625,311.625,22.5
2023-06-10T12:00:00Z,0.0,-27.375,311.125,NaN
2023-06-10T12:00:00Z,0.0,-27.375,311.375,NaN
2023-06-10T12:00:00Z,0.0,-27.375,311.625,22.539999
2023-06-11T12:00:00Z,0.0,-27.875,311.125,NaN
2023-06-11T12:00:00Z,0.0,-27.875,311.375,NaN
2023-06-11T12:00:00Z,0.0,-27.875,311.625,22.6
2023-06-11T12:00:00Z,0.0,-27.625,311.125,NaN
2023-06-11T12:00:00Z,0.0,-27.625,311.375,NaN
2023-06-11T12:00:00Z,0.0,-27.625,311.625,22.539999
2023-06-11T12:00:00Z,0.0,-27.375,311.125,NaN
2023-06-11T12:00:00Z,0.0,-27.375,311.375,NaN
2023-06-11T12:00:00Z,0.0,-27.375,311.625,22.59
2023-06-12T12:00:00Z,0.0,-27.875,311.125,NaN
2023-06-12T12:00:00Z,0.0,-27.875,311.375,NaN
2023-06-12T12:00:00Z,0.0,-27.875,311.625,22.609999
2023-06-12T12:00:00Z,0.0,-27.625,311.125,NaN
2023-06-12T12:00:00Z,0.0,-27.625,311.375,NaN
2023-06-12T12:00:00Z,0.0,-27.625,311.625,22.57
2023-06-12T12:00:00Z,0.0,-27.375,311.125,NaN
2023-06-12T12:00:00Z,0.0,-27.375,311.375,NaN
2023-06-12T12:00:00Z,0.0,-27.375,311.625,22.609999
2023-06-13T12:00:00Z,0.0,-27.875,311.125,NaN
2023-06-13T12:00:00Z,0.0,-27.875,311.375,NaN
2023-06-13T12:00:00Z,0.0,-27.875,311.625,22.38
2023-06-13T12:00:00Z,0.0,-27.625,311.125,NaN
2023-06-13T12:00:00Z,0.0,-27.625,311.375,NaN
2023-06-13T12:00:00Z,0.0,-27.625,311.625,22.51
2023-06-13T12:00:00Z,0.0,-27.375,311.125,NaN
2023-06-13T12:00:00Z,0.0,-27.375,311.375,NaN
2023-06-13T12:00:00Z,0.0,-27.375,311.625,22.539999
2023-06-14T12:00:00Z,0.0,-27.875,311.125,NaN
2023-06-14T12:00:00Z,0.0,-27.875,311.375,NaN
2023-06-14T12:00:00Z,0.0,-27.875,311.625,22.24
2023-06-14T12:00:00Z,0.0,-27.625,311.125,NaN
2023-06-14T12:00:00Z,0.0,-27.625,311.375,NaN
2023-06-14T12:00:00Z,0.0,-27.625,311.625,22.31
2023-06-14T12:00:00Z,0.0,-27.375,311.125,NaN
2023-06-14T12:00:00Z,0.0,-27.375,311.375,NaN
2023-06-14T12:00:00Z,0.0,-27.375,311.625,22.359999
2023-06-15T12:00:00Z,0.0,-27.875,311.125,NaN
2023-06-15T12:00:00Z,0.0,-27.875,311.375,NaN
2023-06-15T12:00:00Z,0.0,-27.875,311.625,21.74
2023-06-15T12:00:00Z,0.0,-27.625,311.125,NaN
2023-06-15T12:00:00Z,0.0,-27.625,311.375,NaN
2023-06-15T12:00:00Z,0.0,-27.625,311.625,21.73
2023-06-15T12:00:00Z,0.0,-27.375,311.125,NaN
2023-06-15T12:00:00Z,0.0,-27.375,311.375,NaN
2023-06-15T12:00:00Z,0.0,-27.375,311.625,21.73
2023-06-16T12:00:00Z,0.0,-27.875,311.125,NaN
2023-06-16T12:00:00Z,0.0,-27.875,311.375,NaN
2023-06-16T12:00:00Z,0.0,-27.875,311.625,21.6
2023-06-16T12:00:00Z,0.0,-27.625,311.125,NaN
2023-06-16T12:00:00Z,0.0,-27.625,311.375,NaN
2023-06-16T12:00:00Z,0.0,-27.625,311.625,21.58
2023-06-16T12:00:00Z,0.0,-27.375,311.125,NaN
2023-06-16T12:00:00Z,0.0,-27.375,311.375,NaN
2023-06-16T12:00:00Z,0.0,-27.375,311.625,21.56
2023-06-17T12:00:00Z,0.0,-27.875,311.125,NaN
2023-06-17T12:00:00Z,0.0,-27.875,311.375,NaN
2023-06-17T12:00:00Z,0.0,-27.875,311.625,21.24
2023-06-17T12:00:00Z,0.0,-27.625,311.125,NaN
2023-06-17T12:00:00Z,0.0,-27.625,311.375,NaN
2023-06-17T12:00:00Z,0.0,-27.625,311.625,21.25
2023-06-17T12:00:00Z,0.0,-27.375,311.125,NaN
2023-06-17T12:00:00Z,0.0,-27.375,311.375,NaN
2023-06-17T12:00:00Z,0.0,-27.375,311.625,21.26
2023-06-18T12:00:00Z,0.0,-27.875,311.125,NaN
2023-06-18T12:00:00Z,0.0,-27.875,311.375,NaN
2023-06-18T12:00:00Z,0.0,-27.875,311.625,20.66
2023-06-18T12:00:00Z,0.0,-27.625,311.125,NaN
2023-06-18T12:00:00Z,0.0,-27.625,311.375,NaN
2023-06-18T12:00:00Z,0.0,-27.625,311.625,20.689999
2023-06-18T12:00:00Z,0.0,-27.375,311.125,NaN
2023-06-18T12:00:00Z,0.0,-27.375,311.375,NaN
2023-06-18T12:00:00Z,0.0,-27.375,311.625,20.74
2023-06-19T12:00:00Z,0.0,-27.875,311.125,NaN
2023-06-19T12:00:00Z,0.0,-27.875,311.375,NaN
2023-06-19T12:00:00Z,0.0,-27.875,311.625,20.23
2023-06-19T12:00:00Z,0.0,-27.625,311.125,NaN
2023-06-19T12:00:00Z,0.0,-27.625,311.375,NaN
2023-06-19T12:00:00Z,0.0,-27.625,311.625,20.279999
2023-06-19T12:00:00Z,0.0,-27.375,311.125,NaN
2023-06-19T12:00:00Z,0.0,-27.375,311.375,NaN
2023-06-19T12:00:00Z,0.0,-27.375,311.625,20.39
2023-06-20T12:00:00Z,0.0,-27.875,311.125,NaN
2023-06-20T12:00:00Z,0.0,-27.875,311.375,NaN
2023-06-20T12:00:00Z,0.0,-27.875,311.625,20.08
2023-06-20T12:00:00Z,0.0,-27.625,311.125,NaN
2023-06-20T12:00:00Z,0.0,-27.625,311.375,NaN
2023-06-20T12:00:00Z,0.0,-27.625,311.625,20.13
2023-06-20T12:00:00Z,0.0,-27.375,311.125,NaN
2023-06-20T12:00:00Z,0.0,-27.375,311.375,NaN
2023-06-20T12:00:00Z,0.0,-27.375,311.625,20.25
2023-06-21T12:00:00Z,0.0,-27.875,311.125,NaN
2023-06-21T12:00:00Z,0.0,-27.875,311.375,NaN
2023-06-21T12:00:00Z,0.0,-27.875,311.625,20.0
2023-06-21T12:00:00Z,0.0,-27.625,311.125,NaN
2023-06-21T12:00:00Z,0.0,-27.625,311.375,NaN
2023-06-21T12:00:00Z,0.0,-27.625,311.625,20.06
2023-06-21T12:00:00Z,0.0,-27.375,311.125,NaN
2023-06-21T12:00:00Z,0.0,-27.375,311.375,NaN
2023-06-21T12:00:00Z,0.0,-27.375,311.625,20.16
2023-06-22T12:00:00Z,0.0,-27.875,311.125,NaN
2023-06-22T12:00:00Z,0.0,-27.875,311.375,NaN
2023-06-22T12:00:00Z,0.0,-27.875,311.625,20.0
2023-06-22T12:00:00Z,0.0,-27.625,311.125,NaN
2023-06-22T12:00:00Z,0.0,-27.625,311.375,NaN
2023-06-22T12:00:00Z,0.0,-27.625,311.625,20.05
2023-06-22T12:00:00Z,0.0,-27.375,311.125,NaN
2023-06-22T12:00:00Z,0.0,-27.375,311.375,NaN
2023-06-22T12:00:00Z,0.0,-27.375,311.625,20.18
2023-06-23T12:00:00Z,0.0,-27.875,311.125,NaN
2023-06-23T12:00:00Z,0.0,-27.875,311.375,NaN
2023-06-23T12:00:00Z,0.0,-27.875,311.625,20.01
2023-06-23T12:00:00Z,0.0,-27.625,311.125,NaN
2023-06-23T12:00:00Z,0.0,-27.625,311.375,NaN
2023-06-23T12:00:00Z,0.0,-27.625,311.625,20.14
2023-06-23T12:00:00Z,0.0,-27.375,311.125,NaN
2023-06-23T12:00:00Z,0.0,-27.375,311.375,NaN
2023-06-23T12:00:00Z,0.0,-27.375,311.625,20.32
2023-06-24T12:00:00Z,0.0,-27.875,311.125,NaN
2023-06-24T12:00:00Z,0.0,-27.875,311.375,NaN
2023-06-24T12:00:00Z,0.0,-27.875,311.625,20.22
2023-06-24T12:00:00Z,0.0,-27.625,311.125,NaN
2023-06-24T12:00:00Z,0.0,-27.625,311.375,NaN
2023-06-24T12:00:00Z,0.0,-27.625,311.625,20.369999
2023-06-24T12:00:00Z,0.0,-27.375,311.125,NaN
2023-06-24T12:00:00Z,0.0,-27.375,311.375,NaN
2023-06-24T12:00:00Z,0.0,-27.375,311.625,20.56
2023-06-25T12:00:00Z,0.0,-27.875,311.125,NaN
2023-06-25T12:00:00Z,0.0,-27.875,311.375,NaN
2023-06-25T12:00:00Z,0.0,-27.875,311.625,20.58
2023-06-25T12:00:00Z,0.0,-27.625,311.125,NaN
2023-06-25T12:00:00Z,0.0,-27.625,311.375,NaN
2023-06-25T12:00:00Z,0.0,-27.625,311.625,20.689999
2023-06-25T12:00:00Z,0.0,-27.375,311.125,NaN
2023-06-25T12:00:00Z,0.0,-27.375,311.375,NaN
2023-06-25T12:00:00Z,0.0,-27.375,311.625,20.81
2023-06-26T12:00:00Z,0.0,-27.875,311.125,NaN
2023-06-26T12:00:00Z,0.0,-27.875,311.375,NaN
2023-06-26T12:00:00Z,0.0,-27.875,311.625,20.68
2023-06-26T12:00:00Z,0.0,-27.625,311.125,NaN
2023-06-26T12:00:00Z,0.0,-27.625,311.375,NaN
2023-06-26T12:00:00Z,0.0,-27.625,311.625,20.789999
2023-06-26T12:00:00Z,0.0,-27.375,311.125,NaN
2023-06-26T12:00:00Z,0.0,-27.375,311.375,NaN
2023-06-26T12:00:00Z,0.0,-27.375,311.625,20.91
2023-06-27T12:00:00Z,0.0,-27.875,311.125,NaN
2023-06-27T12:00:00Z,0.0,-27.875,311.375,NaN
2023-06-27T12:00:00Z,0.0,-27.875,311.625,20.66
2023-06-27T12:00:00Z,0.0,-27.625,311.125,NaN
2023-06-27T12:00:00Z,0.0,-27.625,311.375,NaN
2023-06-27T12:00:00Z,0.0,-27.625,311.625,20.75
2023-06-27T12:00:00Z,0.0,-27.375,311.125,NaN
2023-06-27T12:00:00Z,0.0,-27.375,311.375,NaN
2023-06-27T12:00:00Z,0.0,-27.375,311.625,20.859999
2023-06-28T12:00:00Z,0.0,-27.875,311.125,NaN
2023-06-28T12:00:00Z,0.0,-27.875,311.375,NaN
2023-06-28T12:00:00Z,0.0,-27.875,311.625,20.63
2023-06-28T12:00:00Z,0.0,-27.625,311.125,NaN
2023-06-28T12:00:00Z,0.0,-27.625,311.375,NaN
2023-06-28T12:00:00Z,0.0,-27.625,311.625,20.72
2023-06-28T12:00:00Z,0.0,-27.375,311.125,NaN
2023-06-28T12:00:00Z,0.0,-27.375,311.375,NaN
2023-06-28T12:00:00Z,0.0,-27.375,311.625,20.82
2023-06-29T12:00:00Z,0.0,-27.875,311.125,NaN
2023-06-29T12:00:00Z,0.0,-27.875,311.375,NaN
2023-06-29T12:00:00Z,0.0,-27.875,311.625,20.359999
2023-06-29T12:00:00Z,0.0,-27.625,311.125,NaN
2023-06-29T12:00:00Z,0.0,-27.625,311.375,NaN
2023-06-29T12:00:00Z,0.0,-27.625,311.625,20.51
2023-06-29T12:00:00Z,0.0,-27.375,311.125,NaN
2023-06-29T12:00:00Z,0.0,-27.375,311.375,NaN
2023-06-29T12:00:00Z,0.0,-27.375,311.625,20.63
2023-06-30T12:00:00Z,0.0,-27.875,311.125,NaN
2023-06-30T12:00:00Z,0.0,-27.875,311.375,NaN
2023-06-30T12:00:00Z,0.0,-27.875,311.625,19.88
2023-06-30T12:00:00Z,0.0,-27.625,311.125,NaN
2023-06-30T12:00:00Z,0.0,-27.625,311.375,NaN
2023-06-30T12:00:00Z,0.0,-27.625,311.625,20.06
2023-06-30T12:00:00Z,0.0,-27.375,311.125,NaN
2023-06-30T12:00:00Z,0.0,-27.375,311.375,NaN
2023-06-30T12:00:00Z,0.0,-27.375,311.625,20.25
2023-07-01T12:00:00Z,0.0,-27.875,311.125,NaN
2023-07-01T12:00:00Z,0.0,-27.875,311.375,NaN
2023-07-01T12:00:00Z,0.0,-27.875,311.625,19.66
2023-07-01T12:00:00Z,0.0,-27.625,311.125,NaN
2023-07-01T12:00:00Z,0.0,-27.625,311.375,NaN
2023-07-01T12:00:00Z,0.0,-27.625,311.625,19.8
2023-07-01T12:00:00Z,0.0,-27.375,311.125,NaN
2023-07-01T12:00:00Z,0.0,-27.375,311.375,NaN
2023-07-01T12:00:00Z,0.0,-27.375,311.625,19.97
2023-07-02T12:00:00Z,0.0,-27.875,311.125,NaN
2023-07-02T12:00:00Z,0.0,-27.875,311.375,NaN
2023-07-02T12:00:00Z,0.0,-27.875,311.625,19.72
2023-07-02T12:00:00Z,0.0,-27.625,311.125,NaN
2023-07-02T12:00:00Z,0.0,-27.625,311.375,NaN
2023-07-02T12:00:00Z,0.0,-27.625,311.625,19.859999
2023-07-02T12:00:00Z,0.0,-27.375,311.125,NaN
2023-07-02T12:00:00Z,0.0,-27.375,311.375,NaN
2023-07-02T12:00:00Z,0.0,-27.375,311.625,20.01
2023-07-03T12:00:00Z,0.0,-27.875,311.125,NaN
2023-07-03T12:00:00Z,0.0,-27.875,311.375,NaN
2023-07-03T12:00:00Z,0.0,-27.875,311.625,19.72
2023-07-03T12:00:00Z,0.0,-27.625,311.125,NaN
2023-07-03T12:00:00Z,0.0,-27.625,311.375,NaN
2023-07-03T12:00:00Z,0.0,-27.625,311.625,19.89
2023-07-03T12:00:00Z,0.0,-27.375,311.125,NaN
2023-07-03T12:00:00Z,0.0,-27.375,311.375,NaN
2023-07-03T12:00:00Z,0.0,-27.375,311.625,20.05
2023-07-04T12:00:00Z,0.0,-27.875,311.125,NaN
2023-07-04T12:00:00Z,0.0,-27.875,311.375,NaN
2023-07-04T12:00:00Z,0.0,-27.875,311.625,19.81
2023-07-04T12:00:00Z,0.0,-27.625,311.125,NaN
2023-07-04T12:00:00Z,0.0,-27.625,311.375,NaN
2023-07-04T12:00:00Z,0.0,-27.625,311.625,19.97
2023-07-04T12:00:00Z,0.0,-27.375,311.125,NaN
2023-07-04T12:00:00Z,0.0,-27.375,311.375,NaN
2023-07-04T12:00:00Z,0.0,-27.375,311.625,20.13
2023-07-05T12:00:00Z,0.0,-27.875,311.125,NaN
2023-07-05T12:00:00Z,0.0,-27.875,311.375,NaN
2023-07-05T12:00:00Z,0.0,-27.875,311.625,19.97
2023-07-05T12:00:00Z,0.0,-27.625,311.125,NaN
2023-07-05T12:00:00Z,0.0,-27.625,311.375,NaN
2023-07-05T12:00:00Z,0.0,-27.625,311.625,20.1
2023-07-05T12:00:00Z,0.0,-27.375,311.125,NaN
2023-07-05T12:00:00Z,0.0,-27.375,311.375,NaN
2023-07-05T12:00:00Z,0.0,-27.375,311.625,20.21
2023-07-06T12:00:00Z,0.0,-27.875,311.125,NaN
2023-07-06T12:00:00Z,0.0,-27.875,311.375,NaN
2023-07-06T12:00:00Z,0.0,-27.875,311.625,20.109999
2023-07-06T12:00:00Z,0.0,-27.625,311.125,NaN
2023-07-06T12:00:00Z,0.0,-27.625,311.375,NaN
2023-07-06T12:00:00Z,0.0,-27.625,311.625,20.21
2023-07-06T12:00:00Z,0.0,-27.375,311.125,NaN
2023-07-06T12:00:00Z,0.0,-27.375,311.375,NaN
2023-07-06T12:00:00Z,0.0,-27.375,311.625,20.289999
2023-07-07T12:00:00Z,0.0,-27.875,311.125,NaN
2023-07-07T12:00:00Z,0.0,-27.875,311.375,NaN
2023-07-07T12:00:00Z,0.0,-27.875,311.625,20.1
2023-07-07T12:00:00Z,0.0,-27.625,311.125,NaN
2023-07-07T12:00:00Z,0.0,-27.625,311.375,NaN
2023-07-07T12:00:00Z,0.0,-27.625,311.625,20.18
2023-07-07T12:00:00Z,0.0,-27.375,311.125,NaN
2023-07-07T12:00:00Z,0.0,-27.375,311.375,NaN
2023-07-07T12:00:00Z,0.0,-27.375,311.625,20.26
2023-07-08T12:00:00Z,0.0,-27.875,311.125,NaN
2023-07-08T12:00:00Z,0.0,-27.875,311.375,NaN
2023-07-08T12:00:00Z,0.0,-27.875,311.625,20.029999
2023-07-08T12:00:00Z,0.0,-27.625,311.125,NaN
2023-07-08T12:00:00Z,0.0,-27.625,311.375,NaN
2023-07-08T12:00:00Z,0.0,-27.625,311.625,20.1
2023-07-08T12:00:00Z,0.0,-27.375,311.125,NaN
2023-07-08T12:00:00Z,0.0,-27.375,311.375,NaN
2023-07-08T12:00:00Z,0.0,-27.375,311.625,20.199999
2023-07-09T12:00:00Z,0.0,-27.875,311.125,NaN
2023-07-09T12:00:00Z,0.0,-27.875,311.375,NaN
2023-07-09T12:00:00Z,0.0,-27.875,311.625,20.05
2023-07-09T12:00:00Z,0.0,-27.625,311.125,NaN
2023-07-09T12:00:00Z,0.0,-27.625,311.375,NaN
2023-07-09T12:00:00Z,0.0,-27.625,311.625,20.06
2023-07-09T12:00:00Z,0.0,-27.375,311.125,NaN
2023-07-09T12:00:00Z,0.0,-27.375,311.375,NaN
2023-07-09T12:00:00Z,0.0,-27.375,311.625,20.109999
2023-07-10T12:00:00Z,0.0,-27.875,311.125,NaN
2023-07-10T12:00:00Z,0.0,-27.875,311.375,NaN
2023-07-10T12:00:00Z,0.0,-27.875,311.625,19.99
2023-07-10T12:00:00Z,0.0,-27.625,311.125,NaN
2023-07-10T12:00:00Z,0.0,-27.625,311.375,NaN
2023-07-10T12:00:00Z,0.0,-27.625,311.625,20.01
2023-07-10T12:00:00Z,0.0,-27.375,311.125,NaN
2023-07-10T12:00:00Z,0.0,-27.375,311.375,NaN
2023-07-10T12:00:00Z,0.0,-27.375,311.625,20.039999
2023-07-11T12:00:00Z,0.0,-27.875,311.125,NaN
2023-07-11T12:00:00Z,0.0,-27.875,311.375,NaN
2023-07-11T12:00:00Z,0.0,-27.875,311.625,19.93
2023-07-11T12:00:00Z,0.0,-27.625,311.125,NaN
2023-07-11T12:00:00Z,0.0,-27.625,311.375,NaN
2023-07-11T12:00:00Z,0.0,-27.625,311.625,19.98
2023-07-11T12:00:00Z,0.0,-27.375,311.125,NaN
2023-07-11T12:00:00Z,0.0,-27.375,311.375,NaN
2023-07-11T12:00:00Z,0.0,-27.375,311.625,19.96
2023-07-12T12:00:00Z,0.0,-27.875,311.125,NaN
2023-07-12T12:00:00Z,0.0,-27.875,311.375,NaN
2023-07-12T12:00:00Z,0.0,-27.875,311.625,19.64
2023-07-12T12:00:00Z,0.0,-27.625,311.125,NaN
2023-07-12T12:00:00Z,0.0,-27.625,311.375,NaN
2023-07-12T12:00:00Z,0.0,-27.625,311.625,19.689999
2023-07-12T12:00:00Z,0.0,-27.375,311.125,NaN
2023-07-12T12:00:00Z,0.0,-27.375,311.375,NaN
2023-07-12T12:00:00Z,0.0,-27.375,311.625,19.74
2023-07-13T12:00:00Z,0.0,-27.875,311.125,NaN
2023-07-13T12:00:00Z,0.0,-27.875,311.375,NaN
2023-07-13T12:00:00Z,0.0,-27.875,311.625,19.619999
2023-07-13T12:00:00Z,0.0,-27.625,311.125,NaN
2023-07-13T12:00:00Z,0.0,-27.625,311.375,NaN
2023-07-13T12:00:00Z,0.0,-27.625,311.625,19.63
2023-07-13T12:00:00Z,0.0,-27.375,311.125,NaN
2023-07-13T12:00:00Z,0.0,-27.375,311.375,NaN
2023-07-13T12:00:00Z,0.0,-27.375,311.625,19.64
2023-07-14T12:00:00Z,0.0,-27.875,311.125,NaN
2023-07-14T12:00:00Z,0.0,-27.875,311.375,NaN
2023-07-14T12:00:00Z,0.0,-27.875,311.625,19.5
2023-07-14T12:00:00Z,0.0,-27.625,311.125,NaN
2023-07-14T12:00:00Z,0.0,-27.625,311.375,NaN
2023-07-14T12:00:00Z,0.0,-27.625,311.625,19.5
2023-07-14T12:00:00Z,0.0,-27.375,311.125,NaN
2023-07-14T12:00:00Z,0.0,-27.375,311.375,NaN
2023-07-14T12:00:00Z,0.0,-27.375,311.625,19.51
2023-07-15T12:00:00Z,0.0,-27.875,311.125,NaN
2023-07-15T12:00:00Z,0.0,-27.875,311.375,NaN
2023-07-15T12:00:00Z,0.0,-27.875,311.625,19.31
2023-07-15T12:00:00Z,0.0,-27.625,311.125,NaN
2023-07-15T12:00:00Z,0.0,-27.625,311.375,NaN
2023-07-15T12:00:00Z,0.0,-27.625,311.625,19.33
2023-07-15T12:00:00Z,0.0,-27.375,311.125,NaN
2023-07-15T12:00:00Z,0.0,-27.375,311.375,NaN
2023-07-15T12:00:00Z,0.0,-27.375,311.625,19.359999
2023-07-16T12:00:00Z,0.0,-27.875,311.125,NaN
2023-07-16T12:00:00Z,0.0,-27.875,311.375,NaN
2023-07-16T12:00:00Z,0.0,-27.875,311.625,19.23
2023-07-16T12:00:00Z,0.0,-27.625,311.125,NaN
2023-07-16T12:00:00Z,0.0,-27.625,311.375,NaN
2023-07-16T12:00:00Z,0.0,-27.625,311.625,19.24
2023-07-16T12:00:00Z,0.0,-27.375,311.125,NaN
2023-07-16T12:00:00Z,0.0,-27.375,311.375,NaN
2023-07-16T12:00:00Z,0.0,-27.375,311.625,19.27
2023-07-17T12:00:00Z,0.0,-27.875,311.125,NaN
2023-07-17T12:00:00Z,0.0,-27.875,311.375,NaN
2023-07-17T12:00:00Z,0.0,-27.875,311.625,19.189999
2023-07-17T12:00:00Z,0.0,-27.625,311.125,NaN
2023-07-17T12:00:00Z,0.0,-27.625,311.375,NaN
2023-07-17T12:00:00Z,0.0,-27.625,311.625,19.21
2023-07-17T12:00:00Z,0.0,-27.375,311.125,NaN
2023-07-17T12:00:00Z,0.0,-27.375,311.375,NaN
2023-07-17T12:00:00Z,0.0,-27.375,311.625,19.24
2023-07-18T12:00:00Z,0.0,-27.875,311.125,NaN
2023-07-18T12:00:00Z,0.0,-27.875,311.375,NaN
2023-07-18T12:00:00Z,0.0,-27.875,311.625,18.97
2023-07-18T12:00:00Z,0.0,-27.625,311.125,NaN
2023-07-18T12:00:00Z,0.0,-27.625,311.375,NaN
2023-07-18T12:00:00Z,0.0,-27.625,311.625,18.99
2023-07-18T12:00:00Z,0.0,-27.375,311.125,NaN
2023-07-18T12:00:00Z,0.0,-27.375,311.375,NaN
2023-07-18T12:00:00Z,0.0,-27.375,311.625,19.08
2023-07-19T12:00:00Z,0.0,-27.875,311.125,NaN
2023-07-19T12:00:00Z,0.0,-27.875,311.375,NaN
2023-07-19T12:00:00Z,0.0,-27.875,311.625,18.84
2023-07-19T12:00:00Z,0.0,-27.625,311.125,NaN
2023-07-19T12:00:00Z,0.0,-27.625,311.375,NaN
2023-07-19T12:00:00Z,0.0,-27.625,311.625,18.76
2023-07-19T12:00:00Z,0.0,-27.375,311.125,NaN
2023-07-19T12:00:00Z,0.0,-27.375,311.375,NaN
2023-07-19T12:00:00Z,0.0,-27.375,311.625,18.74
2023-07-20T12:00:00Z,0.0,-27.875,311.125,NaN
2023-07-20T12:00:00Z,0.0,-27.875,311.375,NaN
2023-07-20T12:00:00Z,0.0,-27.875,311.625,18.5
2023-07-20T12:00:00Z,0.0,-27.625,311.125,NaN
2023-07-20T12:00:00Z,0.0,-27.625,311.375,NaN
2023-07-20T12:00:00Z,0.0,-27.625,311.625,18.49
2023-07-20T12:00:00Z,0.0,-27.375,311.125,NaN
2023-07-20T12:00:00Z,0.0,-27.375,311.375,NaN
2023-07-20T12:00:00Z,0.0,-27.375,311.625,18.539999
2023-07-21T12:00:00Z,0.0,-27.875,311.125,NaN
2023-07-21T12:00:00Z,0.0,-27.875,311.375,NaN
2023-07-21T12:00:00Z,0.0,-27.875,311.625,18.34
2023-07-21T12:00:00Z,0.0,-27.625,311.125,NaN
2023-07-21T12:00:00Z,0.0,-27.625,311.375,NaN
2023-07-21T12:00:00Z,0.0,-27.625,311.625,18.42
2023-07-21T12:00:00Z,0.0,-27.375,311.125,NaN
2023-07-21T12:00:00Z,0.0,-27.375,311.375,NaN
2023-07-21T12:00:00Z,0.0,-27.375,311.625,18.539999
2023-07-22T12:00:00Z,0.0,-27.875,311.125,NaN
2023-07-22T12:00:00Z,0.0,-27.875,311.375,NaN
2023-07-22T12:00:00Z,0.0,-27.875,311.625,18.46
2023-07-22T12:00:00Z,0.0,-27.625,311.125,NaN
2023-07-22T12:00:00Z,0.0,-27.625,311.375,NaN
2023-07-22T12:00:00Z,0.0,-27.625,311.625,18.529999
2023-07-22T12:00:00Z,0.0,-27.375,311.125,NaN
2023-07-22T12:00:00Z,0.0,-27.375,311.375,NaN
2023-07-22T12:00:00Z,0.0,-27.375,311.625,18.619999
2023-07-23T12:00:00Z,0.0,-27.875,311.125,NaN
2023-07-23T12:00:00Z,0.0,-27.875,311.375,NaN
2023-07-23T12:00:00Z,0.0,-27.875,311.625,18.82
2023-07-23T12:00:00Z,0.0,-27.625,311.125,NaN
2023-07-23T12:00:00Z,0.0,-27.625,311.375,NaN
2023-07-23T12:00:00Z,0.0,-27.625,311.625,18.869999
2023-07-23T12:00:00Z,0.0,-27.375,311.125,NaN
2023-07-23T12:00:00Z,0.0,-27.375,311.375,NaN
2023-07-23T12:00:00Z,0.0,-27.375,311.625,18.93
2023-07-24T12:00:00Z,0.0,-27.875,311.125,NaN
2023-07-24T12:00:00Z,0.0,-27.875,311.375,NaN
2023-07-24T12:00:00Z,0.0,-27.875,311.625,19.02
2023-07-24T12:00:00Z,0.0,-27.625,311.125,NaN
2023-07-24T12:00:00Z,0.0,-27.625,311.375,NaN
2023-07-24T12:00:00Z,0.0,-27.625,311.625,19.06
2023-07-24T12:00:00Z,0.0,-27.375,311.125,NaN
2023-07-24T12:00:00Z,0.0,-27.375,311.375,NaN
2023-07-24T12:00:00Z,0.0,-27.375,311.625,19.119999
2023-07-25T12:00:00Z,0.0,-27.875,311.125,NaN
2023-07-25T12:00:00Z,0.0,-27.875,311.375,NaN
2023-07-25T12:00:00Z,0.0,-27.875,311.625,19.1
2023-07-25T12:00:00Z,0.0,-27.625,311.125,NaN
2023-07-25T12:00:00Z,0.0,-27.625,311.375,NaN
2023-07-25T12:00:00Z,0.0,-27.625,311.625,19.15
2023-07-25T12:00:00Z,0.0,-27.375,311.125,NaN
2023-07-25T12:00:00Z,0.0,-27.375,311.375,NaN
2023-07-25T12:00:00Z,0.0,-27.375,311.625,19.21
2023-07-26T12:00:00Z,0.0,-27.875,311.125,NaN
2023-07-26T12:00:00Z,0.0,-27.875,311.375,NaN
2023-07-26T12:00:00Z,0.0,-27.875,311.625,19.14
2023-07-26T12:00:00Z,0.0,-27.625,311.125,NaN
2023-07-26T12:00:00Z,0.0,-27.625,311.375,NaN
2023-07-26T12:00:00Z,0.0,-27.625,311.625,19.16
2023-07-26T12:00:00Z,0.0,-27.375,311.125,NaN
2023-07-26T12:00:00Z,0.0,-27.375,311.375,NaN
2023-07-26T12:00:00Z,0.0,-27.375,311.625,19.23
2023-07-27T12:00:00Z,0.0,-27.875,311.125,NaN
2023-07-27T12:00:00Z,0.0,-27.875,311.375,NaN
2023-07-27T12:00:00Z,0.0,-27.875,311.625,19.16
2023-07-27T12:00:00Z,0.0,-27.625,311.125,NaN
2023-07-27T12:00:00Z,0.0,-27.625,311.375,NaN
2023-07-27T12:00:00Z,0.0,-27.625,311.625,19.25
2023-07-27T12:00:00Z,0.0,-27.375,311.125,NaN
2023-07-27T12:00:00Z,0.0,-27.375,311.375,NaN
2023-07-27T12:00:00Z,0.0,-27.375,311.625,19.33
2023-07-28T12:00:00Z,0.0,-27.875,311.125,NaN
2023-07-28T12:00:00Z,0.0,-27.875,311.375,NaN
2023-07-28T12:00:00Z,0.0,-27.875,311.625,19.0
2023-07-28T12:00:00Z,0.0,-27.625,311.125,NaN
2023-07-28T12:00:00Z,0.0,-27.625,311.375,NaN
2023-07-28T12:00:00Z,0.0,-27.625,311.625,19.08
2023-07-28T12:00:00Z,0.0,-27.375,311.125,NaN
2023-07-28T12:00:00Z,0.0,-27.375,311.375,NaN
2023-07-28T12:00:00Z,0.0,-27.375,311.625,19.189999
2023-07-29T12:00:00Z,0.0,-27.875,311.125,NaN
2023-07-29T12:00:00Z,0.0,-27.875,311.375,NaN
2023-07-29T12:00:00Z,0.0,-27.875,311.625,18.82
2023-07-29T12:00:00Z,0.0,-27.625,311.125,NaN
2023-07-29T12:00:00Z,0.0,-27.625,311.375,NaN
2023-07-29T12:00:00Z,0.0,-27.625,311.625,18.869999
2023-07-29T12:00:00Z,0.0,-27.375,311.125,NaN
2023-07-29T12:00:00Z,0.0,-27.375,311.375,NaN
2023-07-29T12:00:00Z,0.0,-27.375,311.625,18.949999
2023-07-30T12:00:00Z,0.0,-27.875,311.125,NaN
2023-07-30T12:00:00Z,0.0,-27.875,311.375,NaN
2023-07-30T12:00:00Z,0.0,-27.875,311.625,18.71
2023-07-30T12:00:00Z,0.0,-27.625,311.125,NaN
2023-07-30T12:00:00Z,0.0,-27.625,311.375,NaN
2023-07-30T12:00:00Z,0.0,-27.625,311.625,18.72
2023-07-30T12:00:00Z,0.0,-27.375,311.125,NaN
2023-07-30T12:00:00Z,0.0,-27.375,311.375,NaN
2023-07-30T12:00:00Z,0.0,-27.375,311.625,18.779999
2023-07-31T12:00:00Z,0.0,-27.875,311.125,NaN
2023-07-31T12:00:00Z,0.0,-27.875,311.375,NaN
2023-07-31T12:00:00Z,0.0,-27.875,311.625,18.58
2023-07-31T12:00:00Z,0.0,-27.625,311.125,NaN
2023-07-31T12:00:00Z,0.0,-27.625,311.375,NaN
2023-07-31T12:00:00Z,0.0,-27.625,311.625,18.57
2023-07-31T12:00:00Z,0.0,-27.375,311.125,NaN
2023-07-31T12:00:00Z,0.0,-27.375,311.375,NaN
2023-07-31T12:00:00Z,0.0,-27.375,311.625,18.609999
2023-08-01T12:00:00Z,0.0,-27.875,311.125,NaN
2023-08-01T12:00:00Z,0.0,-27.875,311.375,NaN
2023-08-01T12:00:00Z,0.0,-27.875,311.625,18.359999
2023-08-01T12:00:00Z,0.0,-27.625,311.125,NaN
2023-08-01T12:00:00Z,0.0,-27.625,311.375,NaN
2023-08-01T12:00:00Z,0.0,-27.625,311.625,18.41
2023-08-01T12:00:00Z,0.0,-27.375,311.125,NaN
2023-08-01T12:00:00Z,0.0,-27.375,311.375,NaN
2023-08-01T12:00:00Z,0.0,-27.375,311.625,18.47
2023-08-02T12:00:00Z,0.0,-27.875,311.125,NaN
2023-08-02T12:00:00Z,0.0,-27.875,311.375,NaN
2023-08-02T12:00:00Z,0.0,-27.875,311.625,18.359999
2023-08-02T12:00:00Z,0.0,-27.625,311.125,NaN
2023-08-02T12:00:00Z,0.0,-27.625,311.375,NaN
2023-08-02T12:00:00Z,0.0,-27.625,311.625,18.48
2023-08-02T12:00:00Z,0.0,-27.375,311.125,NaN
2023-08-02T12:00:00Z,0.0,-27.375,311.375,NaN
2023-08-02T12:00:00Z,0.0,-27.375,311.625,18.59
2023-08-03T12:00:00Z,0.0,-27.875,311.125,NaN
2023-08-03T12:00:00Z,0.0,-27.875,311.375,NaN
2023-08-03T12:00:00Z,0.0,-27.875,311.625,18.34
2023-08-03T12:00:00Z,0.0,-27.625,311.125,NaN
2023-08-03T12:00:00Z,0.0,-27.625,311.375,NaN
2023-08-03T12:00:00Z,0.0,-27.625,311.625,18.529999
2023-08-03T12:00:00Z,0.0,-27.375,311.125,NaN
2023-08-03T12:00:00Z,0.0,-27.375,311.375,NaN
2023-08-03T12:00:00Z,0.0,-27.375,311.625,18.71
2023-08-04T12:00:00Z,0.0,-27.875,311.125,NaN
2023-08-04T12:00:00Z,0.0,-27.875,311.375,NaN
2023-08-04T12:00:00Z,0.0,-27.875,311.625,18.25
2023-08-04T12:00:00Z,0.0,-27.625,311.125,NaN
2023-08-04T12:00:00Z,0.0,-27.625,311.375,NaN
2023-08-04T12:00:00Z,0.0,-27.625,311.625,18.44
2023-08-04T12:00:00Z,0.0,-27.375,311.125,NaN
2023-08-04T12:00:00Z,0.0,-27.375,311.375,NaN
2023-08-04T12:00:00Z,0.0,-27.375,311.625,18.609999
2023-08-05T12:00:00Z,0.0,-27.875,311.125,NaN
2023-08-05T12:00:00Z,0.0,-27.875,311.375,NaN
2023-08-05T12:00:00Z,0.0,-27.875,311.625,18.24
2023-08-05T12:00:00Z,0.0,-27.625,311.125,NaN
2023-08-05T12:00:00Z,0.0,-27.625,311.375,NaN
2023-08-05T12:00:00Z,0.0,-27.625,311.625,18.4
2023-08-05T12:00:00Z,0.0,-27.375,311.125,NaN
2023-08-05T12:00:00Z,0.0,-27.375,311.375,NaN
2023-08-05T12:00:00Z,0.0,-27.375,311.625,18.58
2023-08-06T12:00:00Z,0.0,-27.875,311.125,NaN
2023-08-06T12:00:00Z,0.0,-27.875,311.375,NaN
2023-08-06T12:00:00Z,0.0,-27.875,311.625,18.3
2023-08-06T12:00:00Z,0.0,-27.625,311.125,NaN
2023-08-06T12:00:00Z,0.0,-27.625,311.375,NaN
2023-08-06T12:00:00Z,0.0,-27.625,311.625,18.42
2023-08-06T12:00:00Z,0.0,-27.375,311.125,NaN
2023-08-06T12:00:00Z,0.0,-27.375,311.375,NaN
2023-08-06T12:00:00Z,0.0,-27.375,311.625,18.59
2023-08-07T12:00:00Z,0.0,-27.875,311.125,NaN
2023-08-07T12:00:00Z,0.0,-27.875,311.375,NaN
2023-08-07T12:00:00Z,0.0,-27.875,311.625,18.449999
2023-08-07T12:00:00Z,0.0,-27.625,311.125,NaN
2023-08-07T12:00:00Z,0.0,-27.625,311.375,NaN
2023-08-07T12:00:00Z,0.0,-27.625,311.625,18.59
2023-08-07T12:00:00Z,0.0,-27.375,311.125,NaN
2023-08-07T12:00:00Z,0.0,-27.375,311.375,NaN
2023-08-07T12:00:00Z,0.0,-27.375,311.625,18.8
2023-08-08T12:00:00Z,0.0,-27.875,311.125,NaN
2023-08-08T12:00:00Z,0.0,-27.875,311.375,NaN
2023-08-08T12:00:00Z,0.0,-27.875,311.625,18.4
2023-08-08T12:00:00Z,0.0,-27.625,311.125,NaN
2023-08-08T12:00:00Z,0.0,-27.625,311.375,NaN
2023-08-08T12:00:00Z,0.0,-27.625,311.625,18.56
2023-08-08T12:00:00Z,0.0,-27.375,311.125,NaN
2023-08-08T12:00:00Z,0.0,-27.375,311.375,NaN
2023-08-08T12:00:00Z,0.0,-27.375,311.625,18.779999
2023-08-09T12:00:00Z,0.0,-27.875,311.125,NaN
2023-08-09T12:00:00Z,0.0,-27.875,311.375,NaN
2023-08-09T12:00:00Z,0.0,-27.875,311.625,18.27
2023-08-09T12:00:00Z,0.0,-27.625,311.125,NaN
2023-08-09T12:00:00Z,0.0,-27.625,311.375,NaN
2023-08-09T12:00:00Z,0.0,-27.625,311.625,18.47
2023-08-09T12:00:00Z,0.0,-27.375,311.125,NaN
2023-08-09T12:00:00Z,0.0,-27.375,311.375,NaN
2023-08-09T12:00:00Z,0.0,-27.375,311.625,18.72
2023-08-10T12:00:00Z,0.0,-27.875,311.125,NaN
2023-08-10T12:00:00Z,0.0,-27.875,311.375,NaN
2023-08-10T12:00:00Z,0.0,-27.875,311.625,18.26
2023-08-10T12:00:00Z,0.0,-27.625,311.125,NaN
2023-08-10T12:00:00Z,0.0,-27.625,311.375,NaN
2023-08-10T12:00:00Z,0.0,-27.625,311.625,18.47
2023-08-10T12:00:00Z,0.0,-27.375,311.125,NaN
2023-08-10T12:00:00Z,0.0,-27.375,311.375,NaN
2023-08-10T12:00:00Z,0.0,-27.375,311.625,18.69
2023-08-11T12:00:00Z,0.0,-27.875,311.125,NaN
2023-08-11T12:00:00Z,0.0,-27.875,311.375,NaN
2023-08-11T12:00:00Z,0.0,-27.875,311.625,18.199999
2023-08-11T12:00:00Z,0.0,-27.625,311.125,NaN
2023-08-11T12:00:00Z,0.0,-27.625,311.375,NaN
2023-08-11T12:00:00Z,0.0,-27.625,311.625,18.32
2023-08-11T12:00:00Z,0.0,-27.375,311.125,NaN
2023-08-11T12:00:00Z,0.0,-27.375,311.375,NaN
2023-08-11T12:00:00Z,0.0,-27.375,311.625,18.42
2023-08-12T12:00:00Z,0.0,-27.875,311.125,NaN
2023-08-12T12:00:00Z,0.0,-27.875,311.375,NaN
2023-08-12T12:00:00Z,0.0,-27.875,311.625,17.98
2023-08-12T12:00:00Z,0.0,-27.625,311.125,NaN
2023-08-12T12:00:00Z,0.0,-27.625,311.375,NaN
2023-08-12T12:00:00Z,0.0,-27.625,311.625,18.17
2023-08-12T12:00:00Z,0.0,-27.375,311.125,NaN
2023-08-12T12:00:00Z,0.0,-27.375,311.375,NaN
2023-08-12T12:00:00Z,0.0,-27.375,311.625,18.27
2023-08-13T12:00:00Z,0.0,-27.875,311.125,NaN
2023-08-13T12:00:00Z,0.0,-27.875,311.375,NaN
2023-08-13T12:00:00Z,0.0,-27.875,311.625,17.93
2023-08-13T12:00:00Z,0.0,-27.625,311.125,NaN
2023-08-13T12:00:00Z,0.0,-27.625,311.375,NaN
2023-08-13T12:00:00Z,0.0,-27.625,311.625,18.09
2023-08-13T12:00:00Z,0.0,-27.375,311.125,NaN
2023-08-13T12:00:00Z,0.0,-27.375,311.375,NaN
2023-08-13T12:00:00Z,0.0,-27.375,311.625,18.14
2023-08-14T12:00:00Z,0.0,-27.875,311.125,NaN
2023-08-14T12:00:00Z,0.0,-27.875,311.375,NaN
2023-08-14T12:00:00Z,0.0,-27.875,311.625,17.75
2023-08-14T12:00:00Z,0.0,-27.625,311.125,NaN
2023-08-14T12:00:00Z,0.0,-27.625,311.375,NaN
2023-08-14T12:00:00Z,0.0,-27.625,311.625,17.9
2023-08-14T12:00:00Z,0.0,-27.375,311.125,NaN
2023-08-14T12:00:00Z,0.0,-27.375,311.375,NaN
2023-08-14T12:00:00Z,0.0,-27.375,311.625,17.96
2023-08-15T12:00:00Z,0.0,-27.875,311.125,NaN
2023-08-15T12:00:00Z,0.0,-27.875,311.375,NaN
2023-08-15T12:00:00Z,0.0,-27.875,311.625,17.73
2023-08-15T12:00:00Z,0.0,-27.625,311.125,NaN
2023-08-15T12:00:00Z,0.0,-27.625,311.375,NaN
2023-08-15T12:00:00Z,0.0,-27.625,311.625,17.88
2023-08-15T12:00:00Z,0.0,-27.375,311.125,NaN
2023-08-15T12:00:00Z,0.0,-27.375,311.375,NaN
2023-08-15T12:00:00Z,0.0,-27.375,311.625,17.99
2023-08-16T12:00:00Z,0.0,-27.875,311.125,NaN
2023-08-16T12:00:00Z,0.0,-27.875,311.375,NaN
2023-08-16T12:00:00Z,0.0,-27.875,311.625,17.88
2023-08-16T12:00:00Z,0.0,-27.625,311.125,NaN
2023-08-16T12:00:00Z,0.0,-27.625,311.375,NaN
2023-08-16T12:00:00Z,0.0,-27.625,311.625,17.99
2023-08-16T12:00:00Z,0.0,-27.375,311.125,NaN
2023-08-16T12:00:00Z,0.0,-27.375,311.375,NaN
2023-08-16T12:00:00Z,0.0,-27.375,311.625,18.08
2023-08-17T12:00:00Z,0.0,-27.875,311.125,NaN
2023-08-17T12:00:00Z,0.0,-27.875,311.375,NaN
2023-08-17T12:00:00Z,0.0,-27.875,311.625,18.289999
2023-08-17T12:00:00Z,0.0,-27.625,311.125,NaN
2023-08-17T12:00:00Z,0.0,-27.625,311.375,NaN
2023-08-17T12:00:00Z,0.0,-27.625,311.625,18.5
2023-08-17T12:00:00Z,0.0,-27.375,311.125,NaN
2023-08-17T12:00:00Z,0.0,-27.375,311.375,NaN
2023-08-17T12:00:00Z,0.0,-27.375,311.625,18.69
2023-08-18T12:00:00Z,0.0,-27.875,311.125,NaN
2023-08-18T12:00:00Z,0.0,-27.875,311.375,NaN
2023-08-18T12:00:00Z,0.0,-27.875,311.625,18.619999
2023-08-18T12:00:00Z,0.0,-27.625,311.125,NaN
2023-08-18T12:00:00Z,0.0,-27.625,311.375,NaN
2023-08-18T12:00:00Z,0.0,-27.625,311.625,18.8
2023-08-18T12:00:00Z,0.0,-27.375,311.125,NaN
2023-08-18T12:00:00Z,0.0,-27.375,311.375,NaN
2023-08-18T12:00:00Z,0.0,-27.375,311.625,18.939999
2023-08-19T12:00:00Z,0.0,-27.875,311.125,NaN
2023-08-19T12:00:00Z,0.0,-27.875,311.375,NaN
2023-08-19T12:00:00Z,0.0,-27.875,311.625,18.529999
2023-08-19T12:00:00Z,0.0,-27.625,311.125,NaN
2023-08-19T12:00:00Z,0.0,-27.625,311.375,NaN
2023-08-19T12:00:00Z,0.0,-27.625,311.625,18.699999
2023-08-19T12:00:00Z,0.0,-27.375,311.125,NaN
2023-08-19T12:00:00Z,0.0,-27.375,311.375,NaN
2023-08-19T12:00:00Z,0.0,-27.375,311.625,18.83
2023-08-20T12:00:00Z,0.0,-27.875,311.125,NaN
2023-08-20T12:00:00Z,0.0,-27.875,311.375,NaN
2023-08-20T12:00:00Z,0.0,-27.875,311.625,18.46
2023-08-20T12:00:00Z,0.0,-27.625,311.125,NaN
2023-08-20T12:00:00Z,0.0,-27.625,311.375,NaN
2023-08-20T12:00:00Z,0.0,-27.625,311.625,18.66
2023-08-20T12:00:00Z,0.0,-27.375,311.125,NaN
2023-08-20T12:00:00Z,0.0,-27.375,311.375,NaN
2023-08-20T12:00:00Z,0.0,-27.375,311.625,18.8
2023-08-21T12:00:00Z,0.0,-27.875,311.125,NaN
2023-08-21T12:00:00Z,0.0,-27.875,311.375,NaN
2023-08-21T12:00:00Z,0.0,-27.875,311.625,18.369999
2023-08-21T12:00:00Z,0.0,-27.625,311.125,NaN
2023-08-21T12:00:00Z,0.0,-27.625,311.375,NaN
2023-08-21T12:00:00Z,0.0,-27.625,311.625,18.58
2023-08-21T12:00:00Z,0.0,-27.375,311.125,NaN
2023-08-21T12:00:00Z,0.0,-27.375,311.375,NaN
2023-08-21T12:00:00Z,0.0,-27.375,311.625,18.74
2023-08-22T12:00:00Z,0.0,-27.875,311.125,NaN
2023-08-22T12:00:00Z,0.0,-27.875,311.375,NaN
2023-08-22T12:00:00Z,0.0,-27.875,311.625,18.18
2023-08-22T12:00:00Z,0.0,-27.625,311.125,NaN
2023-08-22T12:00:00Z,0.0,-27.625,311.375,NaN
2023-08-22T12:00:00Z,0.0,-27.625,311.625,18.42
2023-08-22T12:00:00Z,0.0,-27.375,311.125,NaN
2023-08-22T12:00:00Z,0.0,-27.375,311.375,NaN
2023-08-22T12:00:00Z,0.0,-27.375,311.625,18.6
2023-08-23T12:00:00Z,0.0,-27.875,311.125,NaN
2023-08-23T12:00:00Z,0.0,-27.875,311.375,NaN
2023-08-23T12:00:00Z,0.0,-27.875,311.625,18.43
2023-08-23T12:00:00Z,0.0,-27.625,311.125,NaN
2023-08-23T12:00:00Z,0.0,-27.625,311.375,NaN
2023-08-23T12:00:00Z,0.0,-27.625,311.625,18.71
2023-08-23T12:00:00Z,0.0,-27.375,311.125,NaN
2023-08-23T12:00:00Z,0.0,-27.375,311.375,NaN
2023-08-23T12:00:00Z,0.0,-27.375,311.625,18.89
2023-08-24T12:00:00Z,0.0,-27.875,311.125,NaN
2023-08-24T12:00:00Z,0.0,-27.875,311.375,NaN
2023-08-24T12:00:00Z,0.0,-27.875,311.625,18.359999
2023-08-24T12:00:00Z,0.0,-27.625,311.125,NaN
2023-08-24T12:00:00Z,0.0,-27.625,311.375,NaN
2023-08-24T12:00:00Z,0.0,-27.625,311.625,18.64
2023-08-24T12:00:00Z,0.0,-27.375,311.125,NaN
2023-08-24T12:00:00Z,0.0,-27.375,311.375,NaN
2023-08-24T12:00:00Z,0.0,-27.375,311.625,18.869999
2023-08-25T12:00:00Z,0.0,-27.875,311.125,NaN
2023-08-25T12:00:00Z,0.0,-27.875,311.375,NaN
2023-08-25T12:00:00Z,0.0,-27.875,311.625,18.58
2023-08-25T12:00:00Z,0.0,-27.625,311.125,NaN
2023-08-25T12:00:00Z,0.0,-27.625,311.375,NaN
2023-08-25T12:00:00Z,0.0,-27.625,311.625,18.76
2023-08-25T12:00:00Z,0.0,-27.375,311.125,NaN
2023-08-25T12:00:00Z,0.0,-27.375,311.375,NaN
2023-08-25T12:00:00Z,0.0,-27.375,311.625,18.89
2023-08-26T12:00:00Z,0.0,-27.875,311.125,NaN
2023-08-26T12:00:00Z,0.0,-27.875,311.375,NaN
2023-08-26T12:00:00Z,0.0,-27.875,311.625,18.369999
2023-08-26T12:00:00Z,0.0,-27.625,311.125,NaN
2023-08-26T12:00:00Z,0.0,-27.625,311.375,NaN
2023-08-26T12:00:00Z,0.0,-27.625,311.625,18.56
2023-08-26T12:00:00Z,0.0,-27.375,311.125,NaN
2023-08-26T12:00:00Z,0.0,-27.375,311.375,NaN
2023-08-26T12:00:00Z,0.0,-27.375,311.625,18.74
2023-08-27T12:00:00Z,0.0,-27.875,311.125,NaN
2023-08-27T12:00:00Z,0.0,-27.875,311.375,NaN
2023-08-27T12:00:00Z,0.0,-27.875,311.625,17.89
2023-08-27T12:00:00Z,0.0,-27.625,311.125,NaN
2023-08-27T12:00:00Z,0.0,-27.625,311.375,NaN
2023-08-27T12:00:00Z,0.0,-27.625,311.625,18.07
2023-08-27T12:00:00Z,0.0,-27.375,311.125,NaN
2023-08-27T12:00:00Z,0.0,-27.375,311.375,NaN
2023-08-27T12:00:00Z,0.0,-27.375,311.625,18.32
2023-08-28T12:00:00Z,0.0,-27.875,311.125,NaN
2023-08-28T12:00:00Z,0.0,-27.875,311.375,NaN
2023-08-28T12:00:00Z,0.0,-27.875,311.625,17.34
2023-08-28T12:00:00Z,0.0,-27.625,311.125,NaN
2023-08-28T12:00:00Z,0.0,-27.625,311.375,NaN
2023-08-28T12:00:00Z,0.0,-27.625,311.625,17.56
2023-08-28T12:00:00Z,0.0,-27.375,311.125,NaN
2023-08-28T12:00:00Z,0.0,-27.375,311.375,NaN
2023-08-28T12:00:00Z,0.0,-27.375,311.625,17.82
2023-08-29T12:00:00Z,0.0,-27.875,311.125,NaN
2023-08-29T12:00:00Z,0.0,-27.875,311.375,NaN
2023-08-29T12:00:00Z,0.0,-27.875,311.625,17.14
2023-08-29T12:00:00Z,0.0,-27.625,311.125,NaN
2023-08-29T12:00:00Z,0.0,-27.625,311.375,NaN
2023-08-29T12:00:00Z,0.0,-27.625,311.625,17.42
2023-08-29T12:00:00Z,0.0,-27.375,311.125,NaN
2023-08-29T12:00:00Z,0.0,-27.375,311.375,NaN
2023-08-29T12:00:00Z,0.0,-27.375,311.625,17.66
2023-08-30T12:00:00Z,0.0,-27.875,311.125,NaN
2023-08-30T12:00:00Z,0.0,-27.875,311.375,NaN
2023-08-30T12:00:00Z,0.0,-27.875,311.625,17.119999
2023-08-30T12:00:00Z,0.0,-27.625,311.125,NaN
2023-08-30T12:00:00Z,0.0,-27.625,311.375,NaN
2023-08-30T12:00:00Z,0.0,-27.625,311.625,17.279999
2023-08-30T12:00:00Z,0.0,-27.375,311.125,NaN
2023-08-30T12:00:00Z,0.0,-27.375,311.375,NaN
2023-08-30T12:00:00Z,0.0,-27.375,311.625,17.44
2023-08-31T12:00:00Z,0.0,-27.875,311.125,NaN
2023-08-31T12:00:00Z,0.0,-27.875,311.375,NaN
2023-08-31T12:00:00Z,0.0,-27.875,311.625,17.369999
2023-08-31T12:00:00Z,0.0,-27.625,311.125,NaN
2023-08-31T12:00:00Z,0.0,-27.625,311.375,NaN
2023-08-31T12:00:00Z,0.0,-27.625,311.625,17.369999
2023-08-31T12:00:00Z,0.0,-27.375,311.125,NaN
2023-08-31T12:00:00Z,0.0,-27.375,311.375,NaN
2023-08-31T12:00:00Z,0.0,-27.375,311.625,17.43
2023-09-01T12:00:00Z,0.0,-27.875,311.125,NaN
2023-09-01T12:00:00Z,0.0,-27.875,311.375,NaN
2023-09-01T12:00:00Z,0.0,-27.875,311.625,17.46
2023-09-01T12:00:00Z,0.0,-27.625,311.125,NaN
2023-09-01T12:00:00Z,0.0,-27.625,311.375,NaN
2023-09-01T12:00:00Z,0.0,-27.625,311.625,17.39
2023-09-01T12:00:00Z,0.0,-27.375,311.125,NaN
2023-09-01T12:00:00Z,0.0,-27.375,311.375,NaN
2023-09-01T12:00:00Z,0.0,-27.375,311.625,17.41
2023-09-02T12:00:00Z,0.0,-27.875,311.125,NaN
2023-09-02T12:00:00Z,0.0,-27.875,311.375,NaN
2023-09-02T12:00:00Z,0.0,-27.875,311.625,17.49
2023-09-02T12:00:00Z,0.0,-27.625,311.125,NaN
2023-09-02T12:00:00Z,0.0,-27.625,311.375,NaN
2023-09-02T12:00:00Z,0.0,-27.625,311.625,17.4
2023-09-02T12:00:00Z,0.0,-27.375,311.125,NaN
2023-09-02T12:00:00Z,0.0,-27.375,311.375,NaN
2023-09-02T12:00:00Z,0.0,-27.375,311.625,17.44
2023-09-03T12:00:00Z,0.0,-27.875,311.125,NaN
2023-09-03T12:00:00Z,0.0,-27.875,311.375,NaN
2023-09-03T12:00:00Z,0.0,-27.875,311.625,17.48
2023-09-03T12:00:00Z,0.0,-27.625,311.125,NaN
2023-09-03T12:00:00Z,0.0,-27.625,311.375,NaN
2023-09-03T12:00:00Z,0.0,-27.625,311.625,17.32
2023-09-03T12:00:00Z,0.0,-27.375,311.125,NaN
2023-09-03T12:00:00Z,0.0,-27.375,311.375,NaN
2023-09-03T12:00:00Z,0.0,-27.375,311.625,17.359999
2023-09-04T12:00:00Z,0.0,-27.875,311.125,NaN
2023-09-04T12:00:00Z,0.0,-27.875,311.375,NaN
2023-09-04T12:00:00Z,0.0,-27.875,311.625,17.56
2023-09-04T12:00:00Z,0.0,-27.625,311.125,NaN
2023-09-04T12:00:00Z,0.0,-27.625,311.375,NaN
2023-09-04T12:00:00Z,0.0,-27.625,311.625,17.359999
2023-09-04T12:00:00Z,0.0,-27.375,311.125,NaN
2023-09-04T12:00:00Z,0.0,-27.375,311.375,NaN
2023-09-04T12:00:00Z,0.0,-27.375,311.625,17.31
2023-09-05T12:00:00Z,0.0,-27.875,311.125,NaN
2023-09-05T12:00:00Z,0.0,-27.875,311.375,NaN
2023-09-05T12:00:00Z,0.0,-27.875,311.625,17.59
2023-09-05T12:00:00Z,0.0,-27.625,311.125,NaN
2023-09-05T12:00:00Z,0.0,-27.625,311.375,NaN
2023-09-05T12:00:00Z,0.0,-27.625,311.625,17.449999
2023-09-05T12:00:00Z,0.0,-27.375,311.125,NaN
2023-09-05T12:00:00Z,0.0,-27.375,311.375,NaN
2023-09-05T12:00:00Z,0.0,-27.375,311.625,17.47
2023-09-06T12:00:00Z,0.0,-27.875,311.125,NaN
2023-09-06T12:00:00Z,0.0,-27.875,311.375,NaN
2023-09-06T12:00:00Z,0.0,-27.875,311.625,17.66
2023-09-06T12:00:00Z,0.0,-27.625,311.125,NaN
2023-09-06T12:00:00Z,0.0,-27.625,311.375,NaN
2023-09-06T12:00:00Z,0.0,-27.625,311.625,17.5
2023-09-06T12:00:00Z,0.0,-27.375,311.125,NaN
2023-09-06T12:00:00Z,0.0,-27.375,311.375,NaN
2023-09-06T12:00:00Z,0.0,-27.375,311.625,17.529999
2023-09-07T12:00:00Z,0.0,-27.875,311.125,NaN
2023-09-07T12:00:00Z,0.0,-27.875,311.375,NaN
2023-09-07T12:00:00Z,0.0,-27.875,311.625,17.8
2023-09-07T12:00:00Z,0.0,-27.625,311.125,NaN
2023-09-07T12:00:00Z,0.0,-27.625,311.375,NaN
2023-09-07T12:00:00Z,0.0,-27.625,311.625,17.64
2023-09-07T12:00:00Z,0.0,-27.375,311.125,NaN
2023-09-07T12:00:00Z,0.0,-27.375,311.375,NaN
2023-09-07T12:00:00Z,0.0,-27.375,311.625,17.67
2023-09-08T12:00:00Z,0.0,-27.875,311.125,NaN
2023-09-08T12:00:00Z,0.0,-27.875,311.375,NaN
2023-09-08T12:00:00Z,0.0,-27.875,311.625,18.039999
2023-09-08T12:00:00Z,0.0,-27.625,311.125,NaN
2023-09-08T12:00:00Z,0.0,-27.625,311.375,NaN
2023-09-08T12:00:00Z,0.0,-27.625,311.625,18.02
2023-09-08T12:00:00Z,0.0,-27.375,311.125,NaN
2023-09-08T12:00:00Z,0.0,-27.375,311.375,NaN
2023-09-08T12:00:00Z,0.0,-27.375,311.625,18.09
2023-09-09T12:00:00Z,0.0,-27.875,311.125,NaN
2023-09-09T12:00:00Z,0.0,-27.875,311.375,NaN
2023-09-09T12:00:00Z,0.0,-27.875,311.625,17.8
2023-09-09T12:00:00Z,0.0,-27.625,311.125,NaN
2023-09-09T12:00:00Z,0.0,-27.625,311.375,NaN
2023-09-09T12:00:00Z,0.0,-27.625,311.625,17.779999
2023-09-09T12:00:00Z,0.0,-27.375,311.125,NaN
2023-09-09T12:00:00Z,0.0,-27.375,311.375,NaN
2023-09-09T12:00:00Z,0.0,-27.375,311.625,17.89
2023-09-10T12:00:00Z,0.0,-27.875,311.125,NaN
2023-09-10T12:00:00Z,0.0,-27.875,311.375,NaN
2023-09-10T12:00:00Z,0.0,-27.875,311.625,17.92
2023-09-10T12:00:00Z,0.0,-27.625,311.125,NaN
2023-09-10T12:00:00Z,0.0,-27.625,311.375,NaN
2023-09-10T12:00:00Z,0.0,-27.625,311.625,17.93
2023-09-10T12:00:00Z,0.0,-27.375,311.125,NaN
2023-09-10T12:00:00Z,0.0,-27.375,311.375,NaN
2023-09-10T12:00:00Z,0.0,-27.375,311.625,18.05
2023-09-11T12:00:00Z,0.0,-27.875,311.125,NaN
2023-09-11T12:00:00Z,0.0,-27.875,311.375,NaN
2023-09-11T12:00:00Z,0.0,-27.875,311.625,18.23
2023-09-11T12:00:00Z,0.0,-27.625,311.125,NaN
2023-09-11T12:00:00Z,0.0,-27.625,311.375,NaN
2023-09-11T12:00:00Z,0.0,-27.625,311.625,18.26
2023-09-11T12:00:00Z,0.0,-27.375,311.125,NaN
2023-09-11T12:00:00Z,0.0,-27.375,311.375,NaN
2023-09-11T12:00:00Z,0.0,-27.375,311.625,18.35
2023-09-12T12:00:00Z,0.0,-27.875,311.125,NaN
2023-09-12T12:00:00Z,0.0,-27.875,311.375,NaN
2023-09-12T12:00:00Z,0.0,-27.875,311.625,18.59
2023-09-12T12:00:00Z,0.0,-27.625,311.125,NaN
2023-09-12T12:00:00Z,0.0,-27.625,311.375,NaN
2023-09-12T12:00:00Z,0.0,-27.625,311.625,18.59
2023-09-12T12:00:00Z,0.0,-27.375,311.125,NaN
2023-09-12T12:00:00Z,0.0,-27.375,311.375,NaN
2023-09-12T12:00:00Z,0.0,-27.375,311.625,18.65
2023-09-13T12:00:00Z,0.0,-27.875,311.125,NaN
2023-09-13T12:00:00Z,0.0,-27.875,311.375,NaN
2023-09-13T12:00:00Z,0.0,-27.875,311.625,19.0
2023-09-13T12:00:00Z,0.0,-27.625,311.125,NaN
2023-09-13T12:00:00Z,0.0,-27.625,311.375,NaN
2023-09-13T12:00:00Z,0.0,-27.625,311.625,19.08
2023-09-13T12:00:00Z,0.0,-27.375,311.125,NaN
2023-09-13T12:00:00Z,0.0,-27.375,311.375,NaN
2023-09-13T12:00:00Z,0.0,-27.375,311.625,19.09
2023-09-14T12:00:00Z,0.0,-27.875,311.125,NaN
2023-09-14T12:00:00Z,0.0,-27.875,311.375,NaN
2023-09-14T12:00:00Z,0.0,-27.875,311.625,18.51
2023-09-14T12:00:00Z,0.0,-27.625,311.125,NaN
2023-09-14T12:00:00Z,0.0,-27.625,311.375,NaN
2023-09-14T12:00:00Z,0.0,-27.625,311.625,18.66
2023-09-14T12:00:00Z,0.0,-27.375,311.125,NaN
2023-09-14T12:00:00Z,0.0,-27.375,311.375,NaN
2023-09-14T12:00:00Z,0.0,-27.375,311.625,18.77
2023-09-15T12:00:00Z,0.0,-27.875,311.125,NaN
2023-09-15T12:00:00Z,0.0,-27.875,311.375,NaN
2023-09-15T12:00:00Z,0.0,-27.875,311.625,18.4
2023-09-15T12:00:00Z,0.0,-27.625,311.125,NaN
2023-09-15T12:00:00Z,0.0,-27.625,311.375,NaN
2023-09-15T12:00:00Z,0.0,-27.625,311.625,18.51
2023-09-15T12:00:00Z,0.0,-27.375,311.125,NaN
2023-09-15T12:00:00Z,0.0,-27.375,311.375,NaN
2023-09-15T12:00:00Z,0.0,-27.375,311.625,18.619999
2023-09-16T12:00:00Z,0.0,-27.875,311.125,NaN
2023-09-16T12:00:00Z,0.0,-27.875,311.375,NaN
2023-09-16T12:00:00Z,0.0,-27.875,311.625,18.449999
2023-09-16T12:00:00Z,0.0,-27.625,311.125,NaN
2023-09-16T12:00:00Z,0.0,-27.625,311.375,NaN
2023-09-16T12:00:00Z,0.0,-27.625,311.625,18.56
2023-09-16T12:00:00Z,0.0,-27.375,311.125,NaN
2023-09-16T12:00:00Z,0.0,-27.375,311.375,NaN
2023-09-16T12:00:00Z,0.0,-27.375,311.625,18.69
2023-09-17T12:00:00Z,0.0,-27.875,311.125,NaN
2023-09-17T12:00:00Z,0.0,-27.875,311.375,NaN
2023-09-17T12:00:00Z,0.0,-27.875,311.625,18.9
2023-09-17T12:00:00Z,0.0,-27.625,311.125,NaN
2023-09-17T12:00:00Z,0.0,-27.625,311.375,NaN
2023-09-17T12:00:00Z,0.0,-27.625,311.625,19.0
2023-09-17T12:00:00Z,0.0,-27.375,311.125,NaN
2023-09-17T12:00:00Z,0.0,-27.375,311.375,NaN
2023-09-17T12:00:00Z,0.0,-27.375,311.625,19.1
2023-09-18T12:00:00Z,0.0,-27.875,311.125,NaN
2023-09-18T12:00:00Z,0.0,-27.875,311.375,NaN
2023-09-18T12:00:00Z,0.0,-27.875,311.625,19.33
2023-09-18T12:00:00Z,0.0,-27.625,311.125,NaN
2023-09-18T12:00:00Z,0.0,-27.625,311.375,NaN
2023-09-18T12:00:00Z,0.0,-27.625,311.625,19.47
2023-09-18T12:00:00Z,0.0,-27.375,311.125,NaN
2023-09-18T12:00:00Z,0.0,-27.375,311.375,NaN
2023-09-18T12:00:00Z,0.0,-27.375,311.625,19.57
2023-09-19T12:00:00Z,0.0,-27.875,311.125,NaN
2023-09-19T12:00:00Z,0.0,-27.875,311.375,NaN
2023-09-19T12:00:00Z,0.0,-27.875,311.625,19.51
2023-09-19T12:00:00Z,0.0,-27.625,311.125,NaN
2023-09-19T12:00:00Z,0.0,-27.625,311.375,NaN
2023-09-19T12:00:00Z,0.0,-27.625,311.625,19.609999
2023-09-19T12:00:00Z,0.0,-27.375,311.125,NaN
2023-09-19T12:00:00Z,0.0,-27.375,311.375,NaN
2023-09-19T12:00:00Z,0.0,-27.375,311.625,19.76
2023-09-20T12:00:00Z,0.0,-27.875,311.125,NaN
2023-09-20T12:00:00Z,0.0,-27.875,311.375,NaN
2023-09-20T12:00:00Z,0.0,-27.875,311.625,19.74
2023-09-20T12:00:00Z,0.0,-27.625,311.125,NaN
2023-09-20T12:00:00Z,0.0,-27.625,311.375,NaN
2023-09-20T12:00:00Z,0.0,-27.625,311.625,19.88
2023-09-20T12:00:00Z,0.0,-27.375,311.125,NaN
2023-09-20T12:00:00Z,0.0,-27.375,311.375,NaN
2023-09-20T12:00:00Z,0.0,-27.375,311.625,20.07
2023-09-21T12:00:00Z,0.0,-27.875,311.125,NaN
2023-09-21T12:00:00Z,0.0,-27.875,311.375,NaN
2023-09-21T12:00:00Z,0.0,-27.875,311.625,19.81
2023-09-21T12:00:00Z,0.0,-27.625,311.125,NaN
2023-09-21T12:00:00Z,0.0,-27.625,311.375,NaN
2023-09-21T12:00:00Z,0.0,-27.625,311.625,20.0
2023-09-21T12:00:00Z,0.0,-27.375,311.125,NaN
2023-09-21T12:00:00Z,0.0,-27.375,311.375,NaN
2023-09-21T12:00:00Z,0.0,-27.375,311.625,20.25
2023-09-22T12:00:00Z,0.0,-27.875,311.125,NaN
2023-09-22T12:00:00Z,0.0,-27.875,311.375,NaN
2023-09-22T12:00:00Z,0.0,-27.875,311.625,19.949999
2023-09-22T12:00:00Z,0.0,-27.625,311.125,NaN
2023-09-22T12:00:00Z,0.0,-27.625,311.375,NaN
2023-09-22T12:00:00Z,0.0,-27.625,311.625,20.21
2023-09-22T12:00:00Z,0.0,-27.375,311.125,NaN
2023-09-22T12:00:00Z,0.0,-27.375,311.375,NaN
2023-09-22T12:00:00Z,0.0,-27.375,311.625,20.51
2023-09-23T12:00:00Z,0.0,-27.875,311.125,NaN
2023-09-23T12:00:00Z,0.0,-27.875,311.375,NaN
2023-09-23T12:00:00Z,0.0,-27.875,311.625,20.289999
2023-09-23T12:00:00Z,0.0,-27.625,311.125,NaN
2023-09-23T12:00:00Z,0.0,-27.625,311.375,NaN
2023-09-23T12:00:00Z,0.0,-27.625,311.625,20.539999
2023-09-23T12:00:00Z,0.0,-27.375,311.125,NaN
2023-09-23T12:00:00Z,0.0,-27.375,311.375,NaN
2023-09-23T12:00:00Z,0.0,-27.375,311.625,20.83
2023-09-24T12:00:00Z,0.0,-27.875,311.125,NaN
2023-09-24T12:00:00Z,0.0,-27.875,311.375,NaN
2023-09-24T12:00:00Z,0.0,-27.875,311.625,20.59
2023-09-24T12:00:00Z,0.0,-27.625,311.125,NaN
2023-09-24T12:00:00Z,0.0,-27.625,311.375,NaN
2023-09-24T12:00:00Z,0.0,-27.625,311.625,20.84
2023-09-24T12:00:00Z,0.0,-27.375,311.125,NaN
2023-09-24T12:00:00Z,0.0,-27.375,311.375,NaN
2023-09-24T12:00:00Z,0.0,-27.375,311.625,21.09
2023-09-25T12:00:00Z,0.0,-27.875,311.125,NaN
2023-09-25T12:00:00Z,0.0,-27.875,311.375,NaN
2023-09-25T12:00:00Z,0.0,-27.875,311.625,20.449999
2023-09-25T12:00:00Z,0.0,-27.625,311.125,NaN
2023-09-25T12:00:00Z,0.0,-27.625,311.375,NaN
2023-09-25T12:00:00Z,0.0,-27.625,311.625,20.63
2023-09-25T12:00:00Z,0.0,-27.375,311.125,NaN
2023-09-25T12:00:00Z,0.0,-27.375,311.375,NaN
2023-09-25T12:00:00Z,0.0,-27.375,311.625,20.84
2023-09-26T12:00:00Z,0.0,-27.875,311.125,NaN
2023-09-26T12:00:00Z,0.0,-27.875,311.375,NaN
2023-09-26T12:00:00Z,0.0,-27.875,311.625,20.279999
2023-09-26T12:00:00Z,0.0,-27.625,311.125,NaN
2023-09-26T12:00:00Z,0.0,-27.625,311.375,NaN
2023-09-26T12:00:00Z,0.0,-27.625,311.625,20.42
2023-09-26T12:00:00Z,0.0,-27.375,311.125,NaN
2023-09-26T12:00:00Z,0.0,-27.375,311.375,NaN
2023-09-26T12:00:00Z,0.0,-27.375,311.625,20.6
2023-09-27T12:00:00Z,0.0,-27.875,311.125,NaN
2023-09-27T12:00:00Z,0.0,-27.875,311.375,NaN
2023-09-27T12:00:00Z,0.0,-27.875,311.625,19.39
2023-09-27T12:00:00Z,0.0,-27.625,311.125,NaN
2023-09-27T12:00:00Z,0.0,-27.625,311.375,NaN
2023-09-27T12:00:00Z,0.0,-27.625,311.625,19.57
2023-09-27T12:00:00Z,0.0,-27.375,311.125,NaN
2023-09-27T12:00:00Z,0.0,-27.375,311.375,NaN
2023-09-27T12:00:00Z,0.0,-27.375,311.625,19.789999
2023-09-28T12:00:00Z,0.0,-27.875,311.125,NaN
2023-09-28T12:00:00Z,0.0,-27.875,311.375,NaN
2023-09-28T12:00:00Z,0.0,-27.875,311.625,19.16
2023-09-28T12:00:00Z,0.0,-27.625,311.125,NaN
2023-09-28T12:00:00Z,0.0,-27.625,311.375,NaN
2023-09-28T12:00:00Z,0.0,-27.625,311.625,19.439999
2023-09-28T12:00:00Z,0.0,-27.375,311.125,NaN
2023-09-28T12:00:00Z,0.0,-27.375,311.375,NaN
2023-09-28T12:00:00Z,0.0,-27.375,311.625,19.699999
2023-09-29T12:00:00Z,0.0,-27.875,311.125,NaN
2023-09-29T12:00:00Z,0.0,-27.875,311.375,NaN
2023-09-29T12:00:00Z,0.0,-27.875,311.625,19.0
2023-09-29T12:00:00Z,0.0,-27.625,311.125,NaN
2023-09-29T12:00:00Z,0.0,-27.625,311.375,NaN
2023-09-29T12:00:00Z,0.0,-27.625,311.625,19.289999
2023-09-29T12:00:00Z,0.0,-27.375,311.125,NaN
2023-09-29T12:00:00Z,0.0,-27.375,311.375,NaN
2023-09-29T12:00:00Z,0.0,-27.375,311.625,19.63
2023-09-30T12:00:00Z,0.0,-27.875,311.125,NaN
2023-09-30T12:00:00Z,0.0,-27.875,311.375,NaN
2023-09-30T12:00:00Z,0.0,-27.875,311.625,19.01
2023-09-30T12:00:00Z,0.0,-27.625,311.125,NaN
2023-09-30T12:00:00Z,0.0,-27.625,311.375,NaN
2023-09-30T12:00:00Z,0.0,-27.625,311.625,19.15
2023-09-30T12:00:00Z,0.0,-27.375,311.125,NaN
2023-09-30T12:00:00Z,0.0,-27.375,311.375,NaN
2023-09-30T12:00:00Z,0.0,-27.375,311.625,19.26
2023-10-01T12:00:00Z,0.0,-27.875,311.125,NaN
2023-10-01T12:00:00Z,0.0,-27.875,311.375,NaN
2023-10-01T12:00:00Z,0.0,-27.875,311.625,18.84
2023-10-01T12:00:00Z,0.0,-27.625,311.125,NaN
2023-10-01T12:00:00Z,0.0,-27.625,311.375,NaN
2023-10-01T12:00:00Z,0.0,-27.625,311.625,18.92
2023-10-01T12:00:00Z,0.0,-27.375,311.125,NaN
2023-10-01T12:00:00Z,0.0,-27.375,311.375,NaN
2023-10-01T12:00:00Z,0.0,-27.375,311.625,19.039999
2023-10-02T12:00:00Z,0.0,-27.875,311.125,NaN
2023-10-02T12:00:00Z,0.0,-27.875,311.375,NaN
2023-10-02T12:00:00Z,0.0,-27.875,311.625,19.15
2023-10-02T12:00:00Z,0.0,-27.625,311.125,NaN
2023-10-02T12:00:00Z,0.0,-27.625,311.375,NaN
2023-10-02T12:00:00Z,0.0,-27.625,311.625,19.27
2023-10-02T12:00:00Z,0.0,-27.375,311.125,NaN
2023-10-02T12:00:00Z,0.0,-27.375,311.375,NaN
2023-10-02T12:00:00Z,0.0,-27.375,311.625,19.39
2023-10-03T12:00:00Z,0.0,-27.875,311.125,NaN
2023-10-03T12:00:00Z,0.0,-27.875,311.375,NaN
2023-10-03T12:00:00Z,0.0,-27.875,311.625,19.18
2023-10-03T12:00:00Z,0.0,-27.625,311.125,NaN
2023-10-03T12:00:00Z,0.0,-27.625,311.375,NaN
2023-10-03T12:00:00Z,0.0,-27.625,311.625,19.33
2023-10-03T12:00:00Z,0.0,-27.375,311.125,NaN
2023-10-03T12:00:00Z,0.0,-27.375,311.375,NaN
2023-10-03T12:00:00Z,0.0,-27.375,311.625,19.55
2023-10-04T12:00:00Z,0.0,-27.875,311.125,NaN
2023-10-04T12:00:00Z,0.0,-27.875,311.375,NaN
2023-10-04T12:00:00Z,0.0,-27.875,311.625,19.23
2023-10-04T12:00:00Z,0.0,-27.625,311.125,NaN
2023-10-04T12:00:00Z,0.0,-27.625,311.375,NaN
2023-10-04T12:00:00Z,0.0,-27.625,311.625,19.41
2023-10-04T12:00:00Z,0.0,-27.375,311.125,NaN
2023-10-04T12:00:00Z,0.0,-27.375,311.375,NaN
2023-10-04T12:00:00Z,0.0,-27.375,311.625,19.63
2023-10-05T12:00:00Z,0.0,-27.875,311.125,NaN
2023-10-05T12:00:00Z,0.0,-27.875,311.375,NaN
2023-10-05T12:00:00Z,0.0,-27.875,311.625,19.22
2023-10-05T12:00:00Z,0.0,-27.625,311.125,NaN
2023-10-05T12:00:00Z,0.0,-27.625,311.375,NaN
2023-10-05T12:00:00Z,0.0,-27.625,311.625,19.39
2023-10-05T12:00:00Z,0.0,-27.375,311.125,NaN
2023-10-05T12:00:00Z,0.0,-27.375,311.375,NaN
2023-10-05T12:00:00Z,0.0,-27.375,311.625,19.57
2023-10-06T12:00:00Z,0.0,-27.875,311.125,NaN
2023-10-06T12:00:00Z,0.0,-27.875,311.375,NaN
2023-10-06T12:00:00Z,0.0,-27.875,311.625,19.199999
2023-10-06T12:00:00Z,0.0,-27.625,311.125,NaN
2023-10-06T12:00:00Z,0.0,-27.625,311.375,NaN
2023-10-06T12:00:00Z,0.0,-27.625,311.625,19.39
2023-10-06T12:00:00Z,0.0,-27.375,311.125,NaN
2023-10-06T12:00:00Z,0.0,-27.375,311.375,NaN
2023-10-06T12:00:00Z,0.0,-27.375,311.625,19.59
2023-10-07T12:00:00Z,0.0,-27.875,311.125,NaN
2023-10-07T12:00:00Z,0.0,-27.875,311.375,NaN
2023-10-07T12:00:00Z,0.0,-27.875,311.625,19.039999
2023-10-07T12:00:00Z,0.0,-27.625,311.125,NaN
2023-10-07T12:00:00Z,0.0,-27.625,311.375,NaN
2023-10-07T12:00:00Z,0.0,-27.625,311.625,19.279999
2023-10-07T12:00:00Z,0.0,-27.375,311.125,NaN
2023-10-07T12:00:00Z,0.0,-27.375,311.375,NaN
2023-10-07T12:00:00Z,0.0,-27.375,311.625,19.63
2023-10-08T12:00:00Z,0.0,-27.875,311.125,NaN
2023-10-08T12:00:00Z,0.0,-27.875,311.375,NaN
2023-10-08T12:00:00Z,0.0,-27.875,311.625,19.199999
2023-10-08T12:00:00Z,0.0,-27.625,311.125,NaN
2023-10-08T12:00:00Z,0.0,-27.625,311.375,NaN
2023-10-08T12:00:00Z,0.0,-27.625,311.625,19.41
2023-10-08T12:00:00Z,0.0,-27.375,311.125,NaN
2023-10-08T12:00:00Z,0.0,-27.375,311.375,NaN
2023-10-08T12:00:00Z,0.0,-27.375,311.625,19.689999
2023-10-09T12:00:00Z,0.0,-27.875,311.125,NaN
2023-10-09T12:00:00Z,0.0,-27.875,311.375,NaN
2023-10-09T12:00:00Z,0.0,-27.875,311.625,19.35
2023-10-09T12:00:00Z,0.0,-27.625,311.125,NaN
2023-10-09T12:00:00Z,0.0,-27.625,311.375,NaN
2023-10-09T12:00:00Z,0.0,-27.625,311.625,19.56
2023-10-09T12:00:00Z,0.0,-27.375,311.125,NaN
2023-10-09T12:00:00Z,0.0,-27.375,311.375,NaN
2023-10-09T12:00:00Z,0.0,-27.375,311.625,19.83
2023-10-10T12:00:00Z,0.0,-27.875,311.125,NaN
2023-10-10T12:00:00Z,0.0,-27.875,311.375,NaN
2023-10-10T12:00:00Z,0.0,-27.875,311.625,19.57
2023-10-10T12:00:00Z,0.0,-27.625,311.125,NaN
2023-10-10T12:00:00Z,0.0,-27.625,311.375,NaN
2023-10-10T12:00:00Z,0.0,-27.625,311.625,19.789999
2023-10-10T12:00:00Z,0.0,-27.375,311.125,NaN
2023-10-10T12:00:00Z,0.0,-27.375,311.375,NaN
2023-10-10T12:00:00Z,0.0,-27.375,311.625,20.01
2023-10-11T12:00:00Z,0.0,-27.875,311.125,NaN
2023-10-11T12:00:00Z,0.0,-27.875,311.375,NaN
2023-10-11T12:00:00Z,0.0,-27.875,311.625,19.67
2023-10-11T12:00:00Z,0.0,-27.625,311.125,NaN
2023-10-11T12:00:00Z,0.0,-27.625,311.375,NaN
2023-10-11T12:00:00Z,0.0,-27.625,311.625,19.85
2023-10-11T12:00:00Z,0.0,-27.375,311.125,NaN
2023-10-11T12:00:00Z,0.0,-27.375,311.375,NaN
2023-10-11T12:00:00Z,0.0,-27.375,311.625,20.02
2023-10-12T12:00:00Z,0.0,-27.875,311.125,NaN
2023-10-12T12:00:00Z,0.0,-27.875,311.375,NaN
2023-10-12T12:00:00Z,0.0,-27.875,311.625,19.72
2023-10-12T12:00:00Z,0.0,-27.625,311.125,NaN
2023-10-12T12:00:00Z,0.0,-27.625,311.375,NaN
2023-10-12T12:00:00Z,0.0,-27.625,311.625,19.869999
2023-10-12T12:00:00Z,0.0,-27.375,311.125,NaN
2023-10-12T12:00:00Z,0.0,-27.375,311.375,NaN
2023-10-12T12:00:00Z,0.0,-27.375,311.625,20.01
2023-10-13T12:00:00Z,0.0,-27.875,311.125,NaN
2023-10-13T12:00:00Z,0.0,-27.875,311.375,NaN
2023-10-13T12:00:00Z,0.0,-27.875,311.625,19.43
2023-10-13T12:00:00Z,0.0,-27.625,311.125,NaN
2023-10-13T12:00:00Z,0.0,-27.625,311.375,NaN
2023-10-13T12:00:00Z,0.0,-27.625,311.625,19.6
2023-10-13T12:00:00Z,0.0,-27.375,311.125,NaN
2023-10-13T12:00:00Z,0.0,-27.375,311.375,NaN
2023-10-13T12:00:00Z,0.0,-27.375,311.625,19.72
2023-10-14T12:00:00Z,0.0,-27.875,311.125,NaN
2023-10-14T12:00:00Z,0.0,-27.875,311.375,NaN
2023-10-14T12:00:00Z,0.0,-27.875,311.625,19.24
2023-10-14T12:00:00Z,0.0,-27.625,311.125,NaN
2023-10-14T12:00:00Z,0.0,-27.625,311.375,NaN
2023-10-14T12:00:00Z,0.0,-27.625,311.625,19.43
2023-10-14T12:00:00Z,0.0,-27.375,311.125,NaN
2023-10-14T12:00:00Z,0.0,-27.375,311.375,NaN
2023-10-14T12:00:00Z,0.0,-27.375,311.625,19.539999
2023-10-15T12:00:00Z,0.0,-27.875,311.125,NaN
2023-10-15T12:00:00Z,0.0,-27.875,311.375,NaN
2023-10-15T12:00:00Z,0.0,-27.875,311.625,19.05
2023-10-15T12:00:00Z,0.0,-27.625,311.125,NaN
2023-10-15T12:00:00Z,0.0,-27.625,311.375,NaN
2023-10-15T12:00:00Z,0.0,-27.625,311.625,19.289999
2023-10-15T12:00:00Z,0.0,-27.375,311.125,NaN
2023-10-15T12:00:00Z,0.0,-27.375,311.375,NaN
2023-10-15T12:00:00Z,0.0,-27.375,311.625,19.51
2023-10-16T12:00:00Z,0.0,-27.875,311.125,NaN
2023-10-16T12:00:00Z,0.0,-27.875,311.375,NaN
2023-10-16T12:00:00Z,0.0,-27.875,311.625,19.08
2023-10-16T12:00:00Z,0.0,-27.625,311.125,NaN
2023-10-16T12:00:00Z,0.0,-27.625,311.375,NaN
2023-10-16T12:00:00Z,0.0,-27.625,311.625,19.34
2023-10-16T12:00:00Z,0.0,-27.375,311.125,NaN
2023-10-16T12:00:00Z,0.0,-27.375,311.375,NaN
2023-10-16T12:00:00Z,0.0,-27.375,311.625,19.58
2023-10-17T12:00:00Z,0.0,-27.875,311.125,NaN
2023-10-17T12:00:00Z,0.0,-27.875,311.375,NaN
2023-10-17T12:00:00Z,0.0,-27.875,311.625,19.1
2023-10-17T12:00:00Z,0.0,-27.625,311.125,NaN
2023-10-17T12:00:00Z,0.0,-27.625,311.375,NaN
2023-10-17T12:00:00Z,0.0,-27.625,311.625,19.34
2023-10-17T12:00:00Z,0.0,-27.375,311.125,NaN
2023-10-17T12:00:00Z,0.0,-27.375,311.375,NaN
2023-10-17T12:00:00Z,0.0,-27.375,311.625,19.6
2023-10-18T12:00:00Z,0.0,-27.875,311.125,NaN
2023-10-18T12:00:00Z,0.0,-27.875,311.375,NaN
2023-10-18T12:00:00Z,0.0,-27.875,311.625,18.89
2023-10-18T12:00:00Z,0.0,-27.625,311.125,NaN
2023-10-18T12:00:00Z,0.0,-27.625,311.375,NaN
2023-10-18T12:00:00Z,0.0,-27.625,311.625,19.18
2023-10-18T12:00:00Z,0.0,-27.375,311.125,NaN
2023-10-18T12:00:00Z,0.0,-27.375,311.375,NaN
2023-10-18T12:00:00Z,0.0,-27.375,311.625,19.529999
2023-10-19T12:00:00Z,0.0,-27.875,311.125,NaN
2023-10-19T12:00:00Z,0.0,-27.875,311.375,NaN
2023-10-19T12:00:00Z,0.0,-27.875,311.625,19.109999
2023-10-19T12:00:00Z,0.0,-27.625,311.125,NaN
2023-10-19T12:00:00Z,0.0,-27.625,311.375,NaN
2023-10-19T12:00:00Z,0.0,-27.625,311.625,19.41
2023-10-19T12:00:00Z,0.0,-27.375,311.125,NaN
2023-10-19T12:00:00Z,0.0,-27.375,311.375,NaN
2023-10-19T12:00:00Z,0.0,-27.375,311.625,19.859999
2023-10-20T12:00:00Z,0.0,-27.875,311.125,NaN
2023-10-20T12:00:00Z,0.0,-27.875,311.375,NaN
2023-10-20T12:00:00Z,0.0,-27.875,311.625,19.18
2023-10-20T12:00:00Z,0.0,-27.625,311.125,NaN
2023-10-20T12:00:00Z,0.0,-27.625,311.375,NaN
2023-10-20T12:00:00Z,0.0,-27.625,311.625,19.48
2023-10-20T12:00:00Z,0.0,-27.375,311.125,NaN
2023-10-20T12:00:00Z,0.0,-27.375,311.375,NaN
2023-10-20T12:00:00Z,0.0,-27.375,311.625,19.88
2023-10-21T12:00:00Z,0.0,-27.875,311.125,NaN
2023-10-21T12:00:00Z,0.0,-27.875,311.375,NaN
2023-10-21T12:00:00Z,0.0,-27.875,311.625,19.32
2023-10-21T12:00:00Z,0.0,-27.625,311.125,NaN
2023-10-21T12:00:00Z,0.0,-27.625,311.375,NaN
2023-10-21T12:00:00Z,0.0,-27.625,311.625,19.65
2023-10-21T12:00:00Z,0.0,-27.375,311.125,NaN
2023-10-21T12:00:00Z,0.0,-27.375,311.375,NaN
2023-10-21T12:00:00Z,0.0,-27.375,311.625,20.06
2023-10-22T12:00:00Z,0.0,-27.875,311.125,NaN
2023-10-22T12:00:00Z,0.0,-27.875,311.375,NaN
2023-10-22T12:00:00Z,0.0,-27.875,311.625,19.56
2023-10-22T12:00:00Z,0.0,-27.625,311.125,NaN
2023-10-22T12:00:00Z,0.0,-27.625,311.375,NaN
2023-10-22T12:00:00Z,0.0,-27.625,311.625,19.76
2023-10-22T12:00:00Z,0.0,-27.375,311.125,NaN
2023-10-22T12:00:00Z,0.0,-27.375,311.375,NaN
2023-10-22T12:00:00Z,0.0,-27.375,311.625,20.08
2023-10-23T12:00:00Z,0.0,-27.875,311.125,NaN
2023-10-23T12:00:00Z,0.0,-27.875,311.375,NaN
2023-10-23T12:00:00Z,0.0,-27.875,311.625,19.699999
2023-10-23T12:00:00Z,0.0,-27.625,311.125,NaN
2023-10-23T12:00:00Z,0.0,-27.625,311.375,NaN
2023-10-23T12:00:00Z,0.0,-27.625,311.625,19.88
2023-10-23T12:00:00Z,0.0,-27.375,311.125,NaN
2023-10-23T12:00:00Z,0.0,-27.375,311.375,NaN
2023-10-23T12:00:00Z,0.0,-27.375,311.625,20.15
2023-10-24T12:00:00Z,0.0,-27.875,311.125,NaN
2023-10-24T12:00:00Z,0.0,-27.875,311.375,NaN
2023-10-24T12:00:00Z,0.0,-27.875,311.625,19.8
2023-10-24T12:00:00Z,0.0,-27.625,311.125,NaN
2023-10-24T12:00:00Z,0.0,-27.625,311.375,NaN
2023-10-24T12:00:00Z,0.0,-27.625,311.625,20.0
2023-10-24T12:00:00Z,0.0,-27.375,311.125,NaN
2023-10-24T12:00:00Z,0.0,-27.375,311.375,NaN
2023-10-24T12:00:00Z,0.0,-27.375,311.625,20.26
2023-10-25T12:00:00Z,0.0,-27.875,311.125,NaN
2023-10-25T12:00:00Z,0.0,-27.875,311.375,NaN
2023-10-25T12:00:00Z,0.0,-27.875,311.625,19.869999
2023-10-25T12:00:00Z,0.0,-27.625,311.125,NaN
2023-10-25T12:00:00Z,0.0,-27.625,311.375,NaN
2023-10-25T12:00:00Z,0.0,-27.625,311.625,20.01
2023-10-25T12:00:00Z,0.0,-27.375,311.125,NaN
2023-10-25T12:00:00Z,0.0,-27.375,311.375,NaN
2023-10-25T12:00:00Z,0.0,-27.375,311.625,20.22
2023-10-26T12:00:00Z,0.0,-27.875,311.125,NaN
2023-10-26T12:00:00Z,0.0,-27.875,311.375,NaN
2023-10-26T12:00:00Z,0.0,-27.875,311.625,19.92
2023-10-26T12:00:00Z,0.0,-27.625,311.125,NaN
2023-10-26T12:00:00Z,0.0,-27.625,311.375,NaN
2023-10-26T12:00:00Z,0.0,-27.625,311.625,20.029999
2023-10-26T12:00:00Z,0.0,-27.375,311.125,NaN
2023-10-26T12:00:00Z,0.0,-27.375,311.375,NaN
2023-10-26T12:00:00Z,0.0,-27.375,311.625,20.21
2023-10-27T12:00:00Z,0.0,-27.875,311.125,NaN
2023-10-27T12:00:00Z,0.0,-27.875,311.375,NaN
2023-10-27T12:00:00Z,0.0,-27.875,311.625,19.89
2023-10-27T12:00:00Z,0.0,-27.625,311.125,NaN
2023-10-27T12:00:00Z,0.0,-27.625,311.375,NaN
2023-10-27T12:00:00Z,0.0,-27.625,311.625,20.029999
2023-10-27T12:00:00Z,0.0,-27.375,311.125,NaN
2023-10-27T12:00:00Z,0.0,-27.375,311.375,NaN
2023-10-27T12:00:00Z,0.0,-27.375,311.625,20.24
2023-10-28T12:00:00Z,0.0,-27.875,311.125,NaN
2023-10-28T12:00:00Z,0.0,-27.875,311.375,NaN
2023-10-28T12:00:00Z,0.0,-27.875,311.625,20.0
2023-10-28T12:00:00Z,0.0,-27.625,311.125,NaN
2023-10-28T12:00:00Z,0.0,-27.625,311.375,NaN
2023-10-28T12:00:00Z,0.0,-27.625,311.625,20.17
2023-10-28T12:00:00Z,0.0,-27.375,311.125,NaN
2023-10-28T12:00:00Z,0.0,-27.375,311.375,NaN
2023-10-28T12:00:00Z,0.0,-27.375,311.625,20.47
2023-10-29T12:00:00Z,0.0,-27.875,311.125,NaN
2023-10-29T12:00:00Z,0.0,-27.875,311.375,NaN
2023-10-29T12:00:00Z,0.0,-27.875,311.625,20.359999
2023-10-29T12:00:00Z,0.0,-27.625,311.125,NaN
2023-10-29T12:00:00Z,0.0,-27.625,311.375,NaN
2023-10-29T12:00:00Z,0.0,-27.625,311.625,20.359999
2023-10-29T12:00:00Z,0.0,-27.375,311.125,NaN
2023-10-29T12:00:00Z,0.0,-27.375,311.375,NaN
2023-10-29T12:00:00Z,0.0,-27.375,311.625,20.6
2023-10-30T12:00:00Z,0.0,-27.875,311.125,NaN
2023-10-30T12:00:00Z,0.0,-27.875,311.375,NaN
2023-10-30T12:00:00Z,0.0,-27.875,311.625,20.67
2023-10-30T12:00:00Z,0.0,-27.625,311.125,NaN
2023-10-30T12:00:00Z,0.0,-27.625,311.375,NaN
2023-10-30T12:00:00Z,0.0,-27.625,311.625,20.65
2023-10-30T12:00:00Z,0.0,-27.375,311.125,NaN
2023-10-30T12:00:00Z,0.0,-27.375,311.375,NaN
2023-10-30T12:00:00Z,0.0,-27.375,311.625,20.83
2023-10-31T12:00:00Z,0.0,-27.875,311.125,NaN
2023-10-31T12:00:00Z,0.0,-27.875,311.375,NaN
2023-10-31T12:00:00Z,0.0,-27.875,311.625,20.84
2023-10-31T12:00:00Z,0.0,-27.625,311.125,NaN
2023-10-31T12:00:00Z,0.0,-27.625,311.375,NaN
2023-10-31T12:00:00Z,0.0,-27.625,311.625,20.8
2023-10-31T12:00:00Z,0.0,-27.375,311.125,NaN
2023-10-31T12:00:00Z,0.0,-27.375,311.375,NaN
2023-10-31T12:00:00Z,0.0,-27.375,311.625,20.92
2023-11-01T12:00:00Z,0.0,-27.875,311.125,NaN
2023-11-01T12:00:00Z,0.0,-27.875,311.375,NaN
2023-11-01T12:00:00Z,0.0,-27.875,311.625,20.9
2023-11-01T12:00:00Z,0.0,-27.625,311.125,NaN
2023-11-01T12:00:00Z,0.0,-27.625,311.375,NaN
2023-11-01T12:00:00Z,0.0,-27.625,311.625,20.89
2023-11-01T12:00:00Z,0.0,-27.375,311.125,NaN
2023-11-01T12:00:00Z,0.0,-27.375,311.375,NaN
2023-11-01T12:00:00Z,0.0,-27.375,311.625,21.01
2023-11-02T12:00:00Z,0.0,-27.875,311.125,NaN
2023-11-02T12:00:00Z,0.0,-27.875,311.375,NaN
2023-11-02T12:00:00Z,0.0,-27.875,311.625,20.93
2023-11-02T12:00:00Z,0.0,-27.625,311.125,NaN
2023-11-02T12:00:00Z,0.0,-27.625,311.375,NaN
2023-11-02T12:00:00Z,0.0,-27.625,311.625,20.97
2023-11-02T12:00:00Z,0.0,-27.375,311.125,NaN
2023-11-02T12:00:00Z,0.0,-27.375,311.375,NaN
2023-11-02T12:00:00Z,0.0,-27.375,311.625,21.06
2023-11-03T12:00:00Z,0.0,-27.875,311.125,NaN
2023-11-03T12:00:00Z,0.0,-27.875,311.375,NaN
2023-11-03T12:00:00Z,0.0,-27.875,311.625,20.949999
2023-11-03T12:00:00Z,0.0,-27.625,311.125,NaN
2023-11-03T12:00:00Z,0.0,-27.625,311.375,NaN
2023-11-03T12:00:00Z,0.0,-27.625,311.625,20.99
2023-11-03T12:00:00Z,0.0,-27.375,311.125,NaN
2023-11-03T12:00:00Z,0.0,-27.375,311.375,NaN
2023-11-03T12:00:00Z,0.0,-27.375,311.625,21.07
2023-11-04T12:00:00Z,0.0,-27.875,311.125,NaN
2023-11-04T12:00:00Z,0.0,-27.875,311.375,NaN
2023-11-04T12:00:00Z,0.0,-27.875,311.625,20.97
2023-11-04T12:00:00Z,0.0,-27.625,311.125,NaN
2023-11-04T12:00:00Z,0.0,-27.625,311.375,NaN
2023-11-04T12:00:00Z,0.0,-27.625,311.625,21.02
2023-11-04T12:00:00Z,0.0,-27.375,311.125,NaN
2023-11-04T12:00:00Z,0.0,-27.375,311.375,NaN
2023-11-04T12:00:00Z,0.0,-27.375,311.625,21.1
2023-11-05T12:00:00Z,0.0,-27.875,311.125,NaN
2023-11-05T12:00:00Z,0.0,-27.875,311.375,NaN
2023-11-05T12:00:00Z,0.0,-27.875,311.625,20.939999
2023-11-05T12:00:00Z,0.0,-27.625,311.125,NaN
2023-11-05T12:00:00Z,0.0,-27.625,311.375,NaN
2023-11-05T12:00:00Z,0.0,-27.625,311.625,21.01
2023-11-05T12:00:00Z,0.0,-27.375,311.125,NaN
2023-11-05T12:00:00Z,0.0,-27.375,311.375,NaN
2023-11-05T12:00:00Z,0.0,-27.375,311.625,21.1
2023-11-06T12:00:00Z,0.0,-27.875,311.125,NaN
2023-11-06T12:00:00Z,0.0,-27.875,311.375,NaN
2023-11-06T12:00:00Z,0.0,-27.875,311.625,20.92
2023-11-06T12:00:00Z,0.0,-27.625,311.125,NaN
2023-11-06T12:00:00Z,0.0,-27.625,311.375,NaN
2023-11-06T12:00:00Z,0.0,-27.625,311.625,21.01
2023-11-06T12:00:00Z,0.0,-27.375,311.125,NaN
2023-11-06T12:00:00Z,0.0,-27.375,311.375,NaN
2023-11-06T12:00:00Z,0.0,-27.375,311.625,21.1
2023-11-07T12:00:00Z,0.0,-27.875,311.125,NaN
2023-11-07T12:00:00Z,0.0,-27.875,311.375,NaN
2023-11-07T12:00:00Z,0.0,-27.875,311.625,20.98
2023-11-07T12:00:00Z,0.0,-27.625,311.125,NaN
2023-11-07T12:00:00Z,0.0,-27.625,311.375,NaN
2023-11-07T12:00:00Z,0.0,-27.625,311.625,21.09
2023-11-07T12:00:00Z,0.0,-27.375,311.125,NaN
2023-11-07T12:00:00Z,0.0,-27.375,311.375,NaN
2023-11-07T12:00:00Z,0.0,-27.375,311.625,21.18
2023-11-08T12:00:00Z,0.0,-27.875,311.125,NaN
2023-11-08T12:00:00Z,0.0,-27.875,311.375,NaN
2023-11-08T12:00:00Z,0.0,-27.875,311.625,21.119999
2023-11-08T12:00:00Z,0.0,-27.625,311.125,NaN
2023-11-08T12:00:00Z,0.0,-27.625,311.375,NaN
2023-11-08T12:00:00Z,0.0,-27.625,311.625,21.24
2023-11-08T12:00:00Z,0.0,-27.375,311.125,NaN
2023-11-08T12:00:00Z,0.0,-27.375,311.375,NaN
2023-11-08T12:00:00Z,0.0,-27.375,311.625,21.34
2023-11-09T12:00:00Z,0.0,-27.875,311.125,NaN
2023-11-09T12:00:00Z,0.0,-27.875,311.375,NaN
2023-11-09T12:00:00Z,0.0,-27.875,311.625,21.109999
2023-11-09T12:00:00Z,0.0,-27.625,311.125,NaN
2023-11-09T12:00:00Z,0.0,-27.625,311.375,NaN
2023-11-09T12:00:00Z,0.0,-27.625,311.625,21.25
2023-11-09T12:00:00Z,0.0,-27.375,311.125,NaN
2023-11-09T12:00:00Z,0.0,-27.375,311.375,NaN
2023-11-09T12:00:00Z,0.0,-27.375,311.625,21.38
2023-11-10T12:00:00Z,0.0,-27.875,311.125,NaN
2023-11-10T12:00:00Z,0.0,-27.875,311.375,NaN
2023-11-10T12:00:00Z,0.0,-27.875,311.625,21.17
2023-11-10T12:00:00Z,0.0,-27.625,311.125,NaN
2023-11-10T12:00:00Z,0.0,-27.625,311.375,NaN
2023-11-10T12:00:00Z,0.0,-27.625,311.625,21.35
2023-11-10T12:00:00Z,0.0,-27.375,311.125,NaN
2023-11-10T12:00:00Z,0.0,-27.375,311.375,NaN
2023-11-10T12:00:00Z,0.0,-27.375,311.625,21.49
2023-11-11T12:00:00Z,0.0,-27.875,311.125,NaN
2023-11-11T12:00:00Z,0.0,-27.875,311.375,NaN
2023-11-11T12:00:00Z,0.0,-27.875,311.625,21.47
2023-11-11T12:00:00Z,0.0,-27.625,311.125,NaN
2023-11-11T12:00:00Z,0.0,-27.625,311.375,NaN
2023-11-11T12:00:00Z,0.0,-27.625,311.625,21.66
2023-11-11T12:00:00Z,0.0,-27.375,311.125,NaN
2023-11-11T12:00:00Z,0.0,-27.375,311.375,NaN
2023-11-11T12:00:00Z,0.0,-27.375,311.625,21.8
2023-11-12T12:00:00Z,0.0,-27.875,311.125,NaN
2023-11-12T12:00:00Z,0.0,-27.875,311.375,NaN
2023-11-12T12:00:00Z,0.0,-27.875,311.625,21.89
2023-11-12T12:00:00Z,0.0,-27.625,311.125,NaN
2023-11-12T12:00:00Z,0.0,-27.625,311.375,NaN
2023-11-12T12:00:00Z,0.0,-27.625,311.625,22.07
2023-11-12T12:00:00Z,0.0,-27.375,311.125,NaN
2023-11-12T12:00:00Z,0.0,-27.375,311.375,NaN
2023-11-12T12:00:00Z,0.0,-27.375,311.625,22.24
2023-11-13T12:00:00Z,0.0,-27.875,311.125,NaN
2023-11-13T12:00:00Z,0.0,-27.875,311.375,NaN
2023-11-13T12:00:00Z,0.0,-27.875,311.625,22.05
2023-11-13T12:00:00Z,0.0,-27.625,311.125,NaN
2023-11-13T12:00:00Z,0.0,-27.625,311.375,NaN
2023-11-13T12:00:00Z,0.0,-27.625,311.625,22.17
2023-11-13T12:00:00Z,0.0,-27.375,311.125,NaN
2023-11-13T12:00:00Z,0.0,-27.375,311.375,NaN
2023-11-13T12:00:00Z,0.0,-27.375,311.625,22.31
2023-11-14T12:00:00Z,0.0,-27.875,311.125,NaN
2023-11-14T12:00:00Z,0.0,-27.875,311.375,NaN
2023-11-14T12:00:00Z,0.0,-27.875,311.625,22.33
2023-11-14T12:00:00Z,0.0,-27.625,311.125,NaN
2023-11-14T12:00:00Z,0.0,-27.625,311.375,NaN
2023-11-14T12:00:00Z,0.0,-27.625,311.625,22.41
2023-11-14T12:00:00Z,0.0,-27.375,311.125,NaN
2023-11-14T12:00:00Z,0.0,-27.375,311.375,NaN
2023-11-14T12:00:00Z,0.0,-27.375,311.625,22.48
2023-11-15T12:00:00Z,0.0,-27.875,311.125,NaN
2023-11-15T12:00:00Z,0.0,-27.875,311.375,NaN
2023-11-15T12:00:00Z,0.0,-27.875,311.625,22.359999
2023-11-15T12:00:00Z,0.0,-27.625,311.125,NaN
2023-11-15T12:00:00Z,0.0,-27.625,311.375,NaN
2023-11-15T12:00:00Z,0.0,-27.625,311.625,22.529999
2023-11-15T12:00:00Z,0.0,-27.375,311.125,NaN
2023-11-15T12:00:00Z,0.0,-27.375,311.375,NaN
2023-11-15T12:00:00Z,0.0,-27.375,311.625,22.71
2023-11-16T12:00:00Z,0.0,-27.875,311.125,NaN
2023-11-16T12:00:00Z,0.0,-27.875,311.375,NaN
2023-11-16T12:00:00Z,0.0,-27.875,311.625,22.15
2023-11-16T12:00:00Z,0.0,-27.625,311.125,NaN
2023-11-16T12:00:00Z,0.0,-27.625,311.375,NaN
2023-11-16T12:00:00Z,0.0,-27.625,311.625,22.4
2023-11-16T12:00:00Z,0.0,-27.375,311.125,NaN
2023-11-16T12:00:00Z,0.0,-27.375,311.375,NaN
2023-11-16T12:00:00Z,0.0,-27.375,311.625,22.73
2023-11-17T12:00:00Z,0.0,-27.875,311.125,NaN
2023-11-17T12:00:00Z,0.0,-27.875,311.375,NaN
2023-11-17T12:00:00Z,0.0,-27.875,311.625,22.15
2023-11-17T12:00:00Z,0.0,-27.625,311.125,NaN
2023-11-17T12:00:00Z,0.0,-27.625,311.375,NaN
2023-11-17T12:00:00Z,0.0,-27.625,311.625,22.43
2023-11-17T12:00:00Z,0.0,-27.375,311.125,NaN
2023-11-17T12:00:00Z,0.0,-27.375,311.375,NaN
2023-11-17T12:00:00Z,0.0,-27.375,311.625,22.76
2023-11-18T12:00:00Z,0.0,-27.875,311.125,NaN
2023-11-18T12:00:00Z,0.0,-27.875,311.375,NaN
2023-11-18T12:00:00Z,0.0,-27.875,311.625,22.31
2023-11-18T12:00:00Z,0.0,-27.625,311.125,NaN
2023-11-18T12:00:00Z,0.0,-27.625,311.375,NaN
2023-11-18T12:00:00Z,0.0,-27.625,311.625,22.689999
2023-11-18T12:00:00Z,0.0,-27.375,311.125,NaN
2023-11-18T12:00:00Z,0.0,-27.375,311.375,NaN
2023-11-18T12:00:00Z,0.0,-27.375,311.625,22.9
2023-11-19T12:00:00Z,0.0,-27.875,311.125,NaN
2023-11-19T12:00:00Z,0.0,-27.875,311.375,NaN
2023-11-19T12:00:00Z,0.0,-27.875,311.625,22.17
2023-11-19T12:00:00Z,0.0,-27.625,311.125,NaN
2023-11-19T12:00:00Z,0.0,-27.625,311.375,NaN
2023-11-19T12:00:00Z,0.0,-27.625,311.625,22.4
2023-11-19T12:00:00Z,0.0,-27.375,311.125,NaN
2023-11-19T12:00:00Z,0.0,-27.375,311.375,NaN
2023-11-19T12:00:00Z,0.0,-27.375,311.625,22.58
2023-11-20T12:00:00Z,0.0,-27.875,311.125,NaN
2023-11-20T12:00:00Z,0.0,-27.875,311.375,NaN
2023-11-20T12:00:00Z,0.0,-27.875,311.625,22.16
2023-11-20T12:00:00Z,0.0,-27.625,311.125,NaN
2023-11-20T12:00:00Z,0.0,-27.625,311.375,NaN
2023-11-20T12:00:00Z,0.0,-27.625,311.625,22.359999
2023-11-20T12:00:00Z,0.0,-27.375,311.125,NaN
2023-11-20T12:00:00Z,0.0,-27.375,311.375,NaN
2023-11-20T12:00:00Z,0.0,-27.375,311.625,22.56
2023-11-21T12:00:00Z,0.0,-27.875,311.125,NaN
2023-11-21T12:00:00Z,0.0,-27.875,311.375,NaN
2023-11-21T12:00:00Z,0.0,-27.875,311.625,22.279999
2023-11-21T12:00:00Z,0.0,-27.625,311.125,NaN
2023-11-21T12:00:00Z,0.0,-27.625,311.375,NaN
2023-11-21T12:00:00Z,0.0,-27.625,311.625,22.49
2023-11-21T12:00:00Z,0.0,-27.375,311.125,NaN
2023-11-21T12:00:00Z,0.0,-27.375,311.375,NaN
2023-11-21T12:00:00Z,0.0,-27.375,311.625,22.76
2023-11-22T12:00:00Z,0.0,-27.875,311.125,NaN
2023-11-22T12:00:00Z,0.0,-27.875,311.375,NaN
2023-11-22T12:00:00Z,0.0,-27.875,311.625,22.439999
2023-11-22T12:00:00Z,0.0,-27.625,311.125,NaN
2023-11-22T12:00:00Z,0.0,-27.625,311.375,NaN
2023-11-22T12:00:00Z,0.0,-27.625,311.625,22.71
2023-11-22T12:00:00Z,0.0,-27.375,311.125,NaN
2023-11-22T12:00:00Z,0.0,-27.375,311.375,NaN
2023-11-22T12:00:00Z,0.0,-27.375,311.625,23.07
2023-11-23T12:00:00Z,0.0,-27.875,311.125,NaN
2023-11-23T12:00:00Z,0.0,-27.875,311.375,NaN
2023-11-23T12:00:00Z,0.0,-27.875,311.625,22.519999
2023-11-23T12:00:00Z,0.0,-27.625,311.125,NaN
2023-11-23T12:00:00Z,0.0,-27.625,311.375,NaN
2023-11-23T12:00:00Z,0.0,-27.625,311.625,22.8
2023-11-23T12:00:00Z,0.0,-27.375,311.125,NaN
2023-11-23T12:00:00Z,0.0,-27.375,311.375,NaN
2023-11-23T12:00:00Z,0.0,-27.375,311.625,23.119999
2023-11-24T12:00:00Z,0.0,-27.875,311.125,NaN
2023-11-24T12:00:00Z,0.0,-27.875,311.375,NaN
2023-11-24T12:00:00Z,0.0,-27.875,311.625,22.49
2023-11-24T12:00:00Z,0.0,-27.625,311.125,NaN
2023-11-24T12:00:00Z,0.0,-27.625,311.375,NaN
2023-11-24T12:00:00Z,0.0,-27.625,311.625,22.75
2023-11-24T12:00:00Z,0.0,-27.375,311.125,NaN
2023-11-24T12:00:00Z,0.0,-27.375,311.375,NaN
2023-11-24T12:00:00Z,0.0,-27.375,311.625,23.06
2023-11-25T12:00:00Z,0.0,-27.875,311.125,NaN
2023-11-25T12:00:00Z,0.0,-27.875,311.375,NaN
2023-11-25T12:00:00Z,0.0,-27.875,311.625,22.56
2023-11-25T12:00:00Z,0.0,-27.625,311.125,NaN
2023-11-25T12:00:00Z,0.0,-27.625,311.375,NaN
2023-11-25T12:00:00Z,0.0,-27.625,311.625,22.81
2023-11-25T12:00:00Z,0.0,-27.375,311.125,NaN
2023-11-25T12:00:00Z,0.0,-27.375,311.375,NaN
2023-11-25T12:00:00Z,0.0,-27.375,311.625,23.109999
2023-11-26T12:00:00Z,0.0,-27.875,311.125,NaN
2023-11-26T12:00:00Z,0.0,-27.875,311.375,NaN
2023-11-26T12:00:00Z,0.0,-27.875,311.625,22.67
2023-11-26T12:00:00Z,0.0,-27.625,311.125,NaN
2023-11-26T12:00:00Z,0.0,-27.625,311.375,NaN
2023-11-26T12:00:00Z,0.0,-27.625,311.625,22.89
2023-11-26T12:00:00Z,0.0,-27.375,311.125,NaN
2023-11-26T12:00:00Z,0.0,-27.375,311.375,NaN
2023-11-26T12:00:00Z,0.0,-27.375,311.625,23.16
2023-11-27T12:00:00Z,0.0,-27.875,311.125,NaN
2023-11-27T12:00:00Z,0.0,-27.875,311.375,NaN
2023-11-27T12:00:00Z,0.0,-27.875,311.625,22.769999
2023-11-27T12:00:00Z,0.0,-27.625,311.125,NaN
2023-11-27T12:00:00Z,0.0,-27.625,311.375,NaN
2023-11-27T12:00:00Z,0.0,-27.625,311.625,22.97
2023-11-27T12:00:00Z,0.0,-27.375,311.125,NaN
2023-11-27T12:00:00Z,0.0,-27.375,311.375,NaN
2023-11-27T12:00:00Z,0.0,-27.375,311.625,23.18
2023-11-28T12:00:00Z,0.0,-27.875,311.125,NaN
2023-11-28T12:00:00Z,0.0,-27.875,311.375,NaN
2023-11-28T12:00:00Z,0.0,-27.875,311.625,22.779999
2023-11-28T12:00:00Z,0.0,-27.625,311.125,NaN
2023-11-28T12:00:00Z,0.0,-27.625,311.375,NaN
2023-11-28T12:00:00Z,0.0,-27.625,311.625,22.97
2023-11-28T12:00:00Z,0.0,-27.375,311.125,NaN
2023-11-28T12:00:00Z,0.0,-27.375,311.375,NaN
2023-11-28T12:00:00Z,0.0,-27.375,311.625,23.15
2023-11-29T12:00:00Z,0.0,-27.875,311.125,NaN
2023-11-29T12:00:00Z,0.0,-27.875,311.375,NaN
2023-11-29T12:00:00Z,0.0,-27.875,311.625,22.9
2023-11-29T12:00:00Z,0.0,-27.625,311.125,NaN
2023-11-29T12:00:00Z,0.0,-27.625,311.375,NaN
2023-11-29T12:00:00Z,0.0,-27.625,311.625,23.119999
2023-11-29T12:00:00Z,0.0,-27.375,311.125,NaN
2023-11-29T12:00:00Z,0.0,-27.375,311.375,NaN
2023-11-29T12:00:00Z,0.0,-27.375,311.625,23.359999
2023-11-30T12:00:00Z,0.0,-27.875,311.125,NaN
2023-11-30T12:00:00Z,0.0,-27.875,311.375,NaN
2023-11-30T12:00:00Z,0.0,-27.875,311.625,23.039999
2023-11-30T12:00:00Z,0.0,-27.625,311.125,NaN
2023-11-30T12:00:00Z,0.0,-27.625,311.375,NaN
2023-11-30T12:00:00Z,0.0,-27.625,311.625,23.279999
2023-11-30T12:00:00Z,0.0,-27.375,311.125,NaN
2023-11-30T12:00:00Z,0.0,-27.375,311.375,NaN
2023-11-30T12:00:00Z,0.0,-27.375,311.625,23.539999
2023-12-01T12:00:00Z,0.0,-27.875,311.125,NaN
2023-12-01T12:00:00Z,0.0,-27.875,311.375,NaN
2023-12-01T12:00:00Z,0.0,-27.875,311.625,23.38
2023-12-01T12:00:00Z,0.0,-27.625,311.125,NaN
2023-12-01T12:00:00Z,0.0,-27.625,311.375,NaN
2023-12-01T12:00:00Z,0.0,-27.625,311.625,23.609999
2023-12-01T12:00:00Z,0.0,-27.375,311.125,NaN
2023-12-01T12:00:00Z,0.0,-27.375,311.375,NaN
2023-12-01T12:00:00Z,0.0,-27.375,311.625,23.88
2023-12-02T12:00:00Z,0.0,-27.875,311.125,NaN
2023-12-02T12:00:00Z,0.0,-27.875,311.375,NaN
2023-12-02T12:00:00Z,0.0,-27.875,311.625,23.72
2023-12-02T12:00:00Z,0.0,-27.625,311.125,NaN
2023-12-02T12:00:00Z,0.0,-27.625,311.375,NaN
2023-12-02T12:00:00Z,0.0,-27.625,311.625,24.019999
2023-12-02T12:00:00Z,0.0,-27.375,311.125,NaN
2023-12-02T12:00:00Z,0.0,-27.375,311.375,NaN
2023-12-02T12:00:00Z,0.0,-27.375,311.625,24.359999
2023-12-03T12:00:00Z,0.0,-27.875,311.125,NaN
2023-12-03T12:00:00Z,0.0,-27.875,311.375,NaN
2023-12-03T12:00:00Z,0.0,-27.875,311.625,23.65
2023-12-03T12:00:00Z,0.0,-27.625,311.125,NaN
2023-12-03T12:00:00Z,0.0,-27.625,311.375,NaN
2023-12-03T12:00:00Z,0.0,-27.625,311.625,24.109999
2023-12-03T12:00:00Z,0.0,-27.375,311.125,NaN
2023-12-03T12:00:00Z,0.0,-27.375,311.375,NaN
2023-12-03T12:00:00Z,0.0,-27.375,311.625,24.68
2023-12-04T12:00:00Z,0.0,-27.875,311.125,NaN
2023-12-04T12:00:00Z,0.0,-27.875,311.375,NaN
2023-12-04T12:00:00Z,0.0,-27.875,311.625,23.65
2023-12-04T12:00:00Z,0.0,-27.625,311.125,NaN
2023-12-04T12:00:00Z,0.0,-27.625,311.375,NaN
2023-12-04T12:00:00Z,0.0,-27.625,311.625,24.21
2023-12-04T12:00:00Z,0.0,-27.375,311.125,NaN
2023-12-04T12:00:00Z,0.0,-27.375,311.375,NaN
2023-12-04T12:00:00Z,0.0,-27.375,311.625,24.76
2023-12-05T12:00:00Z,0.0,-27.875,311.125,NaN
2023-12-05T12:00:00Z,0.0,-27.875,311.375,NaN
2023-12-05T12:00:00Z,0.0,-27.875,311.625,24.279999
2023-12-05T12:00:00Z,0.0,-27.625,311.125,NaN
2023-12-05T12:00:00Z,0.0,-27.625,311.375,NaN
2023-12-05T12:00:00Z,0.0,-27.625,311.625,24.63
2023-12-05T12:00:00Z,0.0,-27.375,311.125,NaN
2023-12-05T12:00:00Z,0.0,-27.375,311.375,NaN
2023-12-05T12:00:00Z,0.0,-27.375,311.625,25.029999
2023-12-06T12:00:00Z,0.0,-27.875,311.125,NaN
2023-12-06T12:00:00Z,0.0,-27.875,311.375,NaN
2023-12-06T12:00:00Z,0.0,-27.875,311.625,24.539999
2023-12-06T12:00:00Z,0.0,-27.625,311.125,NaN
2023-12-06T12:00:00Z,0.0,-27.625,311.375,NaN
2023-12-06T12:00:00Z,0.0,-27.625,311.625,24.869999
2023-12-06T12:00:00Z,0.0,-27.375,311.125,NaN
2023-12-06T12:00:00Z,0.0,-27.375,311.375,NaN
2023-12-06T12:00:00Z,0.0,-27.375,311.625,25.289999
2023-12-07T12:00:00Z,0.0,-27.875,311.125,NaN
2023-12-07T12:00:00Z,0.0,-27.875,311.375,NaN
2023-12-07T12:00:00Z,0.0,-27.875,311.625,24.84
2023-12-07T12:00:00Z,0.0,-27.625,311.125,NaN
2023-12-07T12:00:00Z,0.0,-27.625,311.375,NaN
2023-12-07T12:00:00Z,0.0,-27.625,311.625,25.25
2023-12-07T12:00:00Z,0.0,-27.375,311.125,NaN
2023-12-07T12:00:00Z,0.0,-27.375,311.375,NaN
2023-12-07T12:00:00Z,0.0,-27.375,311.625,25.74
2023-12-08T12:00:00Z,0.0,-27.875,311.125,NaN
2023-12-08T12:00:00Z,0.0,-27.875,311.375,NaN
2023-12-08T12:00:00Z,0.0,-27.875,311.625,24.71
2023-12-08T12:00:00Z,0.0,-27.625,311.125,NaN
2023-12-08T12:00:00Z,0.0,-27.625,311.375,NaN
2023-12-08T12:00:00Z,0.0,-27.625,311.625,25.15
2023-12-08T12:00:00Z,0.0,-27.375,311.125,NaN
2023-12-08T12:00:00Z,0.0,-27.375,311.375,NaN
2023-12-08T12:00:00Z,0.0,-27.375,311.625,25.72
2023-12-09T12:00:00Z,0.0,-27.875,311.125,NaN
2023-12-09T12:00:00Z,0.0,-27.875,311.375,NaN
2023-12-09T12:00:00Z,0.0,-27.875,311.625,24.609999
2023-12-09T12:00:00Z,0.0,-27.625,311.125,NaN
2023-12-09T12:00:00Z,0.0,-27.625,311.375,NaN
2023-12-09T12:00:00Z,0.0,-27.625,311.625,24.98
2023-12-09T12:00:00Z,0.0,-27.375,311.125,NaN
2023-12-09T12:00:00Z,0.0,-27.375,311.375,NaN
2023-12-09T12:00:00Z,0.0,-27.375,311.625,25.42
2023-12-10T12:00:00Z,0.0,-27.875,311.125,NaN
2023-12-10T12:00:00Z,0.0,-27.875,311.375,NaN
2023-12-10T12:00:00Z,0.0,-27.875,311.625,24.33
2023-12-10T12:00:00Z,0.0,-27.625,311.125,NaN
2023-12-10T12:00:00Z,0.0,-27.625,311.375,NaN
2023-12-10T12:00:00Z,0.0,-27.625,311.625,24.539999
2023-12-10T12:00:00Z,0.0,-27.375,311.125,NaN
2023-12-10T12:00:00Z,0.0,-27.375,311.375,NaN
2023-12-10T12:00:00Z,0.0,-27.375,311.625,24.81
2023-12-11T12:00:00Z,0.0,-27.875,311.125,NaN
2023-12-11T12:00:00Z,0.0,-27.875,311.375,NaN
2023-12-11T12:00:00Z,0.0,-27.875,311.625,24.199999
2023-12-11T12:00:00Z,0.0,-27.625,311.125,NaN
2023-12-11T12:00:00Z,0.0,-27.625,311.375,NaN
2023-12-11T12:00:00Z,0.0,-27.625,311.625,24.43
2023-12-11T12:00:00Z,0.0,-27.375,311.125,NaN
2023-12-11T12:00:00Z,0.0,-27.375,311.375,NaN
2023-12-11T12:00:00Z,0.0,-27.375,311.625,24.72
2023-12-12T12:00:00Z,0.0,-27.875,311.125,NaN
2023-12-12T12:00:00Z,0.0,-27.875,311.375,NaN
2023-12-12T12:00:00Z,0.0,-27.875,311.625,24.15
2023-12-12T12:00:00Z,0.0,-27.625,311.125,NaN
2023-12-12T12:00:00Z,0.0,-27.625,311.375,NaN
2023-12-12T12:00:00Z,0.0,-27.625,311.625,24.41
2023-12-12T12:00:00Z,0.0,-27.375,311.125,NaN
2023-12-12T12:00:00Z,0.0,-27.375,311.375,NaN
2023-12-12T12:00:00Z,0.0,-27.375,311.625,24.72
2023-12-13T12:00:00Z,0.0,-27.875,311.125,NaN
2023-12-13T12:00:00Z,0.0,-27.875,311.375,NaN
2023-12-13T12:00:00Z,0.0,-27.875,311.625,24.029999
2023-12-13T12:00:00Z,0.0,-27.625,311.125,NaN
2023-12-13T12:00:00Z,0.0,-27.625,311.375,NaN
2023-12-13T12:00:00Z,0.0,-27.625,311.625,24.32
2023-12-13T12:00:00Z,0.0,-27.375,311.125,NaN
2023-12-13T12:00:00Z,0.0,-27.375,311.375,NaN
2023-12-13T12:00:00Z,0.0,-27.375,311.625,24.65
2023-12-14T12:00:00Z,0.0,-27.875,311.125,NaN
2023-12-14T12:00:00Z,0.0,-27.875,311.375,NaN
2023-12-14T12:00:00Z,0.0,-27.875,311.625,24.05
2023-12-14T12:00:00Z,0.0,-27.625,311.125,NaN
2023-12-14T12:00:00Z,0.0,-27.625,311.375,NaN
2023-12-14T12:00:00Z,0.0,-27.625,311.625,24.31
2023-12-14T12:00:00Z,0.0,-27.375,311.125,NaN
2023-12-14T12:00:00Z,0.0,-27.375,311.375,NaN
2023-12-14T12:00:00Z,0.0,-27.375,311.625,24.619999
2023-12-15T12:00:00Z,0.0,-27.875,311.125,NaN
2023-12-15T12:00:00Z,0.0,-27.875,311.375,NaN
2023-12-15T12:00:00Z,0.0,-27.875,311.625,24.16
2023-12-15T12:00:00Z,0.0,-27.625,311.125,NaN
2023-12-15T12:00:00Z,0.0,-27.625,311.375,NaN
2023-12-15T12:00:00Z,0.0,-27.625,311.625,24.48
2023-12-15T12:00:00Z,0.0,-27.375,311.125,NaN
2023-12-15T12:00:00Z,0.0,-27.375,311.375,NaN
2023-12-15T12:00:00Z,0.0,-27.375,311.625,24.83
2023-12-16T12:00:00Z,0.0,-27.875,311.125,NaN
2023-12-16T12:00:00Z,0.0,-27.875,311.375,NaN
2023-12-16T12:00:00Z,0.0,-27.875,311.625,24.6
2023-12-16T12:00:00Z,0.0,-27.625,311.125,NaN
2023-12-16T12:00:00Z,0.0,-27.625,311.375,NaN
2023-12-16T12:00:00Z,0.0,-27.625,311.625,24.97
2023-12-16T12:00:00Z,0.0,-27.375,311.125,NaN
2023-12-16T12:00:00Z,0.0,-27.375,311.375,NaN
2023-12-16T12:00:00Z,0.0,-27.375,311.625,25.34
2023-12-17T12:00:00Z,0.0,-27.875,311.125,NaN
2023-12-17T12:00:00Z,0.0,-27.875,311.375,NaN
2023-12-17T12:00:00Z,0.0,-27.875,311.625,24.82
2023-12-17T12:00:00Z,0.0,-27.625,311.125,NaN
2023-12-17T12:00:00Z,0.0,-27.625,311.375,NaN
2023-12-17T12:00:00Z,0.0,-27.625,311.625,25.18
2023-12-17T12:00:00Z,0.0,-27.375,311.125,NaN
2023-12-17T12:00:00Z,0.0,-27.375,311.375,NaN
2023-12-17T12:00:00Z,0.0,-27.375,311.625,25.48
2023-12-18T12:00:00Z,0.0,-27.875,311.125,NaN
2023-12-18T12:00:00Z,0.0,-27.875,311.375,NaN
2023-12-18T12:00:00Z,0.0,-27.875,311.625,24.939999
2023-12-18T12:00:00Z,0.0,-27.625,311.125,NaN
2023-12-18T12:00:00Z,0.0,-27.625,311.375,NaN
2023-12-18T12:00:00Z,0.0,-27.625,311.625,25.26
2023-12-18T12:00:00Z,0.0,-27.375,311.125,NaN
2023-12-18T12:00:00Z,0.0,-27.375,311.375,NaN
2023-12-18T12:00:00Z,0.0,-27.375,311.625,25.529999
2023-12-19T12:00:00Z,0.0,-27.875,311.125,NaN
2023-12-19T12:00:00Z,0.0,-27.875,311.375,NaN
2023-12-19T12:00:00Z,0.0,-27.875,311.625,25.35
2023-12-19T12:00:00Z,0.0,-27.625,311.125,NaN
2023-12-19T12:00:00Z,0.0,-27.625,311.375,NaN
2023-12-19T12:00:00Z,0.0,-27.625,311.625,25.56
2023-12-19T12:00:00Z,0.0,-27.375,311.125,NaN
2023-12-19T12:00:00Z,0.0,-27.375,311.375,NaN
2023-12-19T12:00:00Z,0.0,-27.375,311.625,25.71
2023-12-20T12:00:00Z,0.0,-27.875,311.125,NaN
2023-12-20T12:00:00Z,0.0,-27.875,311.375,NaN
2023-12-20T12:00:00Z,0.0,-27.875,311.625,25.539999
2023-12-20T12:00:00Z,0.0,-27.625,311.125,NaN
2023-12-20T12:00:00Z,0.0,-27.625,311.375,NaN
2023-12-20T12:00:00Z,0.0,-27.625,311.625,25.75
2023-12-20T12:00:00Z,0.0,-27.375,311.125,NaN
2023-12-20T12:00:00Z,0.0,-27.375,311.375,NaN
2023-12-20T12:00:00Z,0.0,-27.375,311.625,25.9
2023-12-21T12:00:00Z,0.0,-27.875,311.125,NaN
2023-12-21T12:00:00Z,0.0,-27.875,311.375,NaN
2023-12-21T12:00:00Z,0.0,-27.875,311.625,25.48
2023-12-21T12:00:00Z,0.0,-27.625,311.125,NaN
2023-12-21T12:00:00Z,0.0,-27.625,311.375,NaN
2023-12-21T12:00:00Z,0.0,-27.625,311.625,25.8
2023-12-21T12:00:00Z,0.0,-27.375,311.125,NaN
2023-12-21T12:00:00Z,0.0,-27.375,311.375,NaN
2023-12-21T12:00:00Z,0.0,-27.375,311.625,26.039999
2023-12-22T12:00:00Z,0.0,-27.875,311.125,NaN
2023-12-22T12:00:00Z,0.0,-27.875,311.375,NaN
2023-12-22T12:00:00Z,0.0,-27.875,311.625,25.34
2023-12-22T12:00:00Z,0.0,-27.625,311.125,NaN
2023-12-22T12:00:00Z,0.0,-27.625,311.375,NaN
2023-12-22T12:00:00Z,0.0,-27.625,311.625,25.769999
2023-12-22T12:00:00Z,0.0,-27.375,311.125,NaN
2023-12-22T12:00:00Z,0.0,-27.375,311.375,NaN
2023-12-22T12:00:00Z,0.0,-27.375,311.625,26.109999
2023-12-23T12:00:00Z,0.0,-27.875,311.125,NaN
2023-12-23T12:00:00Z,0.0,-27.875,311.375,NaN
2023-12-23T12:00:00Z,0.0,-27.875,311.625,25.369999
2023-12-23T12:00:00Z,0.0,-27.625,311.125,NaN
2023-12-23T12:00:00Z,0.0,-27.625,311.375,NaN
2023-12-23T12:00:00Z,0.0,-27.625,311.625,25.849998
2023-12-23T12:00:00Z,0.0,-27.375,311.125,NaN
2023-12-23T12:00:00Z,0.0,-27.375,311.375,NaN
2023-12-23T12:00:00Z,0.0,-27.375,311.625,26.17
2023-12-24T12:00:00Z,0.0,-27.875,311.125,NaN
2023-12-24T12:00:00Z,0.0,-27.875,311.375,NaN
2023-12-24T12:00:00Z,0.0,-27.875,311.625,25.599998
2023-12-24T12:00:00Z,0.0,-27.625,311.125,NaN
2023-12-24T12:00:00Z,0.0,-27.625,311.375,NaN
2023-12-24T12:00:00Z,0.0,-27.625,311.625,26.0
2023-12-24T12:00:00Z,0.0,-27.375,311.125,NaN
2023-12-24T12:00:00Z,0.0,-27.375,311.375,NaN
2023-12-24T12:00:00Z,0.0,-27.375,311.625,26.23
2023-12-25T12:00:00Z,0.0,-27.875,311.125,NaN
2023-12-25T12:00:00Z,0.0,-27.875,311.375,NaN
2023-12-25T12:00:00Z,0.0,-27.875,311.625,25.49
2023-12-25T12:00:00Z,0.0,-27.625,311.125,NaN
2023-12-25T12:00:00Z,0.0,-27.625,311.375,NaN
2023-12-25T12:00:00Z,0.0,-27.625,311.625,25.939999
2023-12-25T12:00:00Z,0.0,-27.375,311.125,NaN
2023-12-25T12:00:00Z,0.0,-27.375,311.375,NaN
2023-12-25T12:00:00Z,0.0,-27.375,311.625,26.199999
2023-12-26T12:00:00Z,0.0,-27.875,311.125,NaN
2023-12-26T12:00:00Z,0.0,-27.875,311.375,NaN
2023-12-26T12:00:00Z,0.0,-27.875,311.625,24.99
2023-12-26T12:00:00Z,0.0,-27.625,311.125,NaN
2023-12-26T12:00:00Z,0.0,-27.625,311.375,NaN
2023-12-26T12:00:00Z,0.0,-27.625,311.625,25.539999
2023-12-26T12:00:00Z,0.0,-27.375,311.125,NaN
2023-12-26T12:00:00Z,0.0,-27.375,311.375,NaN
2023-12-26T12:00:00Z,0.0,-27.375,311.625,25.83
2023-12-27T12:00:00Z,0.0,-27.875,311.125,NaN
2023-12-27T12:00:00Z,0.0,-27.875,311.375,NaN
2023-12-27T12:00:00Z,0.0,-27.875,311.625,24.6
2023-12-27T12:00:00Z,0.0,-27.625,311.125,NaN
2023-12-27T12:00:00Z,0.0,-27.625,311.375,NaN
2023-12-27T12:00:00Z,0.0,-27.625,311.625,25.07
2023-12-27T12:00:00Z,0.0,-27.375,311.125,NaN
2023-12-27T12:00:00Z,0.0,-27.375,311.375,NaN
2023-12-27T12:00:00Z,0.0,-27.375,311.625,25.369999
2023-12-28T12:00:00Z,0.0,-27.875,311.125,NaN
2023-12-28T12:00:00Z,0.0,-27.875,311.375,NaN
2023-12-28T12:00:00Z,0.0,-27.875,311.625,24.269999
2023-12-28T12:00:00Z,0.0,-27.625,311.125,NaN
2023-12-28T12:00:00Z,0.0,-27.625,311.375,NaN
2023-12-28T12:00:00Z,0.0,-27.625,311.625,24.68
2023-12-28T12:00:00Z,0.0,-27.375,311.125,NaN
2023-12-28T12:00:00Z,0.0,-27.375,311.375,NaN
2023-12-28T12:00:00Z,0.0,-27.375,311.625,25.0
2023-12-29T12:00:00Z,0.0,-27.875,311.125,NaN
2023-12-29T12:00:00Z,0.0,-27.875,311.375,NaN
2023-12-29T12:00:00Z,0.0,-27.875,311.625,24.279999
2023-12-29T12:00:00Z,0.0,-27.625,311.125,NaN
2023-12-29T12:00:00Z,0.0,-27.625,311.375,NaN
2023-12-29T12:00:00Z,0.0,-27.625,311.625,24.68
2023-12-29T12:00:00Z,0.0,-27.375,311.125,NaN
2023-12-29T12:00:00Z,0.0,-27.375,311.375,NaN
2023-12-29T12:00:00Z,0.0,-27.375,311.625,25.01
2023-12-30T12:00:00Z,0.0,-27.875,311.125,NaN
2023-12-30T12:00:00Z,0.0,-27.875,311.375,NaN
2023-12-30T12:00:00Z,0.0,-27.875,311.625,24.279999
2023-12-30T12:00:00Z,0.0,-27.625,311.125,NaN
2023-12-30T12:00:00Z,0.0,-27.625,311.375,NaN
2023-12-30T12:00:00Z,0.0,-27.625,311.625,24.699999
2023-12-30T12:00:00Z,0.0,-27.375,311.125,NaN
2023-12-30T12:00:00Z,0.0,-27.375,311.375,NaN
2023-12-30T12:00:00Z,0.0,-27.375,311.625,25.019999
2023-12-31T12:00:00Z,0.0,-27.875,311.125,NaN
2023-12-31T12:00:00Z,0.0,-27.875,311.375,NaN
2023-12-31T12:00:00Z,0.0,-27.875,311.625,24.3
2023-12-31T12:00:00Z,0.0,-27.625,311.125,NaN
2023-12-31T12:00:00Z,0.0,-27.625,311.375,NaN
2023-12-31T12:00:00Z,0.0,-27.625,311.625,24.8
2023-12-31T12:00:00Z,0.0,-27.375,311.125,NaN
2023-12-31T12:00:00Z,0.0,-27.375,311.375,NaN
2023-12-31T12:00:00Z,0.0,-27.375,311.625,25.16
2024-01-01T12:00:00Z,0.0,-27.875,311.125,NaN
2024-01-01T12:00:00Z,0.0,-27.875,311.375,NaN
2024-01-01T12:00:00Z,0.0,-27.875,311.625,24.029999
2024-01-01T12:00:00Z,0.0,-27.625,311.125,NaN
2024-01-01T12:00:00Z,0.0,-27.625,311.375,NaN
2024-01-01T12:00:00Z,0.0,-27.625,311.625,24.65
2024-01-01T12:00:00Z,0.0,-27.375,311.125,NaN
2024-01-01T12:00:00Z,0.0,-27.375,311.375,NaN
2024-01-01T12:00:00Z,0.0,-27.375,311.625,25.019999
2024-01-02T12:00:00Z,0.0,-27.875,311.125,NaN
2024-01-02T12:00:00Z,0.0,-27.875,311.375,NaN
2024-01-02T12:00:00Z,0.0,-27.875,311.625,24.21
2024-01-02T12:00:00Z,0.0,-27.625,311.125,NaN
2024-01-02T12:00:00Z,0.0,-27.625,311.375,NaN
2024-01-02T12:00:00Z,0.0,-27.625,311.625,24.75
2024-01-02T12:00:00Z,0.0,-27.375,311.125,NaN
2024-01-02T12:00:00Z,0.0,-27.375,311.375,NaN
2024-01-02T12:00:00Z,0.0,-27.375,311.625,25.13
2024-01-03T12:00:00Z,0.0,-27.875,311.125,NaN
2024-01-03T12:00:00Z,0.0,-27.875,311.375,NaN
2024-01-03T12:00:00Z,0.0,-27.875,311.625,23.91
2024-01-03T12:00:00Z,0.0,-27.625,311.125,NaN
2024-01-03T12:00:00Z,0.0,-27.625,311.375,NaN
2024-01-03T12:00:00Z,0.0,-27.625,311.625,24.439999
2024-01-03T12:00:00Z,0.0,-27.375,311.125,NaN
2024-01-03T12:00:00Z,0.0,-27.375,311.375,NaN
2024-01-03T12:00:00Z,0.0,-27.375,311.625,24.88
2024-01-04T12:00:00Z,0.0,-27.875,311.125,NaN
2024-01-04T12:00:00Z,0.0,-27.875,311.375,NaN
2024-01-04T12:00:00Z,0.0,-27.875,311.625,23.779999
2024-01-04T12:00:00Z,0.0,-27.625,311.125,NaN
2024-01-04T12:00:00Z,0.0,-27.625,311.375,NaN
2024-01-04T12:00:00Z,0.0,-27.625,311.625,24.32
2024-01-04T12:00:00Z,0.0,-27.375,311.125,NaN
2024-01-04T12:00:00Z,0.0,-27.375,311.375,NaN
2024-01-04T12:00:00Z,0.0,-27.375,311.625,24.82
2024-01-05T12:00:00Z,0.0,-27.875,311.125,NaN
2024-01-05T12:00:00Z,0.0,-27.875,311.375,NaN
2024-01-05T12:00:00Z,0.0,-27.875,311.625,24.029999
2024-01-05T12:00:00Z,0.0,-27.625,311.125,NaN
2024-01-05T12:00:00Z,0.0,-27.625,311.375,NaN
2024-01-05T12:00:00Z,0.0,-27.625,311.625,24.56
2024-01-05T12:00:00Z,0.0,-27.375,311.125,NaN
2024-01-05T12:00:00Z,0.0,-27.375,311.375,NaN
2024-01-05T12:00:00Z,0.0,-27.375,311.625,25.0
2024-01-06T12:00:00Z,0.0,-27.875,311.125,NaN
2024-01-06T12:00:00Z,0.0,-27.875,311.375,NaN
2024-01-06T12:00:00Z,0.0,-27.875,311.625,24.019999
2024-01-06T12:00:00Z,0.0,-27.625,311.125,NaN
2024-01-06T12:00:00Z,0.0,-27.625,311.375,NaN
2024-01-06T12:00:00Z,0.0,-27.625,311.625,24.58
2024-01-06T12:00:00Z,0.0,-27.375,311.125,NaN
2024-01-06T12:00:00Z,0.0,-27.375,311.375,NaN
2024-01-06T12:00:00Z,0.0,-27.375,311.625,25.05
2024-01-07T12:00:00Z,0.0,-27.875,311.125,NaN
2024-01-07T12:00:00Z,0.0,-27.875,311.375,NaN
2024-01-07T12:00:00Z,0.0,-27.875,311.625,24.039999
2024-01-07T12:00:00Z,0.0,-27.625,311.125,NaN
2024-01-07T12:00:00Z,0.0,-27.625,311.375,NaN
2024-01-07T12:00:00Z,0.0,-27.625,311.625,24.619999
2024-01-07T12:00:00Z,0.0,-27.375,311.125,NaN
2024-01-07T12:00:00Z,0.0,-27.375,311.375,NaN
2024-01-07T12:00:00Z,0.0,-27.375,311.625,25.13
2024-01-08T12:00:00Z,0.0,-27.875,311.125,NaN
2024-01-08T12:00:00Z,0.0,-27.875,311.375,NaN
2024-01-08T12:00:00Z,0.0,-27.875,311.625,24.21
2024-01-08T12:00:00Z,0.0,-27.625,311.125,NaN
2024-01-08T12:00:00Z,0.0,-27.625,311.375,NaN
2024-01-08T12:00:00Z,0.0,-27.625,311.625,24.81
2024-01-08T12:00:00Z,0.0,-27.375,311.125,NaN
2024-01-08T12:00:00Z,0.0,-27.375,311.375,NaN
2024-01-08T12:00:00Z,0.0,-27.375,311.625,25.34
2024-01-09T12:00:00Z,0.0,-27.875,311.125,NaN
2024-01-09T12:00:00Z,0.0,-27.875,311.375,NaN
2024-01-09T12:00:00Z,0.0,-27.875,311.625,24.74
2024-01-09T12:00:00Z,0.0,-27.625,311.125,NaN
2024-01-09T12:00:00Z,0.0,-27.625,311.375,NaN
2024-01-09T12:00:00Z,0.0,-27.625,311.625,25.34
2024-01-09T12:00:00Z,0.0,-27.375,311.125,NaN
2024-01-09T12:00:00Z,0.0,-27.375,311.375,NaN
2024-01-09T12:00:00Z,0.0,-27.375,311.625,25.849998
2024-01-10T12:00:00Z,0.0,-27.875,311.125,NaN
2024-01-10T12:00:00Z,0.0,-27.875,311.375,NaN
2024-01-10T12:00:00Z,0.0,-27.875,311.625,25.33
2024-01-10T12:00:00Z,0.0,-27.625,311.125,NaN
2024-01-10T12:00:00Z,0.0,-27.625,311.375,NaN
2024-01-10T12:00:00Z,0.0,-27.625,311.625,25.89
2024-01-10T12:00:00Z,0.0,-27.375,311.125,NaN
2024-01-10T12:00:00Z,0.0,-27.375,311.375,NaN
2024-01-10T12:00:00Z,0.0,-27.375,311.625,26.33
2024-01-11T12:00:00Z,0.0,-27.875,311.125,NaN
2024-01-11T12:00:00Z,0.0,-27.875,311.375,NaN
2024-01-11T12:00:00Z,0.0,-27.875,311.625,25.68
2024-01-11T12:00:00Z,0.0,-27.625,311.125,NaN
2024-01-11T12:00:00Z,0.0,-27.625,311.375,NaN
2024-01-11T12:00:00Z,0.0,-27.625,311.625,26.18
2024-01-11T12:00:00Z,0.0,-27.375,311.125,NaN
2024-01-11T12:00:00Z,0.0,-27.375,311.375,NaN
2024-01-11T12:00:00Z,0.0,-27.375,311.625,26.57
2024-01-12T12:00:00Z,0.0,-27.875,311.125,NaN
2024-01-12T12:00:00Z,0.0,-27.875,311.375,NaN
2024-01-12T12:00:00Z,0.0,-27.875,311.625,25.76
2024-01-12T12:00:00Z,0.0,-27.625,311.125,NaN
2024-01-12T12:00:00Z,0.0,-27.625,311.375,NaN
2024-01-12T12:00:00Z,0.0,-27.625,311.625,26.25
2024-01-12T12:00:00Z,0.0,-27.375,311.125,NaN
2024-01-12T12:00:00Z,0.0,-27.375,311.375,NaN
2024-01-12T12:00:00Z,0.0,-27.375,311.625,26.609999
2024-01-13T12:00:00Z,0.0,-27.875,311.125,NaN
2024-01-13T12:00:00Z,0.0,-27.875,311.375,NaN
2024-01-13T12:00:00Z,0.0,-27.875,311.625,25.269999
2024-01-13T12:00:00Z,0.0,-27.625,311.125,NaN
2024-01-13T12:00:00Z,0.0,-27.625,311.375,NaN
2024-01-13T12:00:00Z,0.0,-27.625,311.625,25.449999
2024-01-13T12:00:00Z,0.0,-27.375,311.125,NaN
2024-01-13T12:00:00Z,0.0,-27.375,311.375,NaN
2024-01-13T12:00:00Z,0.0,-27.375,311.625,25.65
2024-01-14T12:00:00Z,0.0,-27.875,311.125,NaN
2024-01-14T12:00:00Z,0.0,-27.875,311.375,NaN
2024-01-14T12:00:00Z,0.0,-27.875,311.625,25.119999
2024-01-14T12:00:00Z,0.0,-27.625,311.125,NaN
2024-01-14T12:00:00Z,0.0,-27.625,311.375,NaN
2024-01-14T12:00:00Z,0.0,-27.625,311.625,25.3
2024-01-14T12:00:00Z,0.0,-27.375,311.125,NaN
2024-01-14T12:00:00Z,0.0,-27.375,311.375,NaN
2024-01-14T12:00:00Z,0.0,-27.375,311.625,25.529999
2024-01-15T12:00:00Z,0.0,-27.875,311.125,NaN
2024-01-15T12:00:00Z,0.0,-27.875,311.375,NaN
2024-01-15T12:00:00Z,0.0,-27.875,311.625,25.43
2024-01-15T12:00:00Z,0.0,-27.625,311.125,NaN
2024-01-15T12:00:00Z,0.0,-27.625,311.375,NaN
2024-01-15T12:00:00Z,0.0,-27.625,311.625,25.67
2024-01-15T12:00:00Z,0.0,-27.375,311.125,NaN
2024-01-15T12:00:00Z,0.0,-27.375,311.375,NaN
2024-01-15T12:00:00Z,0.0,-27.375,311.625,25.949999
2024-01-16T12:00:00Z,0.0,-27.875,311.125,NaN
2024-01-16T12:00:00Z,0.0,-27.875,311.375,NaN
2024-01-16T12:00:00Z,0.0,-27.875,311.625,25.439999
2024-01-16T12:00:00Z,0.0,-27.625,311.125,NaN
2024-01-16T12:00:00Z,0.0,-27.625,311.375,NaN
2024-01-16T12:00:00Z,0.0,-27.625,311.625,25.75
2024-01-16T12:00:00Z,0.0,-27.375,311.125,NaN
2024-01-16T12:00:00Z,0.0,-27.375,311.375,NaN
2024-01-16T12:00:00Z,0.0,-27.375,311.625,26.119999
2024-01-17T12:00:00Z,0.0,-27.875,311.125,NaN
2024-01-17T12:00:00Z,0.0,-27.875,311.375,NaN
2024-01-17T12:00:00Z,0.0,-27.875,311.625,25.42
2024-01-17T12:00:00Z,0.0,-27.625,311.125,NaN
2024-01-17T12:00:00Z,0.0,-27.625,311.375,NaN
2024-01-17T12:00:00Z,0.0,-27.625,311.625,25.73
2024-01-17T12:00:00Z,0.0,-27.375,311.125,NaN
2024-01-17T12:00:00Z,0.0,-27.375,311.375,NaN
2024-01-17T12:00:00Z,0.0,-27.375,311.625,26.09
2024-01-18T12:00:00Z,0.0,-27.875,311.125,NaN
2024-01-18T12:00:00Z,0.0,-27.875,311.375,NaN
2024-01-18T12:00:00Z,0.0,-27.875,311.625,25.57
2024-01-18T12:00:00Z,0.0,-27.625,311.125,NaN
2024-01-18T12:00:00Z,0.0,-27.625,311.375,NaN
2024-01-18T12:00:00Z,0.0,-27.625,311.625,25.88
2024-01-18T12:00:00Z,0.0,-27.375,311.125,NaN
2024-01-18T12:00:00Z,0.0,-27.375,311.375,NaN
2024-01-18T12:00:00Z,0.0,-27.375,311.625,26.25
2024-01-19T12:00:00Z,0.0,-27.875,311.125,NaN
2024-01-19T12:00:00Z,0.0,-27.875,311.375,NaN
2024-01-19T12:00:00Z,0.0,-27.875,311.625,25.689999
2024-01-19T12:00:00Z,0.0,-27.625,311.125,NaN
2024-01-19T12:00:00Z,0.0,-27.625,311.375,NaN
2024-01-19T12:00:00Z,0.0,-27.625,311.625,26.0
2024-01-19T12:00:00Z,0.0,-27.375,311.125,NaN
2024-01-19T12:00:00Z,0.0,-27.375,311.375,NaN
2024-01-19T12:00:00Z,0.0,-27.375,311.625,26.369999
2024-01-20T12:00:00Z,0.0,-27.875,311.125,NaN
2024-01-20T12:00:00Z,0.0,-27.875,311.375,NaN
2024-01-20T12:00:00Z,0.0,-27.875,311.625,25.939999
2024-01-20T12:00:00Z,0.0,-27.625,311.125,NaN
2024-01-20T12:00:00Z,0.0,-27.625,311.375,NaN
2024-01-20T12:00:00Z,0.0,-27.625,311.625,26.21
2024-01-20T12:00:00Z,0.0,-27.375,311.125,NaN
2024-01-20T12:00:00Z,0.0,-27.375,311.375,NaN
2024-01-20T12:00:00Z,0.0,-27.375,311.625,26.5
2024-01-21T12:00:00Z,0.0,-27.875,311.125,NaN
2024-01-21T12:00:00Z,0.0,-27.875,311.375,NaN
2024-01-21T12:00:00Z,0.0,-27.875,311.625,26.109999
2024-01-21T12:00:00Z,0.0,-27.625,311.125,NaN
2024-01-21T12:00:00Z,0.0,-27.625,311.375,NaN
2024-01-21T12:00:00Z,0.0,-27.625,311.625,26.3
2024-01-21T12:00:00Z,0.0,-27.375,311.125,NaN
2024-01-21T12:00:00Z,0.0,-27.375,311.375,NaN
2024-01-21T12:00:00Z,0.0,-27.375,311.625,26.48
2024-01-22T12:00:00Z,0.0,-27.875,311.125,NaN
2024-01-22T12:00:00Z,0.0,-27.875,311.375,NaN
2024-01-22T12:00:00Z,0.0,-27.875,311.625,26.06
2024-01-22T12:00:00Z,0.0,-27.625,311.125,NaN
2024-01-22T12:00:00Z,0.0,-27.625,311.375,NaN
2024-01-22T12:00:00Z,0.0,-27.625,311.625,26.24
2024-01-22T12:00:00Z,0.0,-27.375,311.125,NaN
2024-01-22T12:00:00Z,0.0,-27.375,311.375,NaN
2024-01-22T12:00:00Z,0.0,-27.375,311.625,26.41
2024-01-23T12:00:00Z,0.0,-27.875,311.125,NaN
2024-01-23T12:00:00Z,0.0,-27.875,311.375,NaN
2024-01-23T12:00:00Z,0.0,-27.875,311.625,25.88
2024-01-23T12:00:00Z,0.0,-27.625,311.125,NaN
2024-01-23T12:00:00Z,0.0,-27.625,311.375,NaN
2024-01-23T12:00:00Z,0.0,-27.625,311.625,26.07
2024-01-23T12:00:00Z,0.0,-27.375,311.125,NaN
2024-01-23T12:00:00Z,0.0,-27.375,311.375,NaN
2024-01-23T12:00:00Z,0.0,-27.375,311.625,26.25
2024-01-24T12:00:00Z,0.0,-27.875,311.125,NaN
2024-01-24T12:00:00Z,0.0,-27.875,311.375,NaN
2024-01-24T12:00:00Z,0.0,-27.875,311.625,25.83
2024-01-24T12:00:00Z,0.0,-27.625,311.125,NaN
2024-01-24T12:00:00Z,0.0,-27.625,311.375,NaN
2024-01-24T12:00:00Z,0.0,-27.625,311.625,26.01
2024-01-24T12:00:00Z,0.0,-27.375,311.125,NaN
2024-01-24T12:00:00Z,0.0,-27.375,311.375,NaN
2024-01-24T12:00:00Z,0.0,-27.375,311.625,26.199999
2024-01-25T12:00:00Z,0.0,-27.875,311.125,NaN
2024-01-25T12:00:00Z,0.0,-27.875,311.375,NaN
2024-01-25T12:00:00Z,0.0,-27.875,311.625,25.59
2024-01-25T12:00:00Z,0.0,-27.625,311.125,NaN
2024-01-25T12:00:00Z,0.0,-27.625,311.375,NaN
2024-01-25T12:00:00Z,0.0,-27.625,311.625,25.89
2024-01-25T12:00:00Z,0.0,-27.375,311.125,NaN
2024-01-25T12:00:00Z,0.0,-27.375,311.375,NaN
2024-01-25T12:00:00Z,0.0,-27.375,311.625,26.25
2024-01-26T12:00:00Z,0.0,-27.875,311.125,NaN
2024-01-26T12:00:00Z,0.0,-27.875,311.375,NaN
2024-01-26T12:00:00Z,0.0,-27.875,311.625,25.32
2024-01-26T12:00:00Z,0.0,-27.625,311.125,NaN
2024-01-26T12:00:00Z,0.0,-27.625,311.375,NaN
2024-01-26T12:00:00Z,0.0,-27.625,311.625,25.58
2024-01-26T12:00:00Z,0.0,-27.375,311.125,NaN
2024-01-26T12:00:00Z,0.0,-27.375,311.375,NaN
2024-01-26T12:00:00Z,0.0,-27.375,311.625,25.869999
2024-01-27T12:00:00Z,0.0,-27.875,311.125,NaN
2024-01-27T12:00:00Z,0.0,-27.875,311.375,NaN
2024-01-27T12:00:00Z,0.0,-27.875,311.625,24.92
2024-01-27T12:00:00Z,0.0,-27.625,311.125,NaN
2024-01-27T12:00:00Z,0.0,-27.625,311.375,NaN
2024-01-27T12:00:00Z,0.0,-27.625,311.625,25.119999
2024-01-27T12:00:00Z,0.0,-27.375,311.125,NaN
2024-01-27T12:00:00Z,0.0,-27.375,311.375,NaN
2024-01-27T12:00:00Z,0.0,-27.375,311.625,25.359999
2024-01-28T12:00:00Z,0.0,-27.875,311.125,NaN
2024-01-28T12:00:00Z,0.0,-27.875,311.375,NaN
2024-01-28T12:00:00Z,0.0,-27.875,311.625,24.82
2024-01-28T12:00:00Z,0.0,-27.625,311.125,NaN
2024-01-28T12:00:00Z,0.0,-27.625,311.375,NaN
2024-01-28T12:00:00Z,0.0,-27.625,311.625,24.99
2024-01-28T12:00:00Z,0.0,-27.375,311.125,NaN
2024-01-28T12:00:00Z,0.0,-27.375,311.375,NaN
2024-01-28T12:00:00Z,0.0,-27.375,311.625,25.199999
2024-01-29T12:00:00Z,0.0,-27.875,311.125,NaN
2024-01-29T12:00:00Z,0.0,-27.875,311.375,NaN
2024-01-29T12:00:00Z,0.0,-27.875,311.625,24.99
2024-01-29T12:00:00Z,0.0,-27.625,311.125,NaN
2024-01-29T12:00:00Z,0.0,-27.625,311.375,NaN
2024-01-29T12:00:00Z,0.0,-27.625,311.625,25.14
2024-01-29T12:00:00Z,0.0,-27.375,311.125,NaN
2024-01-29T12:00:00Z,0.0,-27.375,311.375,NaN
2024-01-29T12:00:00Z,0.0,-27.375,311.625,25.359999
2024-01-30T12:00:00Z,0.0,-27.875,311.125,NaN
2024-01-30T12:00:00Z,0.0,-27.875,311.375,NaN
2024-01-30T12:00:00Z,0.0,-27.875,311.625,25.119999
2024-01-30T12:00:00Z,0.0,-27.625,311.125,NaN
2024-01-30T12:00:00Z,0.0,-27.625,311.375,NaN
2024-01-30T12:00:00Z,0.0,-27.625,311.625,25.26
2024-01-30T12:00:00Z,0.0,-27.375,311.125,NaN
2024-01-30T12:00:00Z,0.0,-27.375,311.375,NaN
2024-01-30T12:00:00Z,0.0,-27.375,311.625,25.46
2024-01-31T12:00:00Z,0.0,-27.875,311.125,NaN
2024-01-31T12:00:00Z,0.0,-27.875,311.375,NaN
2024-01-31T12:00:00Z,0.0,-27.875,311.625,25.279999
2024-01-31T12:00:00Z,0.0,-27.625,311.125,NaN
2024-01-31T12:00:00Z,0.0,-27.625,311.375,NaN
2024-01-31T12:00:00Z,0.0,-27.625,311.625,25.38
2024-01-31T12:00:00Z,0.0,-27.375,311.125,NaN
2024-01-31T12:00:00Z,0.0,-27.375,311.375,NaN
2024-01-31T12:00:00Z,0.0,-27.375,311.625,25.529999
2024-02-01T12:00:00Z,0.0,-27.875,311.125,NaN
2024-02-01T12:00:00Z,0.0,-27.875,311.375,NaN
2024-02-01T12:00:00Z,0.0,-27.875,311.625,25.34
2024-02-01T12:00:00Z,0.0,-27.625,311.125,NaN
2024-02-01T12:00:00Z,0.0,-27.625,311.375,NaN
2024-02-01T12:00:00Z,0.0,-27.625,311.625,25.41
2024-02-01T12:00:00Z,0.0,-27.375,311.125,NaN
2024-02-01T12:00:00Z,0.0,-27.375,311.375,NaN
2024-02-01T12:00:00Z,0.0,-27.375,311.625,25.51
2024-02-02T12:00:00Z,0.0,-27.875,311.125,NaN
2024-02-02T12:00:00Z,0.0,-27.875,311.375,NaN
2024-02-02T12:00:00Z,0.0,-27.875,311.625,25.38
2024-02-02T12:00:00Z,0.0,-27.625,311.125,NaN
2024-02-02T12:00:00Z,0.0,-27.625,311.375,NaN
2024-02-02T12:00:00Z,0.0,-27.625,311.625,25.43
2024-02-02T12:00:00Z,0.0,-27.375,311.125,NaN
2024-02-02T12:00:00Z,0.0,-27.375,311.375,NaN
2024-02-02T12:00:00Z,0.0,-27.375,311.625,25.529999
2024-02-03T12:00:00Z,0.0,-27.875,311.125,NaN
2024-02-03T12:00:00Z,0.0,-27.875,311.375,NaN
2024-02-03T12:00:00Z,0.0,-27.875,311.625,25.46
2024-02-03T12:00:00Z,0.0,-27.625,311.125,NaN
2024-02-03T12:00:00Z,0.0,-27.625,311.375,NaN
2024-02-03T12:00:00Z,0.0,-27.625,311.625,25.519999
2024-02-03T12:00:00Z,0.0,-27.375,311.125,NaN
2024-02-03T12:00:00Z,0.0,-27.375,311.375,NaN
2024-02-03T12:00:00Z,0.0,-27.375,311.625,25.619999
2024-02-04T12:00:00Z,0.0,-27.875,311.125,NaN
2024-02-04T12:00:00Z,0.0,-27.875,311.375,NaN
2024-02-04T12:00:00Z,0.0,-27.875,311.625,25.64
2024-02-04T12:00:00Z,0.0,-27.625,311.125,NaN
2024-02-04T12:00:00Z,0.0,-27.625,311.375,NaN
2024-02-04T12:00:00Z,0.0,-27.625,311.625,25.699999
2024-02-04T12:00:00Z,0.0,-27.375,311.125,NaN
2024-02-04T12:00:00Z,0.0,-27.375,311.375,NaN
2024-02-04T12:00:00Z,0.0,-27.375,311.625,25.789999
2024-02-05T12:00:00Z,0.0,-27.875,311.125,NaN
2024-02-05T12:00:00Z,0.0,-27.875,311.375,NaN
2024-02-05T12:00:00Z,0.0,-27.875,311.625,25.75
2024-02-05T12:00:00Z,0.0,-27.625,311.125,NaN
2024-02-05T12:00:00Z,0.0,-27.625,311.375,NaN
2024-02-05T12:00:00Z,0.0,-27.625,311.625,25.84
2024-02-05T12:00:00Z,0.0,-27.375,311.125,NaN
2024-02-05T12:00:00Z,0.0,-27.375,311.375,NaN
2024-02-05T12:00:00Z,0.0,-27.375,311.625,25.99
2024-02-06T12:00:00Z,0.0,-27.875,311.125,NaN
2024-02-06T12:00:00Z,0.0,-27.875,311.375,NaN
2024-02-06T12:00:00Z,0.0,-27.875,311.625,25.869999
2024-02-06T12:00:00Z,0.0,-27.625,311.125,NaN
2024-02-06T12:00:00Z,0.0,-27.625,311.375,NaN
2024-02-06T12:00:00Z,0.0,-27.625,311.625,26.0
2024-02-06T12:00:00Z,0.0,-27.375,311.125,NaN
2024-02-06T12:00:00Z,0.0,-27.375,311.375,NaN
2024-02-06T12:00:00Z,0.0,-27.375,311.625,26.18
2024-02-07T12:00:00Z,0.0,-27.875,311.125,NaN
2024-02-07T12:00:00Z,0.0,-27.875,311.375,NaN
2024-02-07T12:00:00Z,0.0,-27.875,311.625,26.09
2024-02-07T12:00:00Z,0.0,-27.625,311.125,NaN
2024-02-07T12:00:00Z,0.0,-27.625,311.375,NaN
2024-02-07T12:00:00Z,0.0,-27.625,311.625,26.24
2024-02-07T12:00:00Z,0.0,-27.375,311.125,NaN
2024-02-07T12:00:00Z,0.0,-27.375,311.375,NaN
2024-02-07T12:00:00Z,0.0,-27.375,311.625,26.439999
2024-02-08T12:00:00Z,0.0,-27.875,311.125,NaN
2024-02-08T12:00:00Z,0.0,-27.875,311.375,NaN
2024-02-08T12:00:00Z,0.0,-27.875,311.625,26.23
2024-02-08T12:00:00Z,0.0,-27.625,311.125,NaN
2024-02-08T12:00:00Z,0.0,-27.625,311.375,NaN
2024-02-08T12:00:00Z,0.0,-27.625,311.625,26.41
2024-02-08T12:00:00Z,0.0,-27.375,311.125,NaN
2024-02-08T12:00:00Z,0.0,-27.375,311.375,NaN
2024-02-08T12:00:00Z,0.0,-27.375,311.625,26.619999
2024-02-09T12:00:00Z,0.0,-27.875,311.125,NaN
2024-02-09T12:00:00Z,0.0,-27.875,311.375,NaN
2024-02-09T12:00:00Z,0.0,-27.875,311.625,26.39
2024-02-09T12:00:00Z,0.0,-27.625,311.125,NaN
2024-02-09T12:00:00Z,0.0,-27.625,311.375,NaN
2024-02-09T12:00:00Z,0.0,-27.625,311.625,26.59
2024-02-09T12:00:00Z,0.0,-27.375,311.125,NaN
2024-02-09T12:00:00Z,0.0,-27.375,311.375,NaN
2024-02-09T12:00:00Z,0.0,-27.375,311.625,26.81
2024-02-10T12:00:00Z,0.0,-27.875,311.125,NaN
2024-02-10T12:00:00Z,0.0,-27.875,311.375,NaN
2024-02-10T12:00:00Z,0.0,-27.875,311.625,26.619999
2024-02-10T12:00:00Z,0.0,-27.625,311.125,NaN
2024-02-10T12:00:00Z,0.0,-27.625,311.375,NaN
2024-02-10T12:00:00Z,0.0,-27.625,311.625,26.8
2024-02-10T12:00:00Z,0.0,-27.375,311.125,NaN
2024-02-10T12:00:00Z,0.0,-27.375,311.375,NaN
2024-02-10T12:00:00Z,0.0,-27.375,311.625,26.949999
2024-02-11T12:00:00Z,0.0,-27.875,311.125,NaN
2024-02-11T12:00:00Z,0.0,-27.875,311.375,NaN
2024-02-11T12:00:00Z,0.0,-27.875,311.625,26.72
2024-02-11T12:00:00Z,0.0,-27.625,311.125,NaN
2024-02-11T12:00:00Z,0.0,-27.625,311.375,NaN
2024-02-11T12:00:00Z,0.0,-27.625,311.625,26.88
2024-02-11T12:00:00Z,0.0,-27.375,311.125,NaN
2024-02-11T12:00:00Z,0.0,-27.375,311.375,NaN
2024-02-11T12:00:00Z,0.0,-27.375,311.625,27.019999
2024-02-12T12:00:00Z,0.0,-27.875,311.125,NaN
2024-02-12T12:00:00Z,0.0,-27.875,311.375,NaN
2024-02-12T12:00:00Z,0.0,-27.875,311.625,26.9
2024-02-12T12:00:00Z,0.0,-27.625,311.125,NaN
2024-02-12T12:00:00Z,0.0,-27.625,311.375,NaN
2024-02-12T12:00:00Z,0.0,-27.625,311.625,27.06
2024-02-12T12:00:00Z,0.0,-27.375,311.125,NaN
2024-02-12T12:00:00Z,0.0,-27.375,311.375,NaN
2024-02-12T12:00:00Z,0.0,-27.375,311.625,27.18
2024-02-13T12:00:00Z,0.0,-27.875,311.125,NaN
2024-02-13T12:00:00Z,0.0,-27.875,311.375,NaN
2024-02-13T12:00:00Z,0.0,-27.875,311.625,27.359999
2024-02-13T12:00:00Z,0.0,-27.625,311.125,NaN
2024-02-13T12:00:00Z,0.0,-27.625,311.375,NaN
2024-02-13T12:00:00Z,0.0,-27.625,311.625,27.55
2024-02-13T12:00:00Z,0.0,-27.375,311.125,NaN
2024-02-13T12:00:00Z,0.0,-27.375,311.375,NaN
2024-02-13T12:00:00Z,0.0,-27.375,311.625,27.65
2024-02-14T12:00:00Z,0.0,-27.875,311.125,NaN
2024-02-14T12:00:00Z,0.0,-27.875,311.375,NaN
2024-02-14T12:00:00Z,0.0,-27.875,311.625,27.63
2024-02-14T12:00:00Z,0.0,-27.625,311.125,NaN
2024-02-14T12:00:00Z,0.0,-27.625,311.375,NaN
2024-02-14T12:00:00Z,0.0,-27.625,311.625,27.88
2024-02-14T12:00:00Z,0.0,-27.375,311.125,NaN
2024-02-14T12:00:00Z,0.0,-27.375,311.375,NaN
2024-02-14T12:00:00Z,0.0,-27.375,311.625,28.019999
2024-02-15T12:00:00Z,0.0,-27.875,311.125,NaN
2024-02-15T12:00:00Z,0.0,-27.875,311.375,NaN
2024-02-15T12:00:00Z,0.0,-27.875,311.625,26.67
2024-02-15T12:00:00Z,0.0,-27.625,311.125,NaN
2024-02-15T12:00:00Z,0.0,-27.625,311.375,NaN
2024-02-15T12:00:00Z,0.0,-27.625,311.625,26.9
2024-02-15T12:00:00Z,0.0,-27.375,311.125,NaN
2024-02-15T12:00:00Z,0.0,-27.375,311.375,NaN
2024-02-15T12:00:00Z,0.0,-27.375,311.625,27.019999
2024-02-16T12:00:00Z,0.0,-27.875,311.125,NaN
2024-02-16T12:00:00Z,0.0,-27.875,311.375,NaN
2024-02-16T12:00:00Z,0.0,-27.875,311.625,26.3
2024-02-16T12:00:00Z,0.0,-27.625,311.125,NaN
2024-02-16T12:00:00Z,0.0,-27.625,311.375,NaN
2024-02-16T12:00:00Z,0.0,-27.625,311.625,26.39
2024-02-16T12:00:00Z,0.0,-27.375,311.125,NaN
2024-02-16T12:00:00Z,0.0,-27.375,311.375,NaN
2024-02-16T12:00:00Z,0.0,-27.375,311.625,26.539999
2024-02-17T12:00:00Z,0.0,-27.875,311.125,NaN
2024-02-17T12:00:00Z,0.0,-27.875,311.375,NaN
2024-02-17T12:00:00Z,0.0,-27.875,311.625,26.25
2024-02-17T12:00:00Z,0.0,-27.625,311.125,NaN
2024-02-17T12:00:00Z,0.0,-27.625,311.375,NaN
2024-02-17T12:00:00Z,0.0,-27.625,311.625,26.25
2024-02-17T12:00:00Z,0.0,-27.375,311.125,NaN
2024-02-17T12:00:00Z,0.0,-27.375,311.375,NaN
2024-02-17T12:00:00Z,0.0,-27.375,311.625,26.39
2024-02-18T12:00:00Z,0.0,-27.875,311.125,NaN
2024-02-18T12:00:00Z,0.0,-27.875,311.375,NaN
2024-02-18T12:00:00Z,0.0,-27.875,311.625,26.019999
2024-02-18T12:00:00Z,0.0,-27.625,311.125,NaN
2024-02-18T12:00:00Z,0.0,-27.625,311.375,NaN
2024-02-18T12:00:00Z,0.0,-27.625,311.625,26.15
2024-02-18T12:00:00Z,0.0,-27.375,311.125,NaN
2024-02-18T12:00:00Z,0.0,-27.375,311.375,NaN
2024-02-18T12:00:00Z,0.0,-27.375,311.625,26.359999
2024-02-19T12:00:00Z,0.0,-27.875,311.125,NaN
2024-02-19T12:00:00Z,0.0,-27.875,311.375,NaN
2024-02-19T12:00:00Z,0.0,-27.875,311.625,25.98
2024-02-19T12:00:00Z,0.0,-27.625,311.125,NaN
2024-02-19T12:00:00Z,0.0,-27.625,311.375,NaN
2024-02-19T12:00:00Z,0.0,-27.625,311.625,26.17
2024-02-19T12:00:00Z,0.0,-27.375,311.125,NaN
2024-02-19T12:00:00Z,0.0,-27.375,311.375,NaN
2024-02-19T12:00:00Z,0.0,-27.375,311.625,26.41
2024-02-20T12:00:00Z,0.0,-27.875,311.125,NaN
2024-02-20T12:00:00Z,0.0,-27.875,311.375,NaN
2024-02-20T12:00:00Z,0.0,-27.875,311.625,25.939999
2024-02-20T12:00:00Z,0.0,-27.625,311.125,NaN
2024-02-20T12:00:00Z,0.0,-27.625,311.375,NaN
2024-02-20T12:00:00Z,0.0,-27.625,311.625,26.14
2024-02-20T12:00:00Z,0.0,-27.375,311.125,NaN
2024-02-20T12:00:00Z,0.0,-27.375,311.375,NaN
2024-02-20T12:00:00Z,0.0,-27.375,311.625,26.359999
2024-02-21T12:00:00Z,0.0,-27.875,311.125,NaN
2024-02-21T12:00:00Z,0.0,-27.875,311.375,NaN
2024-02-21T12:00:00Z,0.0,-27.875,311.625,25.8
2024-02-21T12:00:00Z,0.0,-27.625,311.125,NaN
2024-02-21T12:00:00Z,0.0,-27.625,311.375,NaN
2024-02-21T12:00:00Z,0.0,-27.625,311.625,25.99
2024-02-21T12:00:00Z,0.0,-27.375,311.125,NaN
2024-02-21T12:00:00Z,0.0,-27.375,311.375,NaN
2024-02-21T12:00:00Z,0.0,-27.375,311.625,26.25
2024-02-22T12:00:00Z,0.0,-27.875,311.125,NaN
2024-02-22T12:00:00Z,0.0,-27.875,311.375,NaN
2024-02-22T12:00:00Z,0.0,-27.875,311.625,25.84
2024-02-22T12:00:00Z,0.0,-27.625,311.125,NaN
2024-02-22T12:00:00Z,0.0,-27.625,311.375,NaN
2024-02-22T12:00:00Z,0.0,-27.625,311.625,26.08
2024-02-22T12:00:00Z,0.0,-27.375,311.125,NaN
2024-02-22T12:00:00Z,0.0,-27.375,311.375,NaN
2024-02-22T12:00:00Z,0.0,-27.375,311.625,26.32
2024-02-23T12:00:00Z,0.0,-27.875,311.125,NaN
2024-02-23T12:00:00Z,0.0,-27.875,311.375,NaN
2024-02-23T12:00:00Z,0.0,-27.875,311.625,26.029999
2024-02-23T12:00:00Z,0.0,-27.625,311.125,NaN
2024-02-23T12:00:00Z,0.0,-27.625,311.375,NaN
2024-02-23T12:00:00Z,0.0,-27.625,311.625,26.269999
2024-02-23T12:00:00Z,0.0,-27.375,311.125,NaN
2024-02-23T12:00:00Z,0.0,-27.375,311.375,NaN
2024-02-23T12:00:00Z,0.0,-27.375,311.625,26.529999
2024-02-24T12:00:00Z,0.0,-27.875,311.125,NaN
2024-02-24T12:00:00Z,0.0,-27.875,311.375,NaN
2024-02-24T12:00:00Z,0.0,-27.875,311.625,26.269999
2024-02-24T12:00:00Z,0.0,-27.625,311.125,NaN
2024-02-24T12:00:00Z,0.0,-27.625,311.375,NaN
2024-02-24T12:00:00Z,0.0,-27.625,311.625,26.56
2024-02-24T12:00:00Z,0.0,-27.375,311.125,NaN
2024-02-24T12:00:00Z,0.0,-27.375,311.375,NaN
2024-02-24T12:00:00Z,0.0,-27.375,311.625,26.82
2024-02-25T12:00:00Z,0.0,-27.875,311.125,NaN
2024-02-25T12:00:00Z,0.0,-27.875,311.375,NaN
2024-02-25T12:00:00Z,0.0,-27.875,311.625,26.269999
2024-02-25T12:00:00Z,0.0,-27.625,311.125,NaN
2024-02-25T12:00:00Z,0.0,-27.625,311.375,NaN
2024-02-25T12:00:00Z,0.0,-27.625,311.625,26.519999
2024-02-25T12:00:00Z,0.0,-27.375,311.125,NaN
2024-02-25T12:00:00Z,0.0,-27.375,311.375,NaN
2024-02-25T12:00:00Z,0.0,-27.375,311.625,26.779999
2024-02-26T12:00:00Z,0.0,-27.875,311.125,NaN
2024-02-26T12:00:00Z,0.0,-27.875,311.375,NaN
2024-02-26T12:00:00Z,0.0,-27.875,311.625,26.279999
2024-02-26T12:00:00Z,0.0,-27.625,311.125,NaN
2024-02-26T12:00:00Z,0.0,-27.625,311.375,NaN
2024-02-26T12:00:00Z,0.0,-27.625,311.625,26.449999
2024-02-26T12:00:00Z,0.0,-27.375,311.125,NaN
2024-02-26T12:00:00Z,0.0,-27.375,311.375,NaN
2024-02-26T12:00:00Z,0.0,-27.375,311.625,26.55
2024-02-27T12:00:00Z,0.0,-27.875,311.125,NaN
2024-02-27T12:00:00Z,0.0,-27.875,311.375,NaN
2024-02-27T12:00:00Z,0.0,-27.875,311.625,26.13
2024-02-27T12:00:00Z,0.0,-27.625,311.125,NaN
2024-02-27T12:00:00Z,0.0,-27.625,311.375,NaN
2024-02-27T12:00:00Z,0.0,-27.625,311.625,26.32
2024-02-27T12:00:00Z,0.0,-27.375,311.125,NaN
2024-02-27T12:00:00Z,0.0,-27.375,311.375,NaN
2024-02-27T12:00:00Z,0.0,-27.375,311.625,26.41
2024-02-28T12:00:00Z,0.0,-27.875,311.125,NaN
2024-02-28T12:00:00Z,0.0,-27.875,311.375,NaN
2024-02-28T12:00:00Z,0.0,-27.875,311.625,25.88
2024-02-28T12:00:00Z,0.0,-27.625,311.125,NaN
2024-02-28T12:00:00Z,0.0,-27.625,311.375,NaN
2024-02-28T12:00:00Z,0.0,-27.625,311.625,26.14
2024-02-28T12:00:00Z,0.0,-27.375,311.125,NaN
2024-02-28T12:00:00Z,0.0,-27.375,311.375,NaN
2024-02-28T12:00:00Z,0.0,-27.375,311.625,26.3
2024-02-29T12:00:00Z,0.0,-27.875,311.125,NaN
2024-02-29T12:00:00Z,0.0,-27.875,311.375,NaN
2024-02-29T12:00:00Z,0.0,-27.875,311.625,26.01
2024-02-29T12:00:00Z,0.0,-27.625,311.125,NaN
2024-02-29T12:00:00Z,0.0,-27.625,311.375,NaN
2024-02-29T12:00:00Z,0.0,-27.625,311.625,26.269999
2024-02-29T12:00:00Z,0.0,-27.375,311.125,NaN
2024-02-29T12:00:00Z,0.0,-27.375,311.375,NaN
2024-02-29T12:00:00Z,0.0,-27.375,311.625,26.439999
2024-03-01T12:00:00Z,0.0,-27.875,311.125,NaN
2024-03-01T12:00:00Z,0.0,-27.875,311.375,NaN
2024-03-01T12:00:00Z,0.0,-27.875,311.625,26.42
2024-03-01T12:00:00Z,0.0,-27.625,311.125,NaN
2024-03-01T12:00:00Z,0.0,-27.625,311.375,NaN
2024-03-01T12:00:00Z,0.0,-27.625,311.625,26.66
2024-03-01T12:00:00Z,0.0,-27.375,311.125,NaN
2024-03-01T12:00:00Z,0.0,-27.375,311.375,NaN
2024-03-01T12:00:00Z,0.0,-27.375,311.625,26.88
2024-03-02T12:00:00Z,0.0,-27.875,311.125,NaN
2024-03-02T12:00:00Z,0.0,-27.875,311.375,NaN
2024-03-02T12:00:00Z,0.0,-27.875,311.625,26.619999
2024-03-02T12:00:00Z,0.0,-27.625,311.125,NaN
2024-03-02T12:00:00Z,0.0,-27.625,311.375,NaN
2024-03-02T12:00:00Z,0.0,-27.625,311.625,26.84
2024-03-02T12:00:00Z,0.0,-27.375,311.125,NaN
2024-03-02T12:00:00Z,0.0,-27.375,311.375,NaN
2024-03-02T12:00:00Z,0.0,-27.375,311.625,27.029999
2024-03-03T12:00:00Z,0.0,-27.875,311.125,NaN
2024-03-03T12:00:00Z,0.0,-27.875,311.375,NaN
2024-03-03T12:00:00Z,0.0,-27.875,311.625,26.8
2024-03-03T12:00:00Z,0.0,-27.625,311.125,NaN
2024-03-03T12:00:00Z,0.0,-27.625,311.375,NaN
2024-03-03T12:00:00Z,0.0,-27.625,311.625,26.949999
2024-03-03T12:00:00Z,0.0,-27.375,311.125,NaN
2024-03-03T12:00:00Z,0.0,-27.375,311.375,NaN
2024-03-03T12:00:00Z,0.0,-27.375,311.625,27.08
2024-03-04T12:00:00Z,0.0,-27.875,311.125,NaN
2024-03-04T12:00:00Z,0.0,-27.875,311.375,NaN
2024-03-04T12:00:00Z,0.0,-27.875,311.625,26.789999
2024-03-04T12:00:00Z,0.0,-27.625,311.125,NaN
2024-03-04T12:00:00Z,0.0,-27.625,311.375,NaN
2024-03-04T12:00:00Z,0.0,-27.625,311.625,26.93
2024-03-04T12:00:00Z,0.0,-27.375,311.125,NaN
2024-03-04T12:00:00Z,0.0,-27.375,311.375,NaN
2024-03-04T12:00:00Z,0.0,-27.375,311.625,27.039999
2024-03-05T12:00:00Z,0.0,-27.875,311.125,NaN
2024-03-05T12:00:00Z,0.0,-27.875,311.375,NaN
2024-03-05T12:00:00Z,0.0,-27.875,311.625,26.449999
2024-03-05T12:00:00Z,0.0,-27.625,311.125,NaN
2024-03-05T12:00:00Z,0.0,-27.625,311.375,NaN
2024-03-05T12:00:00Z,0.0,-27.625,311.625,26.72
2024-03-05T12:00:00Z,0.0,-27.375,311.125,NaN
2024-03-05T12:00:00Z,0.0,-27.375,311.375,NaN
2024-03-05T12:00:00Z,0.0,-27.375,311.625,26.92
2024-03-06T12:00:00Z,0.0,-27.875,311.125,NaN
2024-03-06T12:00:00Z,0.0,-27.875,311.375,NaN
2024-03-06T12:00:00Z,0.0,-27.875,311.625,26.029999
2024-03-06T12:00:00Z,0.0,-27.625,311.125,NaN
2024-03-06T12:00:00Z,0.0,-27.625,311.375,NaN
2024-03-06T12:00:00Z,0.0,-27.625,311.625,26.25
2024-03-06T12:00:00Z,0.0,-27.375,311.125,NaN
2024-03-06T12:00:00Z,0.0,-27.375,311.375,NaN
2024-03-06T12:00:00Z,0.0,-27.375,311.625,26.51
2024-03-07T12:00:00Z,0.0,-27.875,311.125,NaN
2024-03-07T12:00:00Z,0.0,-27.875,311.375,NaN
2024-03-07T12:00:00Z,0.0,-27.875,311.625,25.539999
2024-03-07T12:00:00Z,0.0,-27.625,311.125,NaN
2024-03-07T12:00:00Z,0.0,-27.625,311.375,NaN
2024-03-07T12:00:00Z,0.0,-27.625,311.625,25.83
2024-03-07T12:00:00Z,0.0,-27.375,311.125,NaN
2024-03-07T12:00:00Z,0.0,-27.375,311.375,NaN
2024-03-07T12:00:00Z,0.0,-27.375,311.625,26.17
2024-03-08T12:00:00Z,0.0,-27.875,311.125,NaN
2024-03-08T12:00:00Z,0.0,-27.875,311.375,NaN
2024-03-08T12:00:00Z,0.0,-27.875,311.625,25.439999
2024-03-08T12:00:00Z,0.0,-27.625,311.125,NaN
2024-03-08T12:00:00Z,0.0,-27.625,311.375,NaN
2024-03-08T12:00:00Z,0.0,-27.625,311.625,25.779999
2024-03-08T12:00:00Z,0.0,-27.375,311.125,NaN
2024-03-08T12:00:00Z,0.0,-27.375,311.375,NaN
2024-03-08T12:00:00Z,0.0,-27.375,311.625,26.06
2024-03-09T12:00:00Z,0.0,-27.875,311.125,NaN
2024-03-09T12:00:00Z,0.0,-27.875,311.375,NaN
2024-03-09T12:00:00Z,0.0,-27.875,311.625,24.689999
2024-03-09T12:00:00Z,0.0,-27.625,311.125,NaN
2024-03-09T12:00:00Z,0.0,-27.625,311.375,NaN
2024-03-09T12:00:00Z,0.0,-27.625,311.625,25.119999
2024-03-09T12:00:00Z,0.0,-27.375,311.125,NaN
2024-03-09T12:00:00Z,0.0,-27.375,311.375,NaN
2024-03-09T12:00:00Z,0.0,-27.375,311.625,25.48
2024-03-10T12:00:00Z,0.0,-27.875,311.125,NaN
2024-03-10T12:00:00Z,0.0,-27.875,311.375,NaN
2024-03-10T12:00:00Z,0.0,-27.875,311.625,24.66
2024-03-10T12:00:00Z,0.0,-27.625,311.125,NaN
2024-03-10T12:00:00Z,0.0,-27.625,311.375,NaN
2024-03-10T12:00:00Z,0.0,-27.625,311.625,25.15
2024-03-10T12:00:00Z,0.0,-27.375,311.125,NaN
2024-03-10T12:00:00Z,0.0,-27.375,311.375,NaN
2024-03-10T12:00:00Z,0.0,-27.375,311.625,25.51
2024-03-11T12:00:00Z,0.0,-27.875,311.125,NaN
2024-03-11T12:00:00Z,0.0,-27.875,311.375,NaN
2024-03-11T12:00:00Z,0.0,-27.875,311.625,24.67
2024-03-11T12:00:00Z,0.0,-27.625,311.125,NaN
2024-03-11T12:00:00Z,0.0,-27.625,311.375,NaN
2024-03-11T12:00:00Z,0.0,-27.625,311.625,25.119999
2024-03-11T12:00:00Z,0.0,-27.375,311.125,NaN
2024-03-11T12:00:00Z,0.0,-27.375,311.375,NaN
2024-03-11T12:00:00Z,0.0,-27.375,311.625,25.47
2024-03-12T12:00:00Z,0.0,-27.875,311.125,NaN
2024-03-12T12:00:00Z,0.0,-27.875,311.375,NaN
2024-03-12T12:00:00Z,0.0,-27.875,311.625,24.689999
2024-03-12T12:00:00Z,0.0,-27.625,311.125,NaN
2024-03-12T12:00:00Z,0.0,-27.625,311.375,NaN
2024-03-12T12:00:00Z,0.0,-27.625,311.625,25.13
2024-03-12T12:00:00Z,0.0,-27.375,311.125,NaN
2024-03-12T12:00:00Z,0.0,-27.375,311.375,NaN
2024-03-12T12:00:00Z,0.0,-27.375,311.625,25.51
2024-03-13T12:00:00Z,0.0,-27.875,311.125,NaN
2024-03-13T12:00:00Z,0.0,-27.875,311.375,NaN
2024-03-13T12:00:00Z,0.0,-27.875,311.625,24.65
2024-03-13T12:00:00Z,0.0,-27.625,311.125,NaN
2024-03-13T12:00:00Z,0.0,-27.625,311.375,NaN
2024-03-13T12:00:00Z,0.0,-27.625,311.625,25.14
2024-03-13T12:00:00Z,0.0,-27.375,311.125,NaN
2024-03-13T12:00:00Z,0.0,-27.375,311.375,NaN
2024-03-13T12:00:00Z,0.0,-27.375,311.625,25.56
2024-03-14T12:00:00Z,0.0,-27.875,311.125,NaN
2024-03-14T12:00:00Z,0.0,-27.875,311.375,NaN
2024-03-14T12:00:00Z,0.0,-27.875,311.625,24.65
2024-03-14T12:00:00Z,0.0,-27.625,311.125,NaN
2024-03-14T12:00:00Z,0.0,-27.625,311.375,NaN
2024-03-14T12:00:00Z,0.0,-27.625,311.625,25.15
2024-03-14T12:00:00Z,0.0,-27.375,311.125,NaN
2024-03-14T12:00:00Z,0.0,-27.375,311.375,NaN
2024-03-14T12:00:00Z,0.0,-27.375,311.625,25.57
2024-03-15T12:00:00Z,0.0,-27.875,311.125,NaN
2024-03-15T12:00:00Z,0.0,-27.875,311.375,NaN
2024-03-15T12:00:00Z,0.0,-27.875,311.625,24.9
2024-03-15T12:00:00Z,0.0,-27.625,311.125,NaN
2024-03-15T12:00:00Z,0.0,-27.625,311.375,NaN
2024-03-15T12:00:00Z,0.0,-27.625,311.625,25.3
2024-03-15T12:00:00Z,0.0,-27.375,311.125,NaN
2024-03-15T12:00:00Z,0.0,-27.375,311.375,NaN
2024-03-15T12:00:00Z,0.0,-27.375,311.625,25.63
2024-03-16T12:00:00Z,0.0,-27.875,311.125,NaN
2024-03-16T12:00:00Z,0.0,-27.875,311.375,NaN
2024-03-16T12:00:00Z,0.0,-27.875,311.625,24.99
2024-03-16T12:00:00Z,0.0,-27.625,311.125,NaN
2024-03-16T12:00:00Z,0.0,-27.625,311.375,NaN
2024-03-16T12:00:00Z,0.0,-27.625,311.625,25.439999
2024-03-16T12:00:00Z,0.0,-27.375,311.125,NaN
2024-03-16T12:00:00Z,0.0,-27.375,311.375,NaN
2024-03-16T12:00:00Z,0.0,-27.375,311.625,25.83
2024-03-17T12:00:00Z,0.0,-27.875,311.125,NaN
2024-03-17T12:00:00Z,0.0,-27.875,311.375,NaN
2024-03-17T12:00:00Z,0.0,-27.875,311.625,25.22
2024-03-17T12:00:00Z,0.0,-27.625,311.125,NaN
2024-03-17T12:00:00Z,0.0,-27.625,311.375,NaN
2024-03-17T12:00:00Z,0.0,-27.625,311.625,25.689999
2024-03-17T12:00:00Z,0.0,-27.375,311.125,NaN
2024-03-17T12:00:00Z,0.0,-27.375,311.375,NaN
2024-03-17T12:00:00Z,0.0,-27.375,311.625,26.09
2024-03-18T12:00:00Z,0.0,-27.875,311.125,NaN
2024-03-18T12:00:00Z,0.0,-27.875,311.375,NaN
2024-03-18T12:00:00Z,0.0,-27.875,311.625,25.34
2024-03-18T12:00:00Z,0.0,-27.625,311.125,NaN
2024-03-18T12:00:00Z,0.0,-27.625,311.375,NaN
2024-03-18T12:00:00Z,0.0,-27.625,311.625,25.9
2024-03-18T12:00:00Z,0.0,-27.375,311.125,NaN
2024-03-18T12:00:00Z,0.0,-27.375,311.375,NaN
2024-03-18T12:00:00Z,0.0,-27.375,311.625,26.3
2024-03-19T12:00:00Z,0.0,-27.875,311.125,NaN
2024-03-19T12:00:00Z,0.0,-27.875,311.375,NaN
2024-03-19T12:00:00Z,0.0,-27.875,311.625,25.599998
2024-03-19T12:00:00Z,0.0,-27.625,311.125,NaN
2024-03-19T12:00:00Z,0.0,-27.625,311.375,NaN
2024-03-19T12:00:00Z,0.0,-27.625,311.625,26.09
2024-03-19T12:00:00Z,0.0,-27.375,311.125,NaN
2024-03-19T12:00:00Z,0.0,-27.375,311.375,NaN
2024-03-19T12:00:00Z,0.0,-27.375,311.625,26.34
2024-03-20T12:00:00Z,0.0,-27.875,311.125,NaN
2024-03-20T12:00:00Z,0.0,-27.875,311.375,NaN
2024-03-20T12:00:00Z,0.0,-27.875,311.625,25.68
2024-03-20T12:00:00Z,0.0,-27.625,311.125,NaN
2024-03-20T12:00:00Z,0.0,-27.625,311.375,NaN
2024-03-20T12:00:00Z,0.0,-27.625,311.625,26.13
2024-03-20T12:00:00Z,0.0,-27.375,311.125,NaN
2024-03-20T12:00:00Z,0.0,-27.375,311.375,NaN
2024-03-20T12:00:00Z,0.0,-27.375,311.625,26.359999
2024-03-21T12:00:00Z,0.0,-27.875,311.125,NaN
2024-03-21T12:00:00Z,0.0,-27.875,311.375,NaN
2024-03-21T12:00:00Z,0.0,-27.875,311.625,25.56
2024-03-21T12:00:00Z,0.0,-27.625,311.125,NaN
2024-03-21T12:00:00Z,0.0,-27.625,311.375,NaN
2024-03-21T12:00:00Z,0.0,-27.625,311.625,26.019999
2024-03-21T12:00:00Z,0.0,-27.375,311.125,NaN
2024-03-21T12:00:00Z,0.0,-27.375,311.375,NaN
2024-03-21T12:00:00Z,0.0,-27.375,311.625,26.33
2024-03-22T12:00:00Z,0.0,-27.875,311.125,NaN
2024-03-22T12:00:00Z,0.0,-27.875,311.375,NaN
2024-03-22T12:00:00Z,0.0,-27.875,311.625,25.18
2024-03-22T12:00:00Z,0.0,-27.625,311.125,NaN
2024-03-22T12:00:00Z,0.0,-27.625,311.375,NaN
2024-03-22T12:00:00Z,0.0,-27.625,311.625,25.64
2024-03-22T12:00:00Z,0.0,-27.375,311.125,NaN
2024-03-22T12:00:00Z,0.0,-27.375,311.375,NaN
2024-03-22T12:00:00Z,0.0,-27.375,311.625,26.0
2024-03-23T12:00:00Z,0.0,-27.875,311.125,NaN
2024-03-23T12:00:00Z,0.0,-27.875,311.375,NaN
2024-03-23T12:00:00Z,0.0,-27.875,311.625,24.5
2024-03-23T12:00:00Z,0.0,-27.625,311.125,NaN
2024-03-23T12:00:00Z,0.0,-27.625,311.375,NaN
2024-03-23T12:00:00Z,0.0,-27.625,311.625,25.07
2024-03-23T12:00:00Z,0.0,-27.375,311.125,NaN
2024-03-23T12:00:00Z,0.0,-27.375,311.375,NaN
2024-03-23T12:00:00Z,0.0,-27.375,311.625,25.57
2024-03-24T12:00:00Z,0.0,-27.875,311.125,NaN
2024-03-24T12:00:00Z,0.0,-27.875,311.375,NaN
2024-03-24T12:00:00Z,0.0,-27.875,311.625,23.83
2024-03-24T12:00:00Z,0.0,-27.625,311.125,NaN
2024-03-24T12:00:00Z,0.0,-27.625,311.375,NaN
2024-03-24T12:00:00Z,0.0,-27.625,311.625,24.3
2024-03-24T12:00:00Z,0.0,-27.375,311.125,NaN
2024-03-24T12:00:00Z,0.0,-27.375,311.375,NaN
2024-03-24T12:00:00Z,0.0,-27.375,311.625,24.81
2024-03-25T12:00:00Z,0.0,-27.875,311.125,NaN
2024-03-25T12:00:00Z,0.0,-27.875,311.375,NaN
2024-03-25T12:00:00Z,0.0,-27.875,311.625,23.57
2024-03-25T12:00:00Z,0.0,-27.625,311.125,NaN
2024-03-25T12:00:00Z,0.0,-27.625,311.375,NaN
2024-03-25T12:00:00Z,0.0,-27.625,311.625,24.07
2024-03-25T12:00:00Z,0.0,-27.375,311.125,NaN
2024-03-25T12:00:00Z,0.0,-27.375,311.375,NaN
2024-03-25T12:00:00Z,0.0,-27.375,311.625,24.619999
2024-03-26T12:00:00Z,0.0,-27.875,311.125,NaN
2024-03-26T12:00:00Z,0.0,-27.875,311.375,NaN
2024-03-26T12:00:00Z,0.0,-27.875,311.625,23.48
2024-03-26T12:00:00Z,0.0,-27.625,311.125,NaN
2024-03-26T12:00:00Z,0.0,-27.625,311.375,NaN
2024-03-26T12:00:00Z,0.0,-27.625,311.625,23.949999
2024-03-26T12:00:00Z,0.0,-27.375,311.125,NaN
2024-03-26T12:00:00Z,0.0,-27.375,311.375,NaN
2024-03-26T12:00:00Z,0.0,-27.375,311.625,24.47
2024-03-27T12:00:00Z,0.0,-27.875,311.125,NaN
2024-03-27T12:00:00Z,0.0,-27.875,311.375,NaN
2024-03-27T12:00:00Z,0.0,-27.875,311.625,23.38
2024-03-27T12:00:00Z,0.0,-27.625,311.125,NaN
2024-03-27T12:00:00Z,0.0,-27.625,311.375,NaN
2024-03-27T12:00:00Z,0.0,-27.625,311.625,23.76
2024-03-27T12:00:00Z,0.0,-27.375,311.125,NaN
2024-03-27T12:00:00Z,0.0,-27.375,311.375,NaN
2024-03-27T12:00:00Z,0.0,-27.375,311.625,24.25
2024-03-28T12:00:00Z,0.0,-27.875,311.125,NaN
2024-03-28T12:00:00Z,0.0,-27.875,311.375,NaN
2024-03-28T12:00:00Z,0.0,-27.875,311.625,23.25
2024-03-28T12:00:00Z,0.0,-27.625,311.125,NaN
2024-03-28T12:00:00Z,0.0,-27.625,311.375,NaN
2024-03-28T12:00:00Z,0.0,-27.625,311.625,23.56
2024-03-28T12:00:00Z,0.0,-27.375,311.125,NaN
2024-03-28T12:00:00Z,0.0,-27.375,311.375,NaN
2024-03-28T12:00:00Z,0.0,-27.375,311.625,24.029999
2024-03-29T12:00:00Z,0.0,-27.875,311.125,NaN
2024-03-29T12:00:00Z,0.0,-27.875,311.375,NaN
2024-03-29T12:00:00Z,0.0,-27.875,311.625,23.38
2024-03-29T12:00:00Z,0.0,-27.625,311.125,NaN
2024-03-29T12:00:00Z,0.0,-27.625,311.375,NaN
2024-03-29T12:00:00Z,0.0,-27.625,311.625,23.72
2024-03-29T12:00:00Z,0.0,-27.375,311.125,NaN
2024-03-29T12:00:00Z,0.0,-27.375,311.375,NaN
2024-03-29T12:00:00Z,0.0,-27.375,311.625,24.18
2024-03-30T12:00:00Z,0.0,-27.875,311.125,NaN
2024-03-30T12:00:00Z,0.0,-27.875,311.375,NaN
2024-03-30T12:00:00Z,0.0,-27.875,311.625,23.84
2024-03-30T12:00:00Z,0.0,-27.625,311.125,NaN
2024-03-30T12:00:00Z,0.0,-27.625,311.375,NaN
2024-03-30T12:00:00Z,0.0,-27.625,311.625,24.13
2024-03-30T12:00:00Z,0.0,-27.375,311.125,NaN
2024-03-30T12:00:00Z,0.0,-27.375,311.375,NaN
2024-03-30T12:00:00Z,0.0,-27.375,311.625,24.51
2024-03-31T12:00:00Z,0.0,-27.875,311.125,NaN
2024-03-31T12:00:00Z,0.0,-27.875,311.375,NaN
2024-03-31T12:00:00Z,0.0,-27.875,311.625,24.3
2024-03-31T12:00:00Z,0.0,-27.625,311.125,NaN
2024-03-31T12:00:00Z,0.0,-27.625,311.375,NaN
2024-03-31T12:00:00Z,0.0,-27.625,311.625,24.529999
2024-03-31T12:00:00Z,0.0,-27.375,311.125,NaN
2024-03-31T12:00:00Z,0.0,-27.375,311.375,NaN
2024-03-31T12:00:00Z,0.0,-27.375,311.625,24.83
2024-04-01T12:00:00Z,0.0,-27.875,311.125,NaN
2024-04-01T12:00:00Z,0.0,-27.875,311.375,NaN
2024-04-01T12:00:00Z,0.0,-27.875,311.625,24.49
2024-04-01T12:00:00Z,0.0,-27.625,311.125,NaN
2024-04-01T12:00:00Z,0.0,-27.625,311.375,NaN
2024-04-01T12:00:00Z,0.0,-27.625,311.625,24.74
2024-04-01T12:00:00Z,0.0,-27.375,311.125,NaN
2024-04-01T12:00:00Z,0.0,-27.375,311.375,NaN
2024-04-01T12:00:00Z,0.0,-27.375,311.625,25.029999
2024-04-02T12:00:00Z,0.0,-27.875,311.125,NaN
2024-04-02T12:00:00Z,0.0,-27.875,311.375,NaN
2024-04-02T12:00:00Z,0.0,-27.875,311.625,24.35
2024-04-02T12:00:00Z,0.0,-27.625,311.125,NaN
2024-04-02T12:00:00Z,0.0,-27.625,311.375,NaN
2024-04-02T12:00:00Z,0.0,-27.625,311.625,24.59
2024-04-02T12:00:00Z,0.0,-27.375,311.125,NaN
2024-04-02T12:00:00Z,0.0,-27.375,311.375,NaN
2024-04-02T12:00:00Z,0.0,-27.375,311.625,24.93
2024-04-03T12:00:00Z,0.0,-27.875,311.125,NaN
2024-04-03T12:00:00Z,0.0,-27.875,311.375,NaN
2024-04-03T12:00:00Z,0.0,-27.875,311.625,24.1
2024-04-03T12:00:00Z,0.0,-27.625,311.125,NaN
2024-04-03T12:00:00Z,0.0,-27.625,311.375,NaN
2024-04-03T12:00:00Z,0.0,-27.625,311.625,24.33
2024-04-03T12:00:00Z,0.0,-27.375,311.125,NaN
2024-04-03T12:00:00Z,0.0,-27.375,311.375,NaN
2024-04-03T12:00:00Z,0.0,-27.375,311.625,24.689999
2024-04-04T12:00:00Z,0.0,-27.875,311.125,NaN
2024-04-04T12:00:00Z,0.0,-27.875,311.375,NaN
2024-04-04T12:00:00Z,0.0,-27.875,311.625,24.07
2024-04-04T12:00:00Z,0.0,-27.625,311.125,NaN
2024-04-04T12:00:00Z,0.0,-27.625,311.375,NaN
2024-04-04T12:00:00Z,0.0,-27.625,311.625,24.3
2024-04-04T12:00:00Z,0.0,-27.375,311.125,NaN
2024-04-04T12:00:00Z,0.0,-27.375,311.375,NaN
2024-04-04T12:00:00Z,0.0,-27.375,311.625,24.699999
2024-04-05T12:00:00Z,0.0,-27.875,311.125,NaN
2024-04-05T12:00:00Z,0.0,-27.875,311.375,NaN
2024-04-05T12:00:00Z,0.0,-27.875,311.625,23.88
2024-04-05T12:00:00Z,0.0,-27.625,311.125,NaN
2024-04-05T12:00:00Z,0.0,-27.625,311.375,NaN
2024-04-05T12:00:00Z,0.0,-27.625,311.625,24.199999
2024-04-05T12:00:00Z,0.0,-27.375,311.125,NaN
2024-04-05T12:00:00Z,0.0,-27.375,311.375,NaN
2024-04-05T12:00:00Z,0.0,-27.375,311.625,24.699999
2024-04-06T12:00:00Z,0.0,-27.875,311.125,NaN
2024-04-06T12:00:00Z,0.0,-27.875,311.375,NaN
2024-04-06T12:00:00Z,0.0,-27.875,311.625,23.73
2024-04-06T12:00:00Z,0.0,-27.625,311.125,NaN
2024-04-06T12:00:00Z,0.0,-27.625,311.375,NaN
2024-04-06T12:00:00Z,0.0,-27.625,311.625,24.0
2024-04-06T12:00:00Z,0.0,-27.375,311.125,NaN
2024-04-06T12:00:00Z,0.0,-27.375,311.375,NaN
2024-04-06T12:00:00Z,0.0,-27.375,311.625,24.49
2024-04-07T12:00:00Z,0.0,-27.875,311.125,NaN
2024-04-07T12:00:00Z,0.0,-27.875,311.375,NaN
2024-04-07T12:00:00Z,0.0,-27.875,311.625,23.699999
2024-04-07T12:00:00Z,0.0,-27.625,311.125,NaN
2024-04-07T12:00:00Z,0.0,-27.625,311.375,NaN
2024-04-07T12:00:00Z,0.0,-27.625,311.625,23.91
2024-04-07T12:00:00Z,0.0,-27.375,311.125,NaN
2024-04-07T12:00:00Z,0.0,-27.375,311.375,NaN
2024-04-07T12:00:00Z,0.0,-27.375,311.625,24.33
2024-04-08T12:00:00Z,0.0,-27.875,311.125,NaN
2024-04-08T12:00:00Z,0.0,-27.875,311.375,NaN
2024-04-08T12:00:00Z,0.0,-27.875,311.625,23.8
2024-04-08T12:00:00Z,0.0,-27.625,311.125,NaN
2024-04-08T12:00:00Z,0.0,-27.625,311.375,NaN
2024-04-08T12:00:00Z,0.0,-27.625,311.625,23.92
2024-04-08T12:00:00Z,0.0,-27.375,311.125,NaN
2024-04-08T12:00:00Z,0.0,-27.375,311.375,NaN
2024-04-08T12:00:00Z,0.0,-27.375,311.625,24.22
2024-04-09T12:00:00Z,0.0,-27.875,311.125,NaN
2024-04-09T12:00:00Z,0.0,-27.875,311.375,NaN
2024-04-09T12:00:00Z,0.0,-27.875,311.625,23.91
2024-04-09T12:00:00Z,0.0,-27.625,311.125,NaN
2024-04-09T12:00:00Z,0.0,-27.625,311.375,NaN
2024-04-09T12:00:00Z,0.0,-27.625,311.625,23.98
2024-04-09T12:00:00Z,0.0,-27.375,311.125,NaN
2024-04-09T12:00:00Z,0.0,-27.375,311.375,NaN
2024-04-09T12:00:00Z,0.0,-27.375,311.625,24.23
2024-04-10T12:00:00Z,0.0,-27.875,311.125,NaN
2024-04-10T12:00:00Z,0.0,-27.875,311.375,NaN
2024-04-10T12:00:00Z,0.0,-27.875,311.625,24.119999
2024-04-10T12:00:00Z,0.0,-27.625,311.125,NaN
2024-04-10T12:00:00Z,0.0,-27.625,311.375,NaN
2024-04-10T12:00:00Z,0.0,-27.625,311.625,24.22
2024-04-10T12:00:00Z,0.0,-27.375,311.125,NaN
2024-04-10T12:00:00Z,0.0,-27.375,311.375,NaN
2024-04-10T12:00:00Z,0.0,-27.375,311.625,24.46
2024-04-11T12:00:00Z,0.0,-27.875,311.125,NaN
2024-04-11T12:00:00Z,0.0,-27.875,311.375,NaN
2024-04-11T12:00:00Z,0.0,-27.875,311.625,24.189999
2024-04-11T12:00:00Z,0.0,-27.625,311.125,NaN
2024-04-11T12:00:00Z,0.0,-27.625,311.375,NaN
2024-04-11T12:00:00Z,0.0,-27.625,311.625,24.3
2024-04-11T12:00:00Z,0.0,-27.375,311.125,NaN
2024-04-11T12:00:00Z,0.0,-27.375,311.375,NaN
2024-04-11T12:00:00Z,0.0,-27.375,311.625,24.519999
2024-04-12T12:00:00Z,0.0,-27.875,311.125,NaN
2024-04-12T12:00:00Z,0.0,-27.875,311.375,NaN
2024-04-12T12:00:00Z,0.0,-27.875,311.625,24.09
2024-04-12T12:00:00Z,0.0,-27.625,311.125,NaN
2024-04-12T12:00:00Z,0.0,-27.625,311.375,NaN
2024-04-12T12:00:00Z,0.0,-27.625,311.625,24.22
2024-04-12T12:00:00Z,0.0,-27.375,311.125,NaN
2024-04-12T12:00:00Z,0.0,-27.375,311.375,NaN
2024-04-12T12:00:00Z,0.0,-27.375,311.625,24.42
2024-04-13T12:00:00Z,0.0,-27.875,311.125,NaN
2024-04-13T12:00:00Z,0.0,-27.875,311.375,NaN
2024-04-13T12:00:00Z,0.0,-27.875,311.625,24.18
2024-04-13T12:00:00Z,0.0,-27.625,311.125,NaN
2024-04-13T12:00:00Z,0.0,-27.625,311.375,NaN
2024-04-13T12:00:00Z,0.0,-27.625,311.625,24.22
2024-04-13T12:00:00Z,0.0,-27.375,311.125,NaN
2024-04-13T12:00:00Z,0.0,-27.375,311.375,NaN
2024-04-13T12:00:00Z,0.0,-27.375,311.625,24.369999
2024-04-14T12:00:00Z,0.0,-27.875,311.125,NaN
2024-04-14T12:00:00Z,0.0,-27.875,311.375,NaN
2024-04-14T12:00:00Z,0.0,-27.875,311.625,24.24
2024-04-14T12:00:00Z,0.0,-27.625,311.125,NaN
2024-04-14T12:00:00Z,0.0,-27.625,311.375,NaN
2024-04-14T12:00:00Z,0.0,-27.625,311.625,24.289999
2024-04-14T12:00:00Z,0.0,-27.375,311.125,NaN
2024-04-14T12:00:00Z,0.0,-27.375,311.375,NaN
2024-04-14T12:00:00Z,0.0,-27.375,311.625,24.42
2024-04-15T12:00:00Z,0.0,-27.875,311.125,NaN
2024-04-15T12:00:00Z,0.0,-27.875,311.375,NaN
2024-04-15T12:00:00Z,0.0,-27.875,311.625,24.21
2024-04-15T12:00:00Z,0.0,-27.625,311.125,NaN
2024-04-15T12:00:00Z,0.0,-27.625,311.375,NaN
2024-04-15T12:00:00Z,0.0,-27.625,311.625,24.22
2024-04-15T12:00:00Z,0.0,-27.375,311.125,NaN
2024-04-15T12:00:00Z,0.0,-27.375,311.375,NaN
2024-04-15T12:00:00Z,0.0,-27.375,311.625,24.3
2024-04-16T12:00:00Z,0.0,-27.875,311.125,NaN
2024-04-16T12:00:00Z,0.0,-27.875,311.375,NaN
2024-04-16T12:00:00Z,0.0,-27.875,311.625,23.289999
2024-04-16T12:00:00Z,0.0,-27.625,311.125,NaN
2024-04-16T12:00:00Z,0.0,-27.625,311.375,NaN
2024-04-16T12:00:00Z,0.0,-27.625,311.625,23.43
2024-04-16T12:00:00Z,0.0,-27.375,311.125,NaN
2024-04-16T12:00:00Z,0.0,-27.375,311.375,NaN
2024-04-16T12:00:00Z,0.0,-27.375,311.625,23.619999
2024-04-17T12:00:00Z,0.0,-27.875,311.125,NaN
2024-04-17T12:00:00Z,0.0,-27.875,311.375,NaN
2024-04-17T12:00:00Z,0.0,-27.875,311.625,23.25
2024-04-17T12:00:00Z,0.0,-27.625,311.125,NaN
2024-04-17T12:00:00Z,0.0,-27.625,311.375,NaN
2024-04-17T12:00:00Z,0.0,-27.625,311.625,23.449999
2024-04-17T12:00:00Z,0.0,-27.375,311.125,NaN
2024-04-17T12:00:00Z,0.0,-27.375,311.375,NaN
2024-04-17T12:00:00Z,0.0,-27.375,311.625,23.67
2024-04-18T12:00:00Z,0.0,-27.875,311.125,NaN
2024-04-18T12:00:00Z,0.0,-27.875,311.375,NaN
2024-04-18T12:00:00Z,0.0,-27.875,311.625,23.289999
2024-04-18T12:00:00Z,0.0,-27.625,311.125,NaN
2024-04-18T12:00:00Z,0.0,-27.625,311.375,NaN
2024-04-18T12:00:00Z,0.0,-27.625,311.625,23.51
2024-04-18T12:00:00Z,0.0,-27.375,311.125,NaN
2024-04-18T12:00:00Z,0.0,-27.375,311.375,NaN
2024-04-18T12:00:00Z,0.0,-27.375,311.625,23.74
2024-04-19T12:00:00Z,0.0,-27.875,311.125,NaN
2024-04-19T12:00:00Z,0.0,-27.875,311.375,NaN
2024-04-19T12:00:00Z,0.0,-27.875,311.625,23.369999
2024-04-19T12:00:00Z,0.0,-27.625,311.125,NaN
2024-04-19T12:00:00Z,0.0,-27.625,311.375,NaN
2024-04-19T12:00:00Z,0.0,-27.625,311.625,23.539999
2024-04-19T12:00:00Z,0.0,-27.375,311.125,NaN
2024-04-19T12:00:00Z,0.0,-27.375,311.375,NaN
2024-04-19T12:00:00Z,0.0,-27.375,311.625,23.71
2024-04-20T12:00:00Z,0.0,-27.875,311.125,NaN
2024-04-20T12:00:00Z,0.0,-27.875,311.375,NaN
2024-04-20T12:00:00Z,0.0,-27.875,311.625,23.26
2024-04-20T12:00:00Z,0.0,-27.625,311.125,NaN
2024-04-20T12:00:00Z,0.0,-27.625,311.375,NaN
2024-04-20T12:00:00Z,0.0,-27.625,311.625,23.32
2024-04-20T12:00:00Z,0.0,-27.375,311.125,NaN
2024-04-20T12:00:00Z,0.0,-27.375,311.375,NaN
2024-04-20T12:00:00Z,0.0,-27.375,311.625,23.43
2024-04-21T12:00:00Z,0.0,-27.875,311.125,NaN
2024-04-21T12:00:00Z,0.0,-27.875,311.375,NaN
2024-04-21T12:00:00Z,0.0,-27.875,311.625,23.1
2024-04-21T12:00:00Z,0.0,-27.625,311.125,NaN
2024-04-21T12:00:00Z,0.0,-27.625,311.375,NaN
2024-04-21T12:00:00Z,0.0,-27.625,311.625,23.13
2024-04-21T12:00:00Z,0.0,-27.375,311.125,NaN
2024-04-21T12:00:00Z,0.0,-27.375,311.375,NaN
2024-04-21T12:00:00Z,0.0,-27.375,311.625,23.25
2024-04-22T12:00:00Z,0.0,-27.875,311.125,NaN
2024-04-22T12:00:00Z,0.0,-27.875,311.375,NaN
2024-04-22T12:00:00Z,0.0,-27.875,311.625,23.09
2024-04-22T12:00:00Z,0.0,-27.625,311.125,NaN
2024-04-22T12:00:00Z,0.0,-27.625,311.375,NaN
2024-04-22T12:00:00Z,0.0,-27.625,311.625,23.08
2024-04-22T12:00:00Z,0.0,-27.375,311.125,NaN
2024-04-22T12:00:00Z,0.0,-27.375,311.375,NaN
2024-04-22T12:00:00Z,0.0,-27.375,311.625,23.23
2024-04-23T12:00:00Z,0.0,-27.875,311.125,NaN
2024-04-23T12:00:00Z,0.0,-27.875,311.375,NaN
2024-04-23T12:00:00Z,0.0,-27.875,311.625,23.119999
2024-04-23T12:00:00Z,0.0,-27.625,311.125,NaN
2024-04-23T12:00:00Z,0.0,-27.625,311.375,NaN
2024-04-23T12:00:00Z,0.0,-27.625,311.625,23.08
2024-04-23T12:00:00Z,0.0,-27.375,311.125,NaN
2024-04-23T12:00:00Z,0.0,-27.375,311.375,NaN
2024-04-23T12:00:00Z,0.0,-27.375,311.625,23.23
2024-04-24T12:00:00Z,0.0,-27.875,311.125,NaN
2024-04-24T12:00:00Z,0.0,-27.875,311.375,NaN
2024-04-24T12:00:00Z,0.0,-27.875,311.625,23.279999
2024-04-24T12:00:00Z,0.0,-27.625,311.125,NaN
2024-04-24T12:00:00Z,0.0,-27.625,311.375,NaN
2024-04-24T12:00:00Z,0.0,-27.625,311.625,23.25
2024-04-24T12:00:00Z,0.0,-27.375,311.125,NaN
2024-04-24T12:00:00Z,0.0,-27.375,311.375,NaN
2024-04-24T12:00:00Z,0.0,-27.375,311.625,23.41
2024-04-25T12:00:00Z,0.0,-27.875,311.125,NaN
2024-04-25T12:00:00Z,0.0,-27.875,311.375,NaN
2024-04-25T12:00:00Z,0.0,-27.875,311.625,23.42
2024-04-25T12:00:00Z,0.0,-27.625,311.125,NaN
2024-04-25T12:00:00Z,0.0,-27.625,311.375,NaN
2024-04-25T12:00:00Z,0.0,-27.625,311.625,23.43
2024-04-25T12:00:00Z,0.0,-27.375,311.125,NaN
2024-04-25T12:00:00Z,0.0,-27.375,311.375,NaN
2024-04-25T12:00:00Z,0.0,-27.375,311.625,23.56
2024-04-26T12:00:00Z,0.0,-27.875,311.125,NaN
2024-04-26T12:00:00Z,0.0,-27.875,311.375,NaN
2024-04-26T12:00:00Z,0.0,-27.875,311.625,23.199999
2024-04-26T12:00:00Z,0.0,-27.625,311.125,NaN
2024-04-26T12:00:00Z,0.0,-27.625,311.375,NaN
2024-04-26T12:00:00Z,0.0,-27.625,311.625,23.18
2024-04-26T12:00:00Z,0.0,-27.375,311.125,NaN
2024-04-26T12:00:00Z,0.0,-27.375,311.375,NaN
2024-04-26T12:00:00Z,0.0,-27.375,311.625,23.31
2024-04-27T12:00:00Z,0.0,-27.875,311.125,NaN
2024-04-27T12:00:00Z,0.0,-27.875,311.375,NaN
2024-04-27T12:00:00Z,0.0,-27.875,311.625,23.22
2024-04-27T12:00:00Z,0.0,-27.625,311.125,NaN
2024-04-27T12:00:00Z,0.0,-27.625,311.375,NaN
2024-04-27T12:00:00Z,0.0,-27.625,311.625,23.18
2024-04-27T12:00:00Z,0.0,-27.375,311.125,NaN
2024-04-27T12:00:00Z,0.0,-27.375,311.375,NaN
2024-04-27T12:00:00Z,0.0,-27.375,311.625,23.34
2024-04-28T12:00:00Z,0.0,-27.875,311.125,NaN
2024-04-28T12:00:00Z,0.0,-27.875,311.375,NaN
2024-04-28T12:00:00Z,0.0,-27.875,311.625,23.26
2024-04-28T12:00:00Z,0.0,-27.625,311.125,NaN
2024-04-28T12:00:00Z,0.0,-27.625,311.375,NaN
2024-04-28T12:00:00Z,0.0,-27.625,311.625,23.279999
2024-04-28T12:00:00Z,0.0,-27.375,311.125,NaN
2024-04-28T12:00:00Z,0.0,-27.375,311.375,NaN
2024-04-28T12:00:00Z,0.0,-27.375,311.625,23.449999
2024-04-29T12:00:00Z,0.0,-27.875,311.125,NaN
2024-04-29T12:00:00Z,0.0,-27.875,311.375,NaN
2024-04-29T12:00:00Z,0.0,-27.875,311.625,23.039999
2024-04-29T12:00:00Z,0.0,-27.625,311.125,NaN
2024-04-29T12:00:00Z,0.0,-27.625,311.375,NaN
2024-04-29T12:00:00Z,0.0,-27.625,311.625,23.07
2024-04-29T12:00:00Z,0.0,-27.375,311.125,NaN
2024-04-29T12:00:00Z,0.0,-27.375,311.375,NaN
2024-04-29T12:00:00Z,0.0,-27.375,311.625,23.25
2024-04-30T12:00:00Z,0.0,-27.875,311.125,NaN
2024-04-30T12:00:00Z,0.0,-27.875,311.375,NaN
2024-04-30T12:00:00Z,0.0,-27.875,311.625,22.99
2024-04-30T12:00:00Z,0.0,-27.625,311.125,NaN
2024-04-30T12:00:00Z,0.0,-27.625,311.375,NaN
2024-04-30T12:00:00Z,0.0,-27.625,311.625,22.96
2024-04-30T12:00:00Z,0.0,-27.375,311.125,NaN
2024-04-30T12:00:00Z,0.0,-27.375,311.375,NaN
2024-04-30T12:00:00Z,0.0,-27.375,311.625,23.1
2024-05-01T12:00:00Z,0.0,-27.875,311.125,NaN
2024-05-01T12:00:00Z,0.0,-27.875,311.375,NaN
2024-05-01T12:00:00Z,0.0,-27.875,311.625,23.08
2024-05-01T12:00:00Z,0.0,-27.625,311.125,NaN
2024-05-01T12:00:00Z,0.0,-27.625,311.375,NaN
2024-05-01T12:00:00Z,0.0,-27.625,311.625,23.05
2024-05-01T12:00:00Z,0.0,-27.375,311.125,NaN
2024-05-01T12:00:00Z,0.0,-27.375,311.375,NaN
2024-05-01T12:00:00Z,0.0,-27.375,311.625,23.18
2024-05-02T12:00:00Z,0.0,-27.875,311.125,NaN
2024-05-02T12:00:00Z,0.0,-27.875,311.375,NaN
2024-05-02T12:00:00Z,0.0,-27.875,311.625,23.24
2024-05-02T12:00:00Z,0.0,-27.625,311.125,NaN
2024-05-02T12:00:00Z,0.0,-27.625,311.375,NaN
2024-05-02T12:00:00Z,0.0,-27.625,311.625,23.18
2024-05-02T12:00:00Z,0.0,-27.375,311.125,NaN
2024-05-02T12:00:00Z,0.0,-27.375,311.375,NaN
2024-05-02T12:00:00Z,0.0,-27.375,311.625,23.289999
2024-05-03T12:00:00Z,0.0,-27.875,311.125,NaN
2024-05-03T12:00:00Z,0.0,-27.875,311.375,NaN
2024-05-03T12:00:00Z,0.0,-27.875,311.625,23.3
2024-05-03T12:00:00Z,0.0,-27.625,311.125,NaN
2024-05-03T12:00:00Z,0.0,-27.625,311.375,NaN
2024-05-03T12:00:00Z,0.0,-27.625,311.625,23.24
2024-05-03T12:00:00Z,0.0,-27.375,311.125,NaN
2024-05-03T12:00:00Z,0.0,-27.375,311.375,NaN
2024-05-03T12:00:00Z,0.0,-27.375,311.625,23.33
2024-05-04T12:00:00Z,0.0,-27.875,311.125,NaN
2024-05-04T12:00:00Z,0.0,-27.875,311.375,NaN
2024-05-04T12:00:00Z,0.0,-27.875,311.625,23.539999
2024-05-04T12:00:00Z,0.0,-27.625,311.125,NaN
2024-05-04T12:00:00Z,0.0,-27.625,311.375,NaN
2024-05-04T12:00:00Z,0.0,-27.625,311.625,23.55
2024-05-04T12:00:00Z,0.0,-27.375,311.125,NaN
2024-05-04T12:00:00Z,0.0,-27.375,311.375,NaN
2024-05-04T12:00:00Z,0.0,-27.375,311.625,23.64
2024-05-05T12:00:00Z,0.0,-27.875,311.125,NaN
2024-05-05T12:00:00Z,0.0,-27.875,311.375,NaN
2024-05-05T12:00:00Z,0.0,-27.875,311.625,23.57
2024-05-05T12:00:00Z,0.0,-27.625,311.125,NaN
2024-05-05T12:00:00Z,0.0,-27.625,311.375,NaN
2024-05-05T12:00:00Z,0.0,-27.625,311.625,23.619999
2024-05-05T12:00:00Z,0.0,-27.375,311.125,NaN
2024-05-05T12:00:00Z,0.0,-27.375,311.375,NaN
2024-05-05T12:00:00Z,0.0,-27.375,311.625,23.75
2024-05-06T12:00:00Z,0.0,-27.875,311.125,NaN
2024-05-06T12:00:00Z,0.0,-27.875,311.375,NaN
2024-05-06T12:00:00Z,0.0,-27.875,311.625,23.609999
2024-05-06T12:00:00Z,0.0,-27.625,311.125,NaN
2024-05-06T12:00:00Z,0.0,-27.625,311.375,NaN
2024-05-06T12:00:00Z,0.0,-27.625,311.625,23.73
2024-05-06T12:00:00Z,0.0,-27.375,311.125,NaN
2024-05-06T12:00:00Z,0.0,-27.375,311.375,NaN
2024-05-06T12:00:00Z,0.0,-27.375,311.625,23.91
2024-05-07T12:00:00Z,0.0,-27.875,311.125,NaN
2024-05-07T12:00:00Z,0.0,-27.875,311.375,NaN
2024-05-07T12:00:00Z,0.0,-27.875,311.625,23.73
2024-05-07T12:00:00Z,0.0,-27.625,311.125,NaN
2024-05-07T12:00:00Z,0.0,-27.625,311.375,NaN
2024-05-07T12:00:00Z,0.0,-27.625,311.625,23.92
2024-05-07T12:00:00Z,0.0,-27.375,311.125,NaN
2024-05-07T12:00:00Z,0.0,-27.375,311.375,NaN
2024-05-07T12:00:00Z,0.0,-27.375,311.625,24.17
2024-05-08T12:00:00Z,0.0,-27.875,311.125,NaN
2024-05-08T12:00:00Z,0.0,-27.875,311.375,NaN
2024-05-08T12:00:00Z,0.0,-27.875,311.625,23.88
2024-05-08T12:00:00Z,0.0,-27.625,311.125,NaN
2024-05-08T12:00:00Z,0.0,-27.625,311.375,NaN
2024-05-08T12:00:00Z,0.0,-27.625,311.625,24.119999
2024-05-08T12:00:00Z,0.0,-27.375,311.125,NaN
2024-05-08T12:00:00Z,0.0,-27.375,311.375,NaN
2024-05-08T12:00:00Z,0.0,-27.375,311.625,24.43
2024-05-09T12:00:00Z,0.0,-27.875,311.125,NaN
2024-05-09T12:00:00Z,0.0,-27.875,311.375,NaN
2024-05-09T12:00:00Z,0.0,-27.875,311.625,24.029999
2024-05-09T12:00:00Z,0.0,-27.625,311.125,NaN
2024-05-09T12:00:00Z,0.0,-27.625,311.375,NaN
2024-05-09T12:00:00Z,0.0,-27.625,311.625,24.33
2024-05-09T12:00:00Z,0.0,-27.375,311.125,NaN
2024-05-09T12:00:00Z,0.0,-27.375,311.375,NaN
2024-05-09T12:00:00Z,0.0,-27.375,311.625,24.67
2024-05-10T12:00:00Z,0.0,-27.875,311.125,NaN
2024-05-10T12:00:00Z,0.0,-27.875,311.375,NaN
2024-05-10T12:00:00Z,0.0,-27.875,311.625,24.07
2024-05-10T12:00:00Z,0.0,-27.625,311.125,NaN
2024-05-10T12:00:00Z,0.0,-27.625,311.375,NaN
2024-05-10T12:00:00Z,0.0,-27.625,311.625,24.41
2024-05-10T12:00:00Z,0.0,-27.375,311.125,NaN
2024-05-10T12:00:00Z,0.0,-27.375,311.375,NaN
2024-05-10T12:00:00Z,0.0,-27.375,311.625,24.75
2024-05-11T12:00:00Z,0.0,-27.875,311.125,NaN
2024-05-11T12:00:00Z,0.0,-27.875,311.375,NaN
2024-05-11T12:00:00Z,0.0,-27.875,311.625,23.47
2024-05-11T12:00:00Z,0.0,-27.625,311.125,NaN
2024-05-11T12:00:00Z,0.0,-27.625,311.375,NaN
2024-05-11T12:00:00Z,0.0,-27.625,311.625,23.699999
2024-05-11T12:00:00Z,0.0,-27.375,311.125,NaN
2024-05-11T12:00:00Z,0.0,-27.375,311.375,NaN
2024-05-11T12:00:00Z,0.0,-27.375,311.625,24.029999
2024-05-12T12:00:00Z,0.0,-27.875,311.125,NaN
2024-05-12T12:00:00Z,0.0,-27.875,311.375,NaN
2024-05-12T12:00:00Z,0.0,-27.875,311.625,23.34
2024-05-12T12:00:00Z,0.0,-27.625,311.125,NaN
2024-05-12T12:00:00Z,0.0,-27.625,311.375,NaN
2024-05-12T12:00:00Z,0.0,-27.625,311.625,23.529999
2024-05-12T12:00:00Z,0.0,-27.375,311.125,NaN
2024-05-12T12:00:00Z,0.0,-27.375,311.375,NaN
2024-05-12T12:00:00Z,0.0,-27.375,311.625,23.83
2024-05-13T12:00:00Z,0.0,-27.875,311.125,NaN
2024-05-13T12:00:00Z,0.0,-27.875,311.375,NaN
2024-05-13T12:00:00Z,0.0,-27.875,311.625,23.34
2024-05-13T12:00:00Z,0.0,-27.625,311.125,NaN
2024-05-13T12:00:00Z,0.0,-27.625,311.375,NaN
2024-05-13T12:00:00Z,0.0,-27.625,311.625,23.56
2024-05-13T12:00:00Z,0.0,-27.375,311.125,NaN
2024-05-13T12:00:00Z,0.0,-27.375,311.375,NaN
2024-05-13T12:00:00Z,0.0,-27.375,311.625,23.859999
2024-05-14T12:00:00Z,0.0,-27.875,311.125,NaN
2024-05-14T12:00:00Z,0.0,-27.875,311.375,NaN
2024-05-14T12:00:00Z,0.0,-27.875,311.625,23.05
2024-05-14T12:00:00Z,0.0,-27.625,311.125,NaN
2024-05-14T12:00:00Z,0.0,-27.625,311.375,NaN
2024-05-14T12:00:00Z,0.0,-27.625,311.625,23.33
2024-05-14T12:00:00Z,0.0,-27.375,311.125,NaN
2024-05-14T12:00:00Z,0.0,-27.375,311.375,NaN
2024-05-14T12:00:00Z,0.0,-27.375,311.625,23.71
2024-05-15T12:00:00Z,0.0,-27.875,311.125,NaN
2024-05-15T12:00:00Z,0.0,-27.875,311.375,NaN
2024-05-15T12:00:00Z,0.0,-27.875,311.625,22.89
2024-05-15T12:00:00Z,0.0,-27.625,311.125,NaN
2024-05-15T12:00:00Z,0.0,-27.625,311.375,NaN
2024-05-15T12:00:00Z,0.0,-27.625,311.625,23.07
2024-05-15T12:00:00Z,0.0,-27.375,311.125,NaN
2024-05-15T12:00:00Z,0.0,-27.375,311.375,NaN
2024-05-15T12:00:00Z,0.0,-27.375,311.625,23.31
2024-05-16T12:00:00Z,0.0,-27.875,311.125,NaN
2024-05-16T12:00:00Z,0.0,-27.875,311.375,NaN
2024-05-16T12:00:00Z,0.0,-27.875,311.625,22.8
2024-05-16T12:00:00Z,0.0,-27.625,311.125,NaN
2024-05-16T12:00:00Z,0.0,-27.625,311.375,NaN
2024-05-16T12:00:00Z,0.0,-27.625,311.625,23.039999
2024-05-16T12:00:00Z,0.0,-27.375,311.125,NaN
2024-05-16T12:00:00Z,0.0,-27.375,311.375,NaN
2024-05-16T12:00:00Z,0.0,-27.375,311.625,23.24
2024-05-17T12:00:00Z,0.0,-27.875,311.125,NaN
2024-05-17T12:00:00Z,0.0,-27.875,311.375,NaN
2024-05-17T12:00:00Z,0.0,-27.875,311.625,22.609999
2024-05-17T12:00:00Z,0.0,-27.625,311.125,NaN
2024-05-17T12:00:00Z,0.0,-27.625,311.375,NaN
2024-05-17T12:00:00Z,0.0,-27.625,311.625,22.859999
2024-05-17T12:00:00Z,0.0,-27.375,311.125,NaN
2024-05-17T12:00:00Z,0.0,-27.375,311.375,NaN
2024-05-17T12:00:00Z,0.0,-27.375,311.625,23.13
2024-05-18T12:00:00Z,0.0,-27.875,311.125,NaN
2024-05-18T12:00:00Z,0.0,-27.875,311.375,NaN
2024-05-18T12:00:00Z,0.0,-27.875,311.625,22.76
2024-05-18T12:00:00Z,0.0,-27.625,311.125,NaN
2024-05-18T12:00:00Z,0.0,-27.625,311.375,NaN
2024-05-18T12:00:00Z,0.0,-27.625,311.625,22.71
2024-05-18T12:00:00Z,0.0,-27.375,311.125,NaN
2024-05-18T12:00:00Z,0.0,-27.375,311.375,NaN
2024-05-18T12:00:00Z,0.0,-27.375,311.625,22.96
2024-05-19T12:00:00Z,0.0,-27.875,311.125,NaN
2024-05-19T12:00:00Z,0.0,-27.875,311.375,NaN
2024-05-19T12:00:00Z,0.0,-27.875,311.625,20.869999
2024-05-19T12:00:00Z,0.0,-27.625,311.125,NaN
2024-05-19T12:00:00Z,0.0,-27.625,311.375,NaN
2024-05-19T12:00:00Z,0.0,-27.625,311.625,20.96
2024-05-19T12:00:00Z,0.0,-27.375,311.125,NaN
2024-05-19T12:00:00Z,0.0,-27.375,311.375,NaN
2024-05-19T12:00:00Z,0.0,-27.375,311.625,21.23
2024-05-20T12:00:00Z,0.0,-27.875,311.125,NaN
2024-05-20T12:00:00Z,0.0,-27.875,311.375,NaN
2024-05-20T12:00:00Z,0.0,-27.875,311.625,20.68
2024-05-20T12:00:00Z,0.0,-27.625,311.125,NaN
2024-05-20T12:00:00Z,0.0,-27.625,311.375,NaN
2024-05-20T12:00:00Z,0.0,-27.625,311.625,20.85
2024-05-20T12:00:00Z,0.0,-27.375,311.125,NaN
2024-05-20T12:00:00Z,0.0,-27.375,311.375,NaN
2024-05-20T12:00:00Z,0.0,-27.375,311.625,21.14
2024-05-21T12:00:00Z,0.0,-27.875,311.125,NaN
2024-05-21T12:00:00Z,0.0,-27.875,311.375,NaN
2024-05-21T12:00:00Z,0.0,-27.875,311.625,20.43
2024-05-21T12:00:00Z,0.0,-27.625,311.125,NaN
2024-05-21T12:00:00Z,0.0,-27.625,311.375,NaN
2024-05-21T12:00:00Z,0.0,-27.625,311.625,20.64
2024-05-21T12:00:00Z,0.0,-27.375,311.125,NaN
2024-05-21T12:00:00Z,0.0,-27.375,311.375,NaN
2024-05-21T12:00:00Z,0.0,-27.375,311.625,20.9
2024-05-22T12:00:00Z,0.0,-27.875,311.125,NaN
2024-05-22T12:00:00Z,0.0,-27.875,311.375,NaN
2024-05-22T12:00:00Z,0.0,-27.875,311.625,20.439999
2024-05-22T12:00:00Z,0.0,-27.625,311.125,NaN
2024-05-22T12:00:00Z,0.0,-27.625,311.375,NaN
2024-05-22T12:00:00Z,0.0,-27.625,311.625,20.689999
2024-05-22T12:00:00Z,0.0,-27.375,311.125,NaN
2024-05-22T12:00:00Z,0.0,-27.375,311.375,NaN
2024-05-22T12:00:00Z,0.0,-27.375,311.625,20.96
2024-05-23T12:00:00Z,0.0,-27.875,311.125,NaN
2024-05-23T12:00:00Z,0.0,-27.875,311.375,NaN
2024-05-23T12:00:00Z,0.0,-27.875,311.625,20.58
2024-05-23T12:00:00Z,0.0,-27.625,311.125,NaN
2024-05-23T12:00:00Z,0.0,-27.625,311.375,NaN
2024-05-23T12:00:00Z,0.0,-27.625,311.625,20.9
2024-05-23T12:00:00Z,0.0,-27.375,311.125,NaN
2024-05-23T12:00:00Z,0.0,-27.375,311.375,NaN
2024-05-23T12:00:00Z,0.0,-27.375,311.625,21.199999
2024-05-24T12:00:00Z,0.0,-27.875,311.125,NaN
2024-05-24T12:00:00Z,0.0,-27.875,311.375,NaN
2024-05-24T12:00:00Z,0.0,-27.875,311.625,20.52
2024-05-24T12:00:00Z,0.0,-27.625,311.125,NaN
2024-05-24T12:00:00Z,0.0,-27.625,311.375,NaN
2024-05-24T12:00:00Z,0.0,-27.625,311.625,20.89
2024-05-24T12:00:00Z,0.0,-27.375,311.125,NaN
2024-05-24T12:00:00Z,0.0,-27.375,311.375,NaN
2024-05-24T12:00:00Z,0.0,-27.375,311.625,21.189999
2024-05-25T12:00:00Z,0.0,-27.875,311.125,NaN
2024-05-25T12:00:00Z,0.0,-27.875,311.375,NaN
2024-05-25T12:00:00Z,0.0,-27.875,311.625,20.49
2024-05-25T12:00:00Z,0.0,-27.625,311.125,NaN
2024-05-25T12:00:00Z,0.0,-27.625,311.375,NaN
2024-05-25T12:00:00Z,0.0,-27.625,311.625,20.869999
2024-05-25T12:00:00Z,0.0,-27.375,311.125,NaN
2024-05-25T12:00:00Z,0.0,-27.375,311.375,NaN
2024-05-25T12:00:00Z,0.0,-27.375,311.625,21.15
2024-05-26T12:00:00Z,0.0,-27.875,311.125,NaN
2024-05-26T12:00:00Z,0.0,-27.875,311.375,NaN
2024-05-26T12:00:00Z,0.0,-27.875,311.625,20.42
2024-05-26T12:00:00Z,0.0,-27.625,311.125,NaN
2024-05-26T12:00:00Z,0.0,-27.625,311.375,NaN
2024-05-26T12:00:00Z,0.0,-27.625,311.625,20.789999
2024-05-26T12:00:00Z,0.0,-27.375,311.125,NaN
2024-05-26T12:00:00Z,0.0,-27.375,311.375,NaN
2024-05-26T12:00:00Z,0.0,-27.375,311.625,21.1
2024-05-27T12:00:00Z,0.0,-27.875,311.125,NaN
2024-05-27T12:00:00Z,0.0,-27.875,311.375,NaN
2024-05-27T12:00:00Z,0.0,-27.875,311.625,19.359999
2024-05-27T12:00:00Z,0.0,-27.625,311.125,NaN
2024-05-27T12:00:00Z,0.0,-27.625,311.375,NaN
2024-05-27T12:00:00Z,0.0,-27.625,311.625,19.57
2024-05-27T12:00:00Z,0.0,-27.375,311.125,NaN
2024-05-27T12:00:00Z,0.0,-27.375,311.375,NaN
2024-05-27T12:00:00Z,0.0,-27.375,311.625,19.8
2024-05-28T12:00:00Z,0.0,-27.875,311.125,NaN
2024-05-28T12:00:00Z,0.0,-27.875,311.375,NaN
2024-05-28T12:00:00Z,0.0,-27.875,311.625,19.18
2024-05-28T12:00:00Z,0.0,-27.625,311.125,NaN
2024-05-28T12:00:00Z,0.0,-27.625,311.375,NaN
2024-05-28T12:00:00Z,0.0,-27.625,311.625,19.359999
2024-05-28T12:00:00Z,0.0,-27.375,311.125,NaN
2024-05-28T12:00:00Z,0.0,-27.375,311.375,NaN
2024-05-28T12:00:00Z,0.0,-27.375,311.625,19.56
2024-05-29T12:00:00Z,0.0,-27.875,311.125,NaN
2024-05-29T12:00:00Z,0.0,-27.875,311.375,NaN
2024-05-29T12:00:00Z,0.0,-27.875,311.625,18.91
2024-05-29T12:00:00Z,0.0,-27.625,311.125,NaN
2024-05-29T12:00:00Z,0.0,-27.625,311.375,NaN
2024-05-29T12:00:00Z,0.0,-27.625,311.625,19.02
2024-05-29T12:00:00Z,0.0,-27.375,311.125,NaN
2024-05-29T12:00:00Z,0.0,-27.375,311.375,NaN
2024-05-29T12:00:00Z,0.0,-27.375,311.625,19.14
2024-05-30T12:00:00Z,0.0,-27.875,311.125,NaN
2024-05-30T12:00:00Z,0.0,-27.875,311.375,NaN
2024-05-30T12:00:00Z,0.0,-27.875,311.625,18.74
2024-05-30T12:00:00Z,0.0,-27.625,311.125,NaN
2024-05-30T12:00:00Z,0.0,-27.625,311.375,NaN
2024-05-30T12:00:00Z,0.0,-27.625,311.625,18.8
2024-05-30T12:00:00Z,0.0,-27.375,311.125,NaN
2024-05-30T12:00:00Z,0.0,-27.375,311.375,NaN
2024-05-30T12:00:00Z,0.0,-27.375,311.625,18.869999
2024-05-31T12:00:00Z,0.0,-27.875,311.125,NaN
2024-05-31T12:00:00Z,0.0,-27.875,311.375,NaN
2024-05-31T12:00:00Z,0.0,-27.875,311.625,18.58
2024-05-31T12:00:00Z,0.0,-27.625,311.125,NaN
2024-05-31T12:00:00Z,0.0,-27.625,311.375,NaN
2024-05-31T12:00:00Z,0.0,-27.625,311.625,18.59
2024-05-31T12:00:00Z,0.0,-27.375,311.125,NaN
2024-05-31T12:00:00Z,0.0,-27.375,311.375,NaN
2024-05-31T12:00:00Z,0.0,-27.375,311.625,18.63
2024-06-01T12:00:00Z,0.0,-27.875,311.125,NaN
2024-06-01T12:00:00Z,0.0,-27.875,311.375,NaN
2024-06-01T12:00:00Z,0.0,-27.875,311.625,18.52
2024-06-01T12:00:00Z,0.0,-27.625,311.125,NaN
2024-06-01T12:00:00Z,0.0,-27.625,311.375,NaN
2024-06-01T12:00:00Z,0.0,-27.625,311.625,18.52
2024-06-01T12:00:00Z,0.0,-27.375,311.125,NaN
2024-06-01T12:00:00Z,0.0,-27.375,311.375,NaN
2024-06-01T12:00:00Z,0.0,-27.375,311.625,18.56
2024-06-02T12:00:00Z,0.0,-27.875,311.125,NaN
2024-06-02T12:00:00Z,0.0,-27.875,311.375,NaN
2024-06-02T12:00:00Z,0.0,-27.875,311.625,18.66
2024-06-02T12:00:00Z,0.0,-27.625,311.125,NaN
2024-06-02T12:00:00Z,0.0,-27.625,311.375,NaN
2024-06-02T12:00:00Z,0.0,-27.625,311.625,18.63
2024-06-02T12:00:00Z,0.0,-27.375,311.125,NaN
2024-06-02T12:00:00Z,0.0,-27.375,311.375,NaN
2024-06-02T12:00:00Z,0.0,-27.375,311.625,18.66
2024-06-03T12:00:00Z,0.0,-27.875,311.125,NaN
2024-06-03T12:00:00Z,0.0,-27.875,311.375,NaN
2024-06-03T12:00:00Z,0.0,-27.875,311.625,18.69
2024-06-03T12:00:00Z,0.0,-27.625,311.125,NaN
2024-06-03T12:00:00Z,0.0,-27.625,311.375,NaN
2024-06-03T12:00:00Z,0.0,-27.625,311.625,18.67
2024-06-03T12:00:00Z,0.0,-27.375,311.125,NaN
2024-06-03T12:00:00Z,0.0,-27.375,311.375,NaN
2024-06-03T12:00:00Z,0.0,-27.375,311.625,18.74
2024-06-04T12:00:00Z,0.0,-27.875,311.125,NaN
2024-06-04T12:00:00Z,0.0,-27.875,311.375,NaN
2024-06-04T12:00:00Z,0.0,-27.875,311.625,18.66
2024-06-04T12:00:00Z,0.0,-27.625,311.125,NaN
2024-06-04T12:00:00Z,0.0,-27.625,311.375,NaN
2024-06-04T12:00:00Z,0.0,-27.625,311.625,18.68
2024-06-04T12:00:00Z,0.0,-27.375,311.125,NaN
2024-06-04T12:00:00Z,0.0,-27.375,311.375,NaN
2024-06-04T12:00:00Z,0.0,-27.375,311.625,18.72
2024-06-05T12:00:00Z,0.0,-27.875,311.125,NaN
2024-06-05T12:00:00Z,0.0,-27.875,311.375,NaN
2024-06-05T12:00:00Z,0.0,-27.875,311.625,18.68
2024-06-05T12:00:00Z,0.0,-27.625,311.125,NaN
2024-06-05T12:00:00Z,0.0,-27.625,311.375,NaN
2024-06-05T12:00:00Z,0.0,-27.625,311.625,18.69
2024-06-05T12:00:00Z,0.0,-27.375,311.125,NaN
2024-06-05T12:00:00Z,0.0,-27.375,311.375,NaN
2024-06-05T12:00:00Z,0.0,-27.375,311.625,18.74
2024-06-06T12:00:00Z,0.0,-27.875,311.125,NaN
2024-06-06T12:00:00Z,0.0,-27.875,311.375,NaN
2024-06-06T12:00:00Z,0.0,-27.875,311.625,18.789999
2024-06-06T12:00:00Z,0.0,-27.625,311.125,NaN
2024-06-06T12:00:00Z,0.0,-27.625,311.375,NaN
2024-06-06T12:00:00Z,0.0,-27.625,311.625,18.81
2024-06-06T12:00:00Z,0.0,-27.375,311.125,NaN
2024-06-06T12:00:00Z,0.0,-27.375,311.375,NaN
2024-06-06T12:00:00Z,0.0,-27.375,311.625,18.88
2024-06-07T12:00:00Z,0.0,-27.875,311.125,NaN
2024-06-07T12:00:00Z,0.0,-27.875,311.375,NaN
2024-06-07T12:00:00Z,0.0,-27.875,311.625,19.109999
2024-06-07T12:00:00Z,0.0,-27.625,311.125,NaN
2024-06-07T12:00:00Z,0.0,-27.625,311.375,NaN
2024-06-07T12:00:00Z,0.0,-27.625,311.625,19.13
2024-06-07T12:00:00Z,0.0,-27.375,311.125,NaN
2024-06-07T12:00:00Z,0.0,-27.375,311.375,NaN
2024-06-07T12:00:00Z,0.0,-27.375,311.625,19.17
2024-06-08T12:00:00Z,0.0,-27.875,311.125,NaN
2024-06-08T12:00:00Z,0.0,-27.875,311.375,NaN
2024-06-08T12:00:00Z,0.0,-27.875,311.625,19.09
2024-06-08T12:00:00Z,0.0,-27.625,311.125,NaN
2024-06-08T12:00:00Z,0.0,-27.625,311.375,NaN
2024-06-08T12:00:00Z,0.0,-27.625,311.625,19.119999
2024-06-08T12:00:00Z,0.0,-27.375,311.125,NaN
2024-06-08T12:00:00Z,0.0,-27.375,311.375,NaN
2024-06-08T12:00:00Z,0.0,-27.375,311.625,19.17
2024-06-09T12:00:00Z,0.0,-27.875,311.125,NaN
2024-06-09T12:00:00Z,0.0,-27.875,311.375,NaN
2024-06-09T12:00:00Z,0.0,-27.875,311.625,18.9
2024-06-09T12:00:00Z,0.0,-27.625,311.125,NaN
2024-06-09T12:00:00Z,0.0,-27.625,311.375,NaN
2024-06-09T12:00:00Z,0.0,-27.625,311.625,18.939999
2024-06-09T12:00:00Z,0.0,-27.375,311.125,NaN
2024-06-09T12:00:00Z,0.0,-27.375,311.375,NaN
2024-06-09T12:00:00Z,0.0,-27.375,311.625,19.029999
2024-06-10T12:00:00Z,0.0,-27.875,311.125,NaN
2024-06-10T12:00:00Z,0.0,-27.875,311.375,NaN
2024-06-10T12:00:00Z,0.0,-27.875,311.625,19.26
2024-06-10T12:00:00Z,0.0,-27.625,311.125,NaN
2024-06-10T12:00:00Z,0.0,-27.625,311.375,NaN
2024-06-10T12:00:00Z,0.0,-27.625,311.625,19.279999
2024-06-10T12:00:00Z,0.0,-27.375,311.125,NaN
2024-06-10T12:00:00Z,0.0,-27.375,311.375,NaN
2024-06-10T12:00:00Z,0.0,-27.375,311.625,19.34
2024-06-11T12:00:00Z,0.0,-27.875,311.125,NaN
2024-06-11T12:00:00Z,0.0,-27.875,311.375,NaN
2024-06-11T12:00:00Z,0.0,-27.875,311.625,19.6
2024-06-11T12:00:00Z,0.0,-27.625,311.125,NaN
2024-06-11T12:00:00Z,0.0,-27.625,311.375,NaN
2024-06-11T12:00:00Z,0.0,-27.625,311.625,19.65
2024-06-11T12:00:00Z,0.0,-27.375,311.125,NaN
2024-06-11T12:00:00Z,0.0,-27.375,311.375,NaN
2024-06-11T12:00:00Z,0.0,-27.375,311.625,19.71
2024-06-12T12:00:00Z,0.0,-27.875,311.125,NaN
2024-06-12T12:00:00Z,0.0,-27.875,311.375,NaN
2024-06-12T12:00:00Z,0.0,-27.875,311.625,19.869999
2024-06-12T12:00:00Z,0.0,-27.625,311.125,NaN
2024-06-12T12:00:00Z,0.0,-27.625,311.375,NaN
2024-06-12T12:00:00Z,0.0,-27.625,311.625,20.0
2024-06-12T12:00:00Z,0.0,-27.375,311.125,NaN
2024-06-12T12:00:00Z,0.0,-27.375,311.375,NaN
2024-06-12T12:00:00Z,0.0,-27.375,311.625,20.08
2024-06-13T12:00:00Z,0.0,-27.875,311.125,NaN
2024-06-13T12:00:00Z,0.0,-27.875,311.375,NaN
2024-06-13T12:00:00Z,0.0,-27.875,311.625,19.93
2024-06-13T12:00:00Z,0.0,-27.625,311.125,NaN
2024-06-13T12:00:00Z,0.0,-27.625,311.375,NaN
2024-06-13T12:00:00Z,0.0,-27.625,311.625,20.14
2024-06-13T12:00:00Z,0.0,-27.375,311.125,NaN
2024-06-13T12:00:00Z,0.0,-27.375,311.375,NaN
2024-06-13T12:00:00Z,0.0,-27.375,311.625,20.289999
2024-06-14T12:00:00Z,0.0,-27.875,311.125,NaN
2024-06-14T12:00:00Z,0.0,-27.875,311.375,NaN
2024-06-14T12:00:00Z,0.0,-27.875,311.625,20.24
2024-06-14T12:00:00Z,0.0,-27.625,311.125,NaN
2024-06-14T12:00:00Z,0.0,-27.625,311.375,NaN
2024-06-14T12:00:00Z,0.0,-27.625,311.625,20.4
2024-06-14T12:00:00Z,0.0,-27.375,311.125,NaN
2024-06-14T12:00:00Z,0.0,-27.375,311.375,NaN
2024-06-14T12:00:00Z,0.0,-27.375,311.625,20.52
2024-06-15T12:00:00Z,0.0,-27.875,311.125,NaN
2024-06-15T12:00:00Z,0.0,-27.875,311.375,NaN
2024-06-15T12:00:00Z,0.0,-27.875,311.625,20.58
2024-06-15T12:00:00Z,0.0,-27.625,311.125,NaN
2024-06-15T12:00:00Z,0.0,-27.625,311.375,NaN
2024-06-15T12:00:00Z,0.0,-27.625,311.625,20.689999
2024-06-15T12:00:00Z,0.0,-27.375,311.125,NaN
2024-06-15T12:00:00Z,0.0,-27.375,311.375,NaN
2024-06-15T12:00:00Z,0.0,-27.375,311.625,20.77
2024-06-16T12:00:00Z,0.0,-27.875,311.125,NaN
2024-06-16T12:00:00Z,0.0,-27.875,311.375,NaN
2024-06-16T12:00:00Z,0.0,-27.875,311.625,20.539999
2024-06-16T12:00:00Z,0.0,-27.625,311.125,NaN
2024-06-16T12:00:00Z,0.0,-27.625,311.375,NaN
2024-06-16T12:00:00Z,0.0,-27.625,311.625,20.689999
2024-06-16T12:00:00Z,0.0,-27.375,311.125,NaN
2024-06-16T12:00:00Z,0.0,-27.375,311.375,NaN
2024-06-16T12:00:00Z,0.0,-27.375,311.625,20.77
2024-06-17T12:00:00Z,0.0,-27.875,311.125,NaN
2024-06-17T12:00:00Z,0.0,-27.875,311.375,NaN
2024-06-17T12:00:00Z,0.0,-27.875,311.625,20.65
2024-06-17T12:00:00Z,0.0,-27.625,311.125,NaN
2024-06-17T12:00:00Z,0.0,-27.625,311.375,NaN
2024-06-17T12:00:00Z,0.0,-27.625,311.625,20.73
2024-06-17T12:00:00Z,0.0,-27.375,311.125,NaN
2024-06-17T12:00:00Z,0.0,-27.375,311.375,NaN
2024-06-17T12:00:00Z,0.0,-27.375,311.625,20.789999
2024-06-18T12:00:00Z,0.0,-27.875,311.125,NaN
2024-06-18T12:00:00Z,0.0,-27.875,311.375,NaN
2024-06-18T12:00:00Z,0.0,-27.875,311.625,20.699999
2024-06-18T12:00:00Z,0.0,-27.625,311.125,NaN
2024-06-18T12:00:00Z,0.0,-27.625,311.375,NaN
2024-06-18T12:00:00Z,0.0,-27.625,311.625,20.72
2024-06-18T12:00:00Z,0.0,-27.375,311.125,NaN
2024-06-18T12:00:00Z,0.0,-27.375,311.375,NaN
2024-06-18T12:00:00Z,0.0,-27.375,311.625,20.73
2024-06-19T12:00:00Z,0.0,-27.875,311.125,NaN
2024-06-19T12:00:00Z,0.0,-27.875,311.375,NaN
2024-06-19T12:00:00Z,0.0,-27.875,311.625,20.369999
2024-06-19T12:00:00Z,0.0,-27.625,311.125,NaN
2024-06-19T12:00:00Z,0.0,-27.625,311.375,NaN
2024-06-19T12:00:00Z,0.0,-27.625,311.625,20.41
2024-06-19T12:00:00Z,0.0,-27.375,311.125,NaN
2024-06-19T12:00:00Z,0.0,-27.375,311.375,NaN
2024-06-19T12:00:00Z,0.0,-27.375,311.625,20.439999
2024-06-20T12:00:00Z,0.0,-27.875,311.125,NaN
2024-06-20T12:00:00Z,0.0,-27.875,311.375,NaN
2024-06-20T12:00:00Z,0.0,-27.875,311.625,20.1
2024-06-20T12:00:00Z,0.0,-27.625,311.125,NaN
2024-06-20T12:00:00Z,0.0,-27.625,311.375,NaN
2024-06-20T12:00:00Z,0.0,-27.625,311.625,20.15
2024-06-20T12:00:00Z,0.0,-27.375,311.125,NaN
2024-06-20T12:00:00Z,0.0,-27.375,311.375,NaN
2024-06-20T12:00:00Z,0.0,-27.375,311.625,20.18
2024-06-21T12:00:00Z,0.0,-27.875,311.125,NaN
2024-06-21T12:00:00Z,0.0,-27.875,311.375,NaN
2024-06-21T12:00:00Z,0.0,-27.875,311.625,19.789999
2024-06-21T12:00:00Z,0.0,-27.625,311.125,NaN
2024-06-21T12:00:00Z,0.0,-27.625,311.375,NaN
2024-06-21T12:00:00Z,0.0,-27.625,311.625,19.9
2024-06-21T12:00:00Z,0.0,-27.375,311.125,NaN
2024-06-21T12:00:00Z,0.0,-27.375,311.375,NaN
2024-06-21T12:00:00Z,0.0,-27.375,311.625,19.97
2024-06-22T12:00:00Z,0.0,-27.875,311.125,NaN
2024-06-22T12:00:00Z,0.0,-27.875,311.375,NaN
2024-06-22T12:00:00Z,0.0,-27.875,311.625,19.82
2024-06-22T12:00:00Z,0.0,-27.625,311.125,NaN
2024-06-22T12:00:00Z,0.0,-27.625,311.375,NaN
2024-06-22T12:00:00Z,0.0,-27.625,311.625,19.939999
2024-06-22T12:00:00Z,0.0,-27.375,311.125,NaN
2024-06-22T12:00:00Z,0.0,-27.375,311.375,NaN
2024-06-22T12:00:00Z,0.0,-27.375,311.625,20.01
2024-06-23T12:00:00Z,0.0,-27.875,311.125,NaN
2024-06-23T12:00:00Z,0.0,-27.875,311.375,NaN
2024-06-23T12:00:00Z,0.0,-27.875,311.625,19.939999
2024-06-23T12:00:00Z,0.0,-27.625,311.125,NaN
2024-06-23T12:00:00Z,0.0,-27.625,311.375,NaN
2024-06-23T12:00:00Z,0.0,-27.625,311.625,20.039999
2024-06-23T12:00:00Z,0.0,-27.375,311.125,NaN
2024-06-23T12:00:00Z,0.0,-27.375,311.375,NaN
2024-06-23T12:00:00Z,0.0,-27.375,311.625,20.109999
2024-06-24T12:00:00Z,0.0,-27.875,311.125,NaN
2024-06-24T12:00:00Z,0.0,-27.875,311.375,NaN
2024-06-24T12:00:00Z,0.0,-27.875,311.625,20.08
2024-06-24T12:00:00Z,0.0,-27.625,311.125,NaN
2024-06-24T12:00:00Z,0.0,-27.625,311.375,NaN
2024-06-24T12:00:00Z,0.0,-27.625,311.625,20.14
2024-06-24T12:00:00Z,0.0,-27.375,311.125,NaN
2024-06-24T12:00:00Z,0.0,-27.375,311.375,NaN
2024-06-24T12:00:00Z,0.0,-27.375,311.625,20.21
2024-06-25T12:00:00Z,0.0,-27.875,311.125,NaN
2024-06-25T12:00:00Z,0.0,-27.875,311.375,NaN
2024-06-25T12:00:00Z,0.0,-27.875,311.625,20.119999
2024-06-25T12:00:00Z,0.0,-27.625,311.125,NaN
2024-06-25T12:00:00Z,0.0,-27.625,311.375,NaN
2024-06-25T12:00:00Z,0.0,-27.625,311.625,20.119999
2024-06-25T12:00:00Z,0.0,-27.375,311.125,NaN
2024-06-25T12:00:00Z,0.0,-27.375,311.375,NaN
2024-06-25T12:00:00Z,0.0,-27.375,311.625,20.18
2024-06-26T12:00:00Z,0.0,-27.875,311.125,NaN
2024-06-26T12:00:00Z,0.0,-27.875,311.375,NaN
2024-06-26T12:00:00Z,0.0,-27.875,311.625,19.55
2024-06-26T12:00:00Z,0.0,-27.625,311.125,NaN
2024-06-26T12:00:00Z,0.0,-27.625,311.375,NaN
2024-06-26T12:00:00Z,0.0,-27.625,311.625,19.51
2024-06-26T12:00:00Z,0.0,-27.375,311.125,NaN
2024-06-26T12:00:00Z,0.0,-27.375,311.375,NaN
2024-06-26T12:00:00Z,0.0,-27.375,311.625,19.539999
2024-06-27T12:00:00Z,0.0,-27.875,311.125,NaN
2024-06-27T12:00:00Z,0.0,-27.875,311.375,NaN
2024-06-27T12:00:00Z,0.0,-27.875,311.625,19.439999
2024-06-27T12:00:00Z,0.0,-27.625,311.125,NaN
2024-06-27T12:00:00Z,0.0,-27.625,311.375,NaN
2024-06-27T12:00:00Z,0.0,-27.625,311.625,19.38
2024-06-27T12:00:00Z,0.0,-27.375,311.125,NaN
2024-06-27T12:00:00Z,0.0,-27.375,311.375,NaN
2024-06-27T12:00:00Z,0.0,-27.375,311.625,19.41
2024-06-28T12:00:00Z,0.0,-27.875,311.125,NaN
2024-06-28T12:00:00Z,0.0,-27.875,311.375,NaN
2024-06-28T12:00:00Z,0.0,-27.875,311.625,19.41
2024-06-28T12:00:00Z,0.0,-27.625,311.125,NaN
2024-06-28T12:00:00Z,0.0,-27.625,311.375,NaN
2024-06-28T12:00:00Z,0.0,-27.625,311.625,19.32
2024-06-28T12:00:00Z,0.0,-27.375,311.125,NaN
2024-06-28T12:00:00Z,0.0,-27.375,311.375,NaN
2024-06-28T12:00:00Z,0.0,-27.375,311.625,19.33
2024-06-29T12:00:00Z,0.0,-27.875,311.125,NaN
2024-06-29T12:00:00Z,0.0,-27.875,311.375,NaN
2024-06-29T12:00:00Z,0.0,-27.875,311.625,18.949999
2024-06-29T12:00:00Z,0.0,-27.625,311.125,NaN
2024-06-29T12:00:00Z,0.0,-27.625,311.375,NaN
2024-06-29T12:00:00Z,0.0,-27.625,311.625,18.91
2024-06-29T12:00:00Z,0.0,-27.375,311.125,NaN
2024-06-29T12:00:00Z,0.0,-27.375,311.375,NaN
2024-06-29T12:00:00Z,0.0,-27.375,311.625,18.99
2024-06-30T12:00:00Z,0.0,-27.875,311.125,NaN
2024-06-30T12:00:00Z,0.0,-27.875,311.375,NaN
2024-06-30T12:00:00Z,0.0,-27.875,311.625,18.3
2024-06-30T12:00:00Z,0.0,-27.625,311.125,NaN
2024-06-30T12:00:00Z,0.0,-27.625,311.375,NaN
2024-06-30T12:00:00Z,0.0,-27.625,311.625,18.32
2024-06-30T12:00:00Z,0.0,-27.375,311.125,NaN
2024-06-30T12:00:00Z,0.0,-27.375,311.375,NaN
2024-06-30T12:00:00Z,0.0,-27.375,311.625,18.39
2024-07-01T12:00:00Z,0.0,-27.875,311.125,NaN
2024-07-01T12:00:00Z,0.0,-27.875,311.375,NaN
2024-07-01T12:00:00Z,0.0,-27.875,311.625,17.82
2024-07-01T12:00:00Z,0.0,-27.625,311.125,NaN
2024-07-01T12:00:00Z,0.0,-27.625,311.375,NaN
2024-07-01T12:00:00Z,0.0,-27.625,311.625,17.88
2024-07-01T12:00:00Z,0.0,-27.375,311.125,NaN
2024-07-01T12:00:00Z,0.0,-27.375,311.375,NaN
2024-07-01T12:00:00Z,0.0,-27.375,311.625,17.93
2024-07-02T12:00:00Z,0.0,-27.875,311.125,NaN
2024-07-02T12:00:00Z,0.0,-27.875,311.375,NaN
2024-07-02T12:00:00Z,0.0,-27.875,311.625,17.43
2024-07-02T12:00:00Z,0.0,-27.625,311.125,NaN
2024-07-02T12:00:00Z,0.0,-27.625,311.375,NaN
2024-07-02T12:00:00Z,0.0,-27.625,311.625,17.59
2024-07-02T12:00:00Z,0.0,-27.375,311.125,NaN
2024-07-02T12:00:00Z,0.0,-27.375,311.375,NaN
2024-07-02T12:00:00Z,0.0,-27.375,311.625,17.69
2024-07-03T12:00:00Z,0.0,-27.875,311.125,NaN
2024-07-03T12:00:00Z,0.0,-27.875,311.375,NaN
2024-07-03T12:00:00Z,0.0,-27.875,311.625,17.46
2024-07-03T12:00:00Z,0.0,-27.625,311.125,NaN
2024-07-03T12:00:00Z,0.0,-27.625,311.375,NaN
2024-07-03T12:00:00Z,0.0,-27.625,311.625,17.69
2024-07-03T12:00:00Z,0.0,-27.375,311.125,NaN
2024-07-03T12:00:00Z,0.0,-27.375,311.375,NaN
2024-07-03T12:00:00Z,0.0,-27.375,311.625,17.82
2024-07-04T12:00:00Z,0.0,-27.875,311.125,NaN
2024-07-04T12:00:00Z,0.0,-27.875,311.375,NaN
2024-07-04T12:00:00Z,0.0,-27.875,311.625,17.42
2024-07-04T12:00:00Z,0.0,-27.625,311.125,NaN
2024-07-04T12:00:00Z,0.0,-27.625,311.375,NaN
2024-07-04T12:00:00Z,0.0,-27.625,311.625,17.68
2024-07-04T12:00:00Z,0.0,-27.375,311.125,NaN
2024-07-04T12:00:00Z,0.0,-27.375,311.375,NaN
2024-07-04T12:00:00Z,0.0,-27.375,311.625,17.81
2024-07-05T12:00:00Z,0.0,-27.875,311.125,NaN
2024-07-05T12:00:00Z,0.0,-27.875,311.375,NaN
2024-07-05T12:00:00Z,0.0,-27.875,311.625,17.44
2024-07-05T12:00:00Z,0.0,-27.625,311.125,NaN
2024-07-05T12:00:00Z,0.0,-27.625,311.375,NaN
2024-07-05T12:00:00Z,0.0,-27.625,311.625,17.66
2024-07-05T12:00:00Z,0.0,-27.375,311.125,NaN
2024-07-05T12:00:00Z,0.0,-27.375,311.375,NaN
2024-07-05T12:00:00Z,0.0,-27.375,311.625,17.77
2024-07-06T12:00:00Z,0.0,-27.875,311.125,NaN
2024-07-06T12:00:00Z,0.0,-27.875,311.375,NaN
2024-07-06T12:00:00Z,0.0,-27.875,311.625,17.56
2024-07-06T12:00:00Z,0.0,-27.625,311.125,NaN
2024-07-06T12:00:00Z,0.0,-27.625,311.375,NaN
2024-07-06T12:00:00Z,0.0,-27.625,311.625,17.72
2024-07-06T12:00:00Z,0.0,-27.375,311.125,NaN
2024-07-06T12:00:00Z,0.0,-27.375,311.375,NaN
2024-07-06T12:00:00Z,0.0,-27.375,311.625,17.76
2024-07-07T12:00:00Z,0.0,-27.875,311.125,NaN
2024-07-07T12:00:00Z,0.0,-27.875,311.375,NaN
2024-07-07T12:00:00Z,0.0,-27.875,311.625,17.539999
2024-07-07T12:00:00Z,0.0,-27.625,311.125,NaN
2024-07-07T12:00:00Z,0.0,-27.625,311.375,NaN
2024-07-07T12:00:00Z,0.0,-27.625,311.625,17.71
2024-07-07T12:00:00Z,0.0,-27.375,311.125,NaN
2024-07-07T12:00:00Z,0.0,-27.375,311.375,NaN
2024-07-07T12:00:00Z,0.0,-27.375,311.625,17.75
2024-07-08T12:00:00Z,0.0,-27.875,311.125,NaN
2024-07-08T12:00:00Z,0.0,-27.875,311.375,NaN
2024-07-08T12:00:00Z,0.0,-27.875,311.625,17.63
2024-07-08T12:00:00Z,0.0,-27.625,311.125,NaN
2024-07-08T12:00:00Z,0.0,-27.625,311.375,NaN
2024-07-08T12:00:00Z,0.0,-27.625,311.625,17.699999
2024-07-08T12:00:00Z,0.0,-27.375,311.125,NaN
2024-07-08T12:00:00Z,0.0,-27.375,311.375,NaN
2024-07-08T12:00:00Z,0.0,-27.375,311.625,17.74
2024-07-09T12:00:00Z,0.0,-27.875,311.125,NaN
2024-07-09T12:00:00Z,0.0,-27.875,311.375,NaN
2024-07-09T12:00:00Z,0.0,-27.875,311.625,16.38
2024-07-09T12:00:00Z,0.0,-27.625,311.125,NaN
2024-07-09T12:00:00Z,0.0,-27.625,311.375,NaN
2024-07-09T12:00:00Z,0.0,-27.625,311.625,16.56
2024-07-09T12:00:00Z,0.0,-27.375,311.125,NaN
2024-07-09T12:00:00Z,0.0,-27.375,311.375,NaN
2024-07-09T12:00:00Z,0.0,-27.375,311.625,16.74
2024-07-10T12:00:00Z,0.0,-27.875,311.125,NaN
2024-07-10T12:00:00Z,0.0,-27.875,311.375,NaN
2024-07-10T12:00:00Z,0.0,-27.875,311.625,15.69
2024-07-10T12:00:00Z,0.0,-27.625,311.125,NaN
2024-07-10T12:00:00Z,0.0,-27.625,311.375,NaN
2024-07-10T12:00:00Z,0.0,-27.625,311.625,16.08
2024-07-10T12:00:00Z,0.0,-27.375,311.125,NaN
2024-07-10T12:00:00Z,0.0,-27.375,311.375,NaN
2024-07-10T12:00:00Z,0.0,-27.375,311.625,16.38
2024-07-11T12:00:00Z,0.0,-27.875,311.125,NaN
2024-07-11T12:00:00Z,0.0,-27.875,311.375,NaN
2024-07-11T12:00:00Z,0.0,-27.875,311.625,15.46
2024-07-11T12:00:00Z,0.0,-27.625,311.125,NaN
2024-07-11T12:00:00Z,0.0,-27.625,311.375,NaN
2024-07-11T12:00:00Z,0.0,-27.625,311.625,15.67
2024-07-11T12:00:00Z,0.0,-27.375,311.125,NaN
2024-07-11T12:00:00Z,0.0,-27.375,311.375,NaN
2024-07-11T12:00:00Z,0.0,-27.375,311.625,16.02
2024-07-12T12:00:00Z,0.0,-27.875,311.125,NaN
2024-07-12T12:00:00Z,0.0,-27.875,311.375,NaN
2024-07-12T12:00:00Z,0.0,-27.875,311.625,15.46
2024-07-12T12:00:00Z,0.0,-27.625,311.125,NaN
2024-07-12T12:00:00Z,0.0,-27.625,311.375,NaN
2024-07-12T12:00:00Z,0.0,-27.625,311.625,15.66
2024-07-12T12:00:00Z,0.0,-27.375,311.125,NaN
2024-07-12T12:00:00Z,0.0,-27.375,311.375,NaN
2024-07-12T12:00:00Z,0.0,-27.375,311.625,15.99
2024-07-13T12:00:00Z,0.0,-27.875,311.125,NaN
2024-07-13T12:00:00Z,0.0,-27.875,311.375,NaN
2024-07-13T12:00:00Z,0.0,-27.875,311.625,16.22
2024-07-13T12:00:00Z,0.0,-27.625,311.125,NaN
2024-07-13T12:00:00Z,0.0,-27.625,311.375,NaN
2024-07-13T12:00:00Z,0.0,-27.625,311.625,16.3
2024-07-13T12:00:00Z,0.0,-27.375,311.125,NaN
2024-07-13T12:00:00Z,0.0,-27.375,311.375,NaN
2024-07-13T12:00:00Z,0.0,-27.375,311.625,16.449999
2024-07-14T12:00:00Z,0.0,-27.875,311.125,NaN
2024-07-14T12:00:00Z,0.0,-27.875,311.375,NaN
2024-07-14T12:00:00Z,0.0,-27.875,311.625,16.31
2024-07-14T12:00:00Z,0.0,-27.625,311.125,NaN
2024-07-14T12:00:00Z,0.0,-27.625,311.375,NaN
2024-07-14T12:00:00Z,0.0,-27.625,311.625,16.59
2024-07-14T12:00:00Z,0.0,-27.375,311.125,NaN
2024-07-14T12:00:00Z,0.0,-27.375,311.375,NaN
2024-07-14T12:00:00Z,0.0,-27.375,311.625,16.74
2024-07-15T12:00:00Z,0.0,-27.875,311.125,NaN
2024-07-15T12:00:00Z,0.0,-27.875,311.375,NaN
2024-07-15T12:00:00Z,0.0,-27.875,311.625,16.52
2024-07-15T12:00:00Z,0.0,-27.625,311.125,NaN
2024-07-15T12:00:00Z,0.0,-27.625,311.375,NaN
2024-07-15T12:00:00Z,0.0,-27.625,311.625,16.779999
2024-07-15T12:00:00Z,0.0,-27.375,311.125,NaN
2024-07-15T12:00:00Z,0.0,-27.375,311.375,NaN
2024-07-15T12:00:00Z,0.0,-27.375,311.625,16.63
2024-07-16T12:00:00Z,0.0,-27.875,311.125,NaN
2024-07-16T12:00:00Z,0.0,-27.875,311.375,NaN
2024-07-16T12:00:00Z,0.0,-27.875,311.625,16.31
2024-07-16T12:00:00Z,0.0,-27.625,311.125,NaN
2024-07-16T12:00:00Z,0.0,-27.625,311.375,NaN
2024-07-16T12:00:00Z,0.0,-27.625,311.625,16.3
2024-07-16T12:00:00Z,0.0,-27.375,311.125,NaN
2024-07-16T12:00:00Z,0.0,-27.375,311.375,NaN
2024-07-16T12:00:00Z,0.0,-27.375,311.625,16.07
2024-07-17T12:00:00Z,0.0,-27.875,311.125,NaN
2024-07-17T12:00:00Z,0.0,-27.875,311.375,NaN
2024-07-17T12:00:00Z,0.0,-27.875,311.625,16.23
2024-07-17T12:00:00Z,0.0,-27.625,311.125,NaN
2024-07-17T12:00:00Z,0.0,-27.625,311.375,NaN
2024-07-17T12:00:00Z,0.0,-27.625,311.625,16.199999
2024-07-17T12:00:00Z,0.0,-27.375,311.125,NaN
2024-07-17T12:00:00Z,0.0,-27.375,311.375,NaN
2024-07-17T12:00:00Z,0.0,-27.375,311.625,16.029999
2024-07-18T12:00:00Z,0.0,-27.875,311.125,NaN
2024-07-18T12:00:00Z,0.0,-27.875,311.375,NaN
2024-07-18T12:00:00Z,0.0,-27.875,311.625,15.96
2024-07-18T12:00:00Z,0.0,-27.625,311.125,NaN
2024-07-18T12:00:00Z,0.0,-27.625,311.375,NaN
2024-07-18T12:00:00Z,0.0,-27.625,311.625,15.92
2024-07-18T12:00:00Z,0.0,-27.375,311.125,NaN
2024-07-18T12:00:00Z,0.0,-27.375,311.375,NaN
2024-07-18T12:00:00Z,0.0,-27.375,311.625,15.799999
2024-07-19T12:00:00Z,0.0,-27.875,311.125,NaN
2024-07-19T12:00:00Z,0.0,-27.875,311.375,NaN
2024-07-19T12:00:00Z,0.0,-27.875,311.625,15.86
2024-07-19T12:00:00Z,0.0,-27.625,311.125,NaN
2024-07-19T12:00:00Z,0.0,-27.625,311.375,NaN
2024-07-19T12:00:00Z,0.0,-27.625,311.625,15.849999
2024-07-19T12:00:00Z,0.0,-27.375,311.125,NaN
2024-07-19T12:00:00Z,0.0,-27.375,311.375,NaN
2024-07-19T12:00:00Z,0.0,-27.375,311.625,15.7699995
2024-07-20T12:00:00Z,0.0,-27.875,311.125,NaN
2024-07-20T12:00:00Z,0.0,-27.875,311.375,NaN
2024-07-20T12:00:00Z,0.0,-27.875,311.625,15.7
2024-07-20T12:00:00Z,0.0,-27.625,311.125,NaN
2024-07-20T12:00:00Z,0.0,-27.625,311.375,NaN
2024-07-20T12:00:00Z,0.0,-27.625,311.625,15.719999
2024-07-20T12:00:00Z,0.0,-27.375,311.125,NaN
2024-07-20T12:00:00Z,0.0,-27.375,311.375,NaN
2024-07-20T12:00:00Z,0.0,-27.375,311.625,15.73
2024-07-21T12:00:00Z,0.0,-27.875,311.125,NaN
2024-07-21T12:00:00Z,0.0,-27.875,311.375,NaN
2024-07-21T12:00:00Z,0.0,-27.875,311.625,15.67
2024-07-21T12:00:00Z,0.0,-27.625,311.125,NaN
2024-07-21T12:00:00Z,0.0,-27.625,311.375,NaN
2024-07-21T12:00:00Z,0.0,-27.625,311.625,15.73
2024-07-21T12:00:00Z,0.0,-27.375,311.125,NaN
2024-07-21T12:00:00Z,0.0,-27.375,311.375,NaN
2024-07-21T12:00:00Z,0.0,-27.375,311.625,15.889999
2024-07-22T12:00:00Z,0.0,-27.875,311.125,NaN
2024-07-22T12:00:00Z,0.0,-27.875,311.375,NaN
2024-07-22T12:00:00Z,0.0,-27.875,311.625,15.799999
2024-07-22T12:00:00Z,0.0,-27.625,311.125,NaN
2024-07-22T12:00:00Z,0.0,-27.625,311.375,NaN
2024-07-22T12:00:00Z,0.0,-27.625,311.625,16.1
2024-07-22T12:00:00Z,0.0,-27.375,311.125,NaN
2024-07-22T12:00:00Z,0.0,-27.375,311.375,NaN
2024-07-22T12:00:00Z,0.0,-27.375,311.625,16.369999
2024-07-23T12:00:00Z,0.0,-27.875,311.125,NaN
2024-07-23T12:00:00Z,0.0,-27.875,311.375,NaN
2024-07-23T12:00:00Z,0.0,-27.875,311.625,16.039999
2024-07-23T12:00:00Z,0.0,-27.625,311.125,NaN
2024-07-23T12:00:00Z,0.0,-27.625,311.375,NaN
2024-07-23T12:00:00Z,0.0,-27.625,311.625,16.359999
2024-07-23T12:00:00Z,0.0,-27.375,311.125,NaN
2024-07-23T12:00:00Z,0.0,-27.375,311.375,NaN
2024-07-23T12:00:00Z,0.0,-27.375,311.625,16.59
2024-07-24T12:00:00Z,0.0,-27.875,311.125,NaN
2024-07-24T12:00:00Z,0.0,-27.875,311.375,NaN
2024-07-24T12:00:00Z,0.0,-27.875,311.625,16.19
2024-07-24T12:00:00Z,0.0,-27.625,311.125,NaN
2024-07-24T12:00:00Z,0.0,-27.625,311.375,NaN
2024-07-24T12:00:00Z,0.0,-27.625,311.625,16.44
2024-07-24T12:00:00Z,0.0,-27.375,311.125,NaN
2024-07-24T12:00:00Z,0.0,-27.375,311.375,NaN
2024-07-24T12:00:00Z,0.0,-27.375,311.625,16.59
2024-07-25T12:00:00Z,0.0,-27.875,311.125,NaN
2024-07-25T12:00:00Z,0.0,-27.875,311.375,NaN
2024-07-25T12:00:00Z,0.0,-27.875,311.625,16.0
2024-07-25T12:00:00Z,0.0,-27.625,311.125,NaN
2024-07-25T12:00:00Z,0.0,-27.625,311.375,NaN
2024-07-25T12:00:00Z,0.0,-27.625,311.625,16.279999
2024-07-25T12:00:00Z,0.0,-27.375,311.125,NaN
2024-07-25T12:00:00Z,0.0,-27.375,311.375,NaN
2024-07-25T12:00:00Z,0.0,-27.375,311.625,16.43
2024-07-26T12:00:00Z,0.0,-27.875,311.125,NaN
2024-07-26T12:00:00Z,0.0,-27.875,311.375,NaN
2024-07-26T12:00:00Z,0.0,-27.875,311.625,16.09
2024-07-26T12:00:00Z,0.0,-27.625,311.125,NaN
2024-07-26T12:00:00Z,0.0,-27.625,311.375,NaN
2024-07-26T12:00:00Z,0.0,-27.625,311.625,16.4
2024-07-26T12:00:00Z,0.0,-27.375,311.125,NaN
2024-07-26T12:00:00Z,0.0,-27.375,311.375,NaN
2024-07-26T12:00:00Z,0.0,-27.375,311.625,16.52
2024-07-27T12:00:00Z,0.0,-27.875,311.125,NaN
2024-07-27T12:00:00Z,0.0,-27.875,311.375,NaN
2024-07-27T12:00:00Z,0.0,-27.875,311.625,16.3
2024-07-27T12:00:00Z,0.0,-27.625,311.125,NaN
2024-07-27T12:00:00Z,0.0,-27.625,311.375,NaN
2024-07-27T12:00:00Z,0.0,-27.625,311.625,16.65
2024-07-27T12:00:00Z,0.0,-27.375,311.125,NaN
2024-07-27T12:00:00Z,0.0,-27.375,311.375,NaN
2024-07-27T12:00:00Z,0.0,-27.375,311.625,16.77
2024-07-28T12:00:00Z,0.0,-27.875,311.125,NaN
2024-07-28T12:00:00Z,0.0,-27.875,311.375,NaN
2024-07-28T12:00:00Z,0.0,-27.875,311.625,16.57
2024-07-28T12:00:00Z,0.0,-27.625,311.125,NaN
2024-07-28T12:00:00Z,0.0,-27.625,311.375,NaN
2024-07-28T12:00:00Z,0.0,-27.625,311.625,16.92
2024-07-28T12:00:00Z,0.0,-27.375,311.125,NaN
2024-07-28T12:00:00Z,0.0,-27.375,311.375,NaN
2024-07-28T12:00:00Z,0.0,-27.375,311.625,17.029999
2024-07-29T12:00:00Z,0.0,-27.875,311.125,NaN
2024-07-29T12:00:00Z,0.0,-27.875,311.375,NaN
2024-07-29T12:00:00Z,0.0,-27.875,311.625,16.71
2024-07-29T12:00:00Z,0.0,-27.625,311.125,NaN
2024-07-29T12:00:00Z,0.0,-27.625,311.375,NaN
2024-07-29T12:00:00Z,0.0,-27.625,311.625,16.98
2024-07-29T12:00:00Z,0.0,-27.375,311.125,NaN
2024-07-29T12:00:00Z,0.0,-27.375,311.375,NaN
2024-07-29T12:00:00Z,0.0,-27.375,311.625,17.08
2024-07-30T12:00:00Z,0.0,-27.875,311.125,NaN
2024-07-30T12:00:00Z,0.0,-27.875,311.375,NaN
2024-07-30T12:00:00Z,0.0,-27.875,311.625,16.6
2024-07-30T12:00:00Z,0.0,-27.625,311.125,NaN
2024-07-30T12:00:00Z,0.0,-27.625,311.375,NaN
2024-07-30T12:00:00Z,0.0,-27.625,311.625,16.8
2024-07-30T12:00:00Z,0.0,-27.375,311.125,NaN
2024-07-30T12:00:00Z,0.0,-27.375,311.375,NaN
2024-07-30T12:00:00Z,0.0,-27.375,311.625,16.92
2024-07-31T12:00:00Z,0.0,-27.875,311.125,NaN
2024-07-31T12:00:00Z,0.0,-27.875,311.375,NaN
2024-07-31T12:00:00Z,0.0,-27.875,311.625,16.59
2024-07-31T12:00:00Z,0.0,-27.625,311.125,NaN
2024-07-31T12:00:00Z,0.0,-27.625,311.375,NaN
2024-07-31T12:00:00Z,0.0,-27.625,311.625,16.76
2024-07-31T12:00:00Z,0.0,-27.375,311.125,NaN
2024-07-31T12:00:00Z,0.0,-27.375,311.375,NaN
2024-07-31T12:00:00Z,0.0,-27.375,311.625,16.98
2024-08-01T12:00:00Z,0.0,-27.875,311.125,NaN
2024-08-01T12:00:00Z,0.0,-27.875,311.375,NaN
2024-08-01T12:00:00Z,0.0,-27.875,311.625,16.57
2024-08-01T12:00:00Z,0.0,-27.625,311.125,NaN
2024-08-01T12:00:00Z,0.0,-27.625,311.375,NaN
2024-08-01T12:00:00Z,0.0,-27.625,311.625,16.74
2024-08-01T12:00:00Z,0.0,-27.375,311.125,NaN
2024-08-01T12:00:00Z,0.0,-27.375,311.375,NaN
2024-08-01T12:00:00Z,0.0,-27.375,311.625,17.029999
2024-08-02T12:00:00Z,0.0,-27.875,311.125,NaN
2024-08-02T12:00:00Z,0.0,-27.875,311.375,NaN
2024-08-02T12:00:00Z,0.0,-27.875,311.625,16.75
2024-08-02T12:00:00Z,0.0,-27.625,311.125,NaN
2024-08-02T12:00:00Z,0.0,-27.625,311.375,NaN
2024-08-02T12:00:00Z,0.0,-27.625,311.625,16.9
2024-08-02T12:00:00Z,0.0,-27.375,311.125,NaN
2024-08-02T12:00:00Z,0.0,-27.375,311.375,NaN
2024-08-02T12:00:00Z,0.0,-27.375,311.625,17.17
2024-08-03T12:00:00Z,0.0,-27.875,311.125,NaN
2024-08-03T12:00:00Z,0.0,-27.875,311.375,NaN
2024-08-03T12:00:00Z,0.0,-27.875,311.625,17.14
2024-08-03T12:00:00Z,0.0,-27.625,311.125,NaN
2024-08-03T12:00:00Z,0.0,-27.625,311.375,NaN
2024-08-03T12:00:00Z,0.0,-27.625,311.625,17.289999
2024-08-03T12:00:00Z,0.0,-27.375,311.125,NaN
2024-08-03T12:00:00Z,0.0,-27.375,311.375,NaN
2024-08-03T12:00:00Z,0.0,-27.375,311.625,17.44
2024-08-04T12:00:00Z,0.0,-27.875,311.125,NaN
2024-08-04T12:00:00Z,0.0,-27.875,311.375,NaN
2024-08-04T12:00:00Z,0.0,-27.875,311.625,17.38
2024-08-04T12:00:00Z,0.0,-27.625,311.125,NaN
2024-08-04T12:00:00Z,0.0,-27.625,311.375,NaN
2024-08-04T12:00:00Z,0.0,-27.625,311.625,17.529999
2024-08-04T12:00:00Z,0.0,-27.375,311.125,NaN
2024-08-04T12:00:00Z,0.0,-27.375,311.375,NaN
2024-08-04T12:00:00Z,0.0,-27.375,311.625,17.68
2024-08-05T12:00:00Z,0.0,-27.875,311.125,NaN
2024-08-05T12:00:00Z,0.0,-27.875,311.375,NaN
2024-08-05T12:00:00Z,0.0,-27.875,311.625,17.74
2024-08-05T12:00:00Z,0.0,-27.625,311.125,NaN
2024-08-05T12:00:00Z,0.0,-27.625,311.375,NaN
2024-08-05T12:00:00Z,0.0,-27.625,311.625,17.779999
2024-08-05T12:00:00Z,0.0,-27.375,311.125,NaN
2024-08-05T12:00:00Z,0.0,-27.375,311.375,NaN
2024-08-05T12:00:00Z,0.0,-27.375,311.625,17.93
2024-08-06T12:00:00Z,0.0,-27.875,311.125,NaN
2024-08-06T12:00:00Z,0.0,-27.875,311.375,NaN
2024-08-06T12:00:00Z,0.0,-27.875,311.625,18.039999
2024-08-06T12:00:00Z,0.0,-27.625,311.125,NaN
2024-08-06T12:00:00Z,0.0,-27.625,311.375,NaN
2024-08-06T12:00:00Z,0.0,-27.625,311.625,18.08
2024-08-06T12:00:00Z,0.0,-27.375,311.125,NaN
2024-08-06T12:00:00Z,0.0,-27.375,311.375,NaN
2024-08-06T12:00:00Z,0.0,-27.375,311.625,18.06
2024-08-07T12:00:00Z,0.0,-27.875,311.125,NaN
2024-08-07T12:00:00Z,0.0,-27.875,311.375,NaN
2024-08-07T12:00:00Z,0.0,-27.875,311.625,18.46
2024-08-07T12:00:00Z,0.0,-27.625,311.125,NaN
2024-08-07T12:00:00Z,0.0,-27.625,311.375,NaN
2024-08-07T12:00:00Z,0.0,-27.625,311.625,18.46
2024-08-07T12:00:00Z,0.0,-27.375,311.125,NaN
2024-08-07T12:00:00Z,0.0,-27.375,311.375,NaN
2024-08-07T12:00:00Z,0.0,-27.375,311.625,18.39
2024-08-08T12:00:00Z,0.0,-27.875,311.125,NaN
2024-08-08T12:00:00Z,0.0,-27.875,311.375,NaN
2024-08-08T12:00:00Z,0.0,-27.875,311.625,18.5
2024-08-08T12:00:00Z,0.0,-27.625,311.125,NaN
2024-08-08T12:00:00Z,0.0,-27.625,311.375,NaN
2024-08-08T12:00:00Z,0.0,-27.625,311.625,18.52
2024-08-08T12:00:00Z,0.0,-27.375,311.125,NaN
2024-08-08T12:00:00Z,0.0,-27.375,311.375,NaN
2024-08-08T12:00:00Z,0.0,-27.375,311.625,18.44
2024-08-09T12:00:00Z,0.0,-27.875,311.125,NaN
2024-08-09T12:00:00Z,0.0,-27.875,311.375,NaN
2024-08-09T12:00:00Z,0.0,-27.875,311.625,18.13
2024-08-09T12:00:00Z,0.0,-27.625,311.125,NaN
2024-08-09T12:00:00Z,0.0,-27.625,311.375,NaN
2024-08-09T12:00:00Z,0.0,-27.625,311.625,17.98
2024-08-09T12:00:00Z,0.0,-27.375,311.125,NaN
2024-08-09T12:00:00Z,0.0,-27.375,311.375,NaN
2024-08-09T12:00:00Z,0.0,-27.375,311.625,17.73
2024-08-10T12:00:00Z,0.0,-27.875,311.125,NaN
2024-08-10T12:00:00Z,0.0,-27.875,311.375,NaN
2024-08-10T12:00:00Z,0.0,-27.875,311.625,17.96
2024-08-10T12:00:00Z,0.0,-27.625,311.125,NaN
2024-08-10T12:00:00Z,0.0,-27.625,311.375,NaN
2024-08-10T12:00:00Z,0.0,-27.625,311.625,17.81
2024-08-10T12:00:00Z,0.0,-27.375,311.125,NaN
2024-08-10T12:00:00Z,0.0,-27.375,311.375,NaN
2024-08-10T12:00:00Z,0.0,-27.375,311.625,17.5
2024-08-11T12:00:00Z,0.0,-27.875,311.125,NaN
2024-08-11T12:00:00Z,0.0,-27.875,311.375,NaN
2024-08-11T12:00:00Z,0.0,-27.875,311.625,17.82
2024-08-11T12:00:00Z,0.0,-27.625,311.125,NaN
2024-08-11T12:00:00Z,0.0,-27.625,311.375,NaN
2024-08-11T12:00:00Z,0.0,-27.625,311.625,17.69
2024-08-11T12:00:00Z,0.0,-27.375,311.125,NaN
2024-08-11T12:00:00Z,0.0,-27.375,311.375,NaN
2024-08-11T12:00:00Z,0.0,-27.375,311.625,17.38
2024-08-12T12:00:00Z,0.0,-27.875,311.125,NaN
2024-08-12T12:00:00Z,0.0,-27.875,311.375,NaN
2024-08-12T12:00:00Z,0.0,-27.875,311.625,17.789999
2024-08-12T12:00:00Z,0.0,-27.625,311.125,NaN
2024-08-12T12:00:00Z,0.0,-27.625,311.375,NaN
2024-08-12T12:00:00Z,0.0,-27.625,311.625,17.66
2024-08-12T12:00:00Z,0.0,-27.375,311.125,NaN
2024-08-12T12:00:00Z,0.0,-27.375,311.375,NaN
2024-08-12T12:00:00Z,0.0,-27.375,311.625,17.369999
2024-08-13T12:00:00Z,0.0,-27.875,311.125,NaN
2024-08-13T12:00:00Z,0.0,-27.875,311.375,NaN
2024-08-13T12:00:00Z,0.0,-27.875,311.625,17.82
2024-08-13T12:00:00Z,0.0,-27.625,311.125,NaN
2024-08-13T12:00:00Z,0.0,-27.625,311.375,NaN
2024-08-13T12:00:00Z,0.0,-27.625,311.625,17.71
2024-08-13T12:00:00Z,0.0,-27.375,311.125,NaN
2024-08-13T12:00:00Z,0.0,-27.375,311.375,NaN
2024-08-13T12:00:00Z,0.0,-27.375,311.625,17.47
2024-08-14T12:00:00Z,0.0,-27.875,311.125,NaN
2024-08-14T12:00:00Z,0.0,-27.875,311.375,NaN
2024-08-14T12:00:00Z,0.0,-27.875,311.625,17.9
2024-08-14T12:00:00Z,0.0,-27.625,311.125,NaN
2024-08-14T12:00:00Z,0.0,-27.625,311.375,NaN
2024-08-14T12:00:00Z,0.0,-27.625,311.625,17.859999
2024-08-14T12:00:00Z,0.0,-27.375,311.125,NaN
2024-08-14T12:00:00Z,0.0,-27.375,311.375,NaN
2024-08-14T12:00:00Z,0.0,-27.375,311.625,17.68
2024-08-15T12:00:00Z,0.0,-27.875,311.125,NaN
2024-08-15T12:00:00Z,0.0,-27.875,311.375,NaN
2024-08-15T12:00:00Z,0.0,-27.875,311.625,18.13
2024-08-15T12:00:00Z,0.0,-27.625,311.125,NaN
2024-08-15T12:00:00Z,0.0,-27.625,311.375,NaN
2024-08-15T12:00:00Z,0.0,-27.625,311.625,18.08
2024-08-15T12:00:00Z,0.0,-27.375,311.125,NaN
2024-08-15T12:00:00Z,0.0,-27.375,311.375,NaN
2024-08-15T12:00:00Z,0.0,-27.375,311.625,17.92
2024-08-16T12:00:00Z,0.0,-27.875,311.125,NaN
2024-08-16T12:00:00Z,0.0,-27.875,311.375,NaN
2024-08-16T12:00:00Z,0.0,-27.875,311.625,18.32
2024-08-16T12:00:00Z,0.0,-27.625,311.125,NaN
2024-08-16T12:00:00Z,0.0,-27.625,311.375,NaN
2024-08-16T12:00:00Z,0.0,-27.625,311.625,18.279999
2024-08-16T12:00:00Z,0.0,-27.375,311.125,NaN
2024-08-16T12:00:00Z,0.0,-27.375,311.375,NaN
2024-08-16T12:00:00Z,0.0,-27.375,311.625,18.109999
2024-08-17T12:00:00Z,0.0,-27.875,311.125,NaN
2024-08-17T12:00:00Z,0.0,-27.875,311.375,NaN
2024-08-17T12:00:00Z,0.0,-27.875,311.625,18.26
2024-08-17T12:00:00Z,0.0,-27.625,311.125,NaN
2024-08-17T12:00:00Z,0.0,-27.625,311.375,NaN
2024-08-17T12:00:00Z,0.0,-27.625,311.625,18.27
2024-08-17T12:00:00Z,0.0,-27.375,311.125,NaN
2024-08-17T12:00:00Z,0.0,-27.375,311.375,NaN
2024-08-17T12:00:00Z,0.0,-27.375,311.625,18.15
2024-08-18T12:00:00Z,0.0,-27.875,311.125,NaN
2024-08-18T12:00:00Z,0.0,-27.875,311.375,NaN
2024-08-18T12:00:00Z,0.0,-27.875,311.625,18.44
2024-08-18T12:00:00Z,0.0,-27.625,311.125,NaN
2024-08-18T12:00:00Z,0.0,-27.625,311.375,NaN
2024-08-18T12:00:00Z,0.0,-27.625,311.625,18.449999
2024-08-18T12:00:00Z,0.0,-27.375,311.125,NaN
2024-08-18T12:00:00Z,0.0,-27.375,311.375,NaN
2024-08-18T12:00:00Z,0.0,-27.375,311.625,18.32
2024-08-19T12:00:00Z,0.0,-27.875,311.125,NaN
2024-08-19T12:00:00Z,0.0,-27.875,311.375,NaN
2024-08-19T12:00:00Z,0.0,-27.875,311.625,18.779999
2024-08-19T12:00:00Z,0.0,-27.625,311.125,NaN
2024-08-19T12:00:00Z,0.0,-27.625,311.375,NaN
2024-08-19T12:00:00Z,0.0,-27.625,311.625,18.82
2024-08-19T12:00:00Z,0.0,-27.375,311.125,NaN
2024-08-19T12:00:00Z,0.0,-27.375,311.375,NaN
2024-08-19T12:00:00Z,0.0,-27.375,311.625,18.77
2024-08-20T12:00:00Z,0.0,-27.875,311.125,NaN
2024-08-20T12:00:00Z,0.0,-27.875,311.375,NaN
2024-08-20T12:00:00Z,0.0,-27.875,311.625,18.52
2024-08-20T12:00:00Z,0.0,-27.625,311.125,NaN
2024-08-20T12:00:00Z,0.0,-27.625,311.375,NaN
2024-08-20T12:00:00Z,0.0,-27.625,311.625,18.58
2024-08-20T12:00:00Z,0.0,-27.375,311.125,NaN
2024-08-20T12:00:00Z,0.0,-27.375,311.375,NaN
2024-08-20T12:00:00Z,0.0,-27.375,311.625,18.58
2024-08-21T12:00:00Z,0.0,-27.875,311.125,NaN
2024-08-21T12:00:00Z,0.0,-27.875,311.375,NaN
2024-08-21T12:00:00Z,0.0,-27.875,311.625,18.619999
2024-08-21T12:00:00Z,0.0,-27.625,311.125,NaN
2024-08-21T12:00:00Z,0.0,-27.625,311.375,NaN
2024-08-21T12:00:00Z,0.0,-27.625,311.625,18.72
2024-08-21T12:00:00Z,0.0,-27.375,311.125,NaN
2024-08-21T12:00:00Z,0.0,-27.375,311.375,NaN
2024-08-21T12:00:00Z,0.0,-27.375,311.625,18.72
2024-08-22T12:00:00Z,0.0,-27.875,311.125,NaN
2024-08-22T12:00:00Z,0.0,-27.875,311.375,NaN
2024-08-22T12:00:00Z,0.0,-27.875,311.625,18.77
2024-08-22T12:00:00Z,0.0,-27.625,311.125,NaN
2024-08-22T12:00:00Z,0.0,-27.625,311.375,NaN
2024-08-22T12:00:00Z,0.0,-27.625,311.625,18.88
2024-08-22T12:00:00Z,0.0,-27.375,311.125,NaN
2024-08-22T12:00:00Z,0.0,-27.375,311.375,NaN
2024-08-22T12:00:00Z,0.0,-27.375,311.625,18.89
2024-08-23T12:00:00Z,0.0,-27.875,311.125,NaN
2024-08-23T12:00:00Z,0.0,-27.875,311.375,NaN
2024-08-23T12:00:00Z,0.0,-27.875,311.625,18.65
2024-08-23T12:00:00Z,0.0,-27.625,311.125,NaN
2024-08-23T12:00:00Z,0.0,-27.625,311.375,NaN
2024-08-23T12:00:00Z,0.0,-27.625,311.625,18.76
2024-08-23T12:00:00Z,0.0,-27.375,311.125,NaN
2024-08-23T12:00:00Z,0.0,-27.375,311.375,NaN
2024-08-23T12:00:00Z,0.0,-27.375,311.625,18.74
2024-08-24T12:00:00Z,0.0,-27.875,311.125,NaN
2024-08-24T12:00:00Z,0.0,-27.875,311.375,NaN
2024-08-24T12:00:00Z,0.0,-27.875,311.625,18.539999
2024-08-24T12:00:00Z,0.0,-27.625,311.125,NaN
2024-08-24T12:00:00Z,0.0,-27.625,311.375,NaN
2024-08-24T12:00:00Z,0.0,-27.625,311.625,18.67
2024-08-24T12:00:00Z,0.0,-27.375,311.125,NaN
2024-08-24T12:00:00Z,0.0,-27.375,311.375,NaN
2024-08-24T12:00:00Z,0.0,-27.375,311.625,18.64
2024-08-25T12:00:00Z,0.0,-27.875,311.125,NaN
2024-08-25T12:00:00Z,0.0,-27.875,311.375,NaN
2024-08-25T12:00:00Z,0.0,-27.875,311.625,18.33
2024-08-25T12:00:00Z,0.0,-27.625,311.125,NaN
2024-08-25T12:00:00Z,0.0,-27.625,311.375,NaN
2024-08-25T12:00:00Z,0.0,-27.625,311.625,18.43
2024-08-25T12:00:00Z,0.0,-27.375,311.125,NaN
2024-08-25T12:00:00Z,0.0,-27.375,311.375,NaN
2024-08-25T12:00:00Z,0.0,-27.375,311.625,18.449999
2024-08-26T12:00:00Z,0.0,-27.875,311.125,NaN
2024-08-26T12:00:00Z,0.0,-27.875,311.375,NaN
2024-08-26T12:00:00Z,0.0,-27.875,311.625,18.199999
2024-08-26T12:00:00Z,0.0,-27.625,311.125,NaN
2024-08-26T12:00:00Z,0.0,-27.625,311.375,NaN
2024-08-26T12:00:00Z,0.0,-27.625,311.625,18.32
2024-08-26T12:00:00Z,0.0,-27.375,311.125,NaN
2024-08-26T12:00:00Z,0.0,-27.375,311.375,NaN
2024-08-26T12:00:00Z,0.0,-27.375,311.625,18.4
2024-08-27T12:00:00Z,0.0,-27.875,311.125,NaN
2024-08-27T12:00:00Z,0.0,-27.875,311.375,NaN
2024-08-27T12:00:00Z,0.0,-27.875,311.625,18.039999
2024-08-27T12:00:00Z,0.0,-27.625,311.125,NaN
2024-08-27T12:00:00Z,0.0,-27.625,311.375,NaN
2024-08-27T12:00:00Z,0.0,-27.625,311.625,18.23
2024-08-27T12:00:00Z,0.0,-27.375,311.125,NaN
2024-08-27T12:00:00Z,0.0,-27.375,311.375,NaN
2024-08-27T12:00:00Z,0.0,-27.375,311.625,18.359999
2024-08-28T12:00:00Z,0.0,-27.875,311.125,NaN
2024-08-28T12:00:00Z,0.0,-27.875,311.375,NaN
2024-08-28T12:00:00Z,0.0,-27.875,311.625,17.949999
2024-08-28T12:00:00Z,0.0,-27.625,311.125,NaN
2024-08-28T12:00:00Z,0.0,-27.625,311.375,NaN
2024-08-28T12:00:00Z,0.0,-27.625,311.625,18.16
2024-08-28T12:00:00Z,0.0,-27.375,311.125,NaN
2024-08-28T12:00:00Z,0.0,-27.375,311.375,NaN
2024-08-28T12:00:00Z,0.0,-27.375,311.625,18.32
2024-08-29T12:00:00Z,0.0,-27.875,311.125,NaN
2024-08-29T12:00:00Z,0.0,-27.875,311.375,NaN
2024-08-29T12:00:00Z,0.0,-27.875,311.625,17.96
2024-08-29T12:00:00Z,0.0,-27.625,311.125,NaN
2024-08-29T12:00:00Z,0.0,-27.625,311.375,NaN
2024-08-29T12:00:00Z,0.0,-27.625,311.625,18.18
2024-08-29T12:00:00Z,0.0,-27.375,311.125,NaN
2024-08-29T12:00:00Z,0.0,-27.375,311.375,NaN
2024-08-29T12:00:00Z,0.0,-27.375,311.625,18.369999
2024-08-30T12:00:00Z,0.0,-27.875,311.125,NaN
2024-08-30T12:00:00Z,0.0,-27.875,311.375,NaN
2024-08-30T12:00:00Z,0.0,-27.875,311.625,18.14
2024-08-30T12:00:00Z,0.0,-27.625,311.125,NaN
2024-08-30T12:00:00Z,0.0,-27.625,311.375,NaN
2024-08-30T12:00:00Z,0.0,-27.625,311.625,18.39
2024-08-30T12:00:00Z,0.0,-27.375,311.125,NaN
2024-08-30T12:00:00Z,0.0,-27.375,311.375,NaN
2024-08-30T12:00:00Z,0.0,-27.375,311.625,18.57
2024-08-31T12:00:00Z,0.0,-27.875,311.125,NaN
2024-08-31T12:00:00Z,0.0,-27.875,311.375,NaN
2024-08-31T12:00:00Z,0.0,-27.875,311.625,18.19
2024-08-31T12:00:00Z,0.0,-27.625,311.125,NaN
2024-08-31T12:00:00Z,0.0,-27.625,311.375,NaN
2024-08-31T12:00:00Z,0.0,-27.625,311.625,18.42
2024-08-31T12:00:00Z,0.0,-27.375,311.125,NaN
2024-08-31T12:00:00Z,0.0,-27.375,311.375,NaN
2024-08-31T12:00:00Z,0.0,-27.375,311.625,18.58
2024-09-01T12:00:00Z,0.0,-27.875,311.125,NaN
2024-09-01T12:00:00Z,0.0,-27.875,311.375,NaN
2024-09-01T12:00:00Z,0.0,-27.875,311.625,18.4
2024-09-01T12:00:00Z,0.0,-27.625,311.125,NaN
2024-09-01T12:00:00Z,0.0,-27.625,311.375,NaN
2024-09-01T12:00:00Z,0.0,-27.625,311.625,18.56
2024-09-01T12:00:00Z,0.0,-27.375,311.125,NaN
2024-09-01T12:00:00Z,0.0,-27.375,311.375,NaN
2024-09-01T12:00:00Z,0.0,-27.375,311.625,18.71
2024-09-02T12:00:00Z,0.0,-27.875,311.125,NaN
2024-09-02T12:00:00Z,0.0,-27.875,311.375,NaN
2024-09-02T12:00:00Z,0.0,-27.875,311.625,18.65
2024-09-02T12:00:00Z,0.0,-27.625,311.125,NaN
2024-09-02T12:00:00Z,0.0,-27.625,311.375,NaN
2024-09-02T12:00:00Z,0.0,-27.625,311.625,18.81
2024-09-02T12:00:00Z,0.0,-27.375,311.125,NaN
2024-09-02T12:00:00Z,0.0,-27.375,311.375,NaN
2024-09-02T12:00:00Z,0.0,-27.375,311.625,18.949999
2024-09-03T12:00:00Z,0.0,-27.875,311.125,NaN
2024-09-03T12:00:00Z,0.0,-27.875,311.375,NaN
2024-09-03T12:00:00Z,0.0,-27.875,311.625,18.939999
2024-09-03T12:00:00Z,0.0,-27.625,311.125,NaN
2024-09-03T12:00:00Z,0.0,-27.625,311.375,NaN
2024-09-03T12:00:00Z,0.0,-27.625,311.625,19.07
2024-09-03T12:00:00Z,0.0,-27.375,311.125,NaN
2024-09-03T12:00:00Z,0.0,-27.375,311.375,NaN
2024-09-03T12:00:00Z,0.0,-27.375,311.625,19.18
2024-09-04T12:00:00Z,0.0,-27.875,311.125,NaN
2024-09-04T12:00:00Z,0.0,-27.875,311.375,NaN
2024-09-04T12:00:00Z,0.0,-27.875,311.625,19.01
2024-09-04T12:00:00Z,0.0,-27.625,311.125,NaN
2024-09-04T12:00:00Z,0.0,-27.625,311.375,NaN
2024-09-04T12:00:00Z,0.0,-27.625,311.625,19.14
2024-09-04T12:00:00Z,0.0,-27.375,311.125,NaN
2024-09-04T12:00:00Z,0.0,-27.375,311.375,NaN
2024-09-04T12:00:00Z,0.0,-27.375,311.625,19.289999
2024-09-05T12:00:00Z,0.0,-27.875,311.125,NaN
2024-09-05T12:00:00Z,0.0,-27.875,311.375,NaN
2024-09-05T12:00:00Z,0.0,-27.875,311.625,18.89
2024-09-05T12:00:00Z,0.0,-27.625,311.125,NaN
2024-09-05T12:00:00Z,0.0,-27.625,311.375,NaN
2024-09-05T12:00:00Z,0.0,-27.625,311.625,18.98
2024-09-05T12:00:00Z,0.0,-27.375,311.125,NaN
2024-09-05T12:00:00Z,0.0,-27.375,311.375,NaN
2024-09-05T12:00:00Z,0.0,-27.375,311.625,19.08
2024-09-06T12:00:00Z,0.0,-27.875,311.125,NaN
2024-09-06T12:00:00Z,0.0,-27.875,311.375,NaN
2024-09-06T12:00:00Z,0.0,-27.875,311.625,18.81
2024-09-06T12:00:00Z,0.0,-27.625,311.125,NaN
2024-09-06T12:00:00Z,0.0,-27.625,311.375,NaN
2024-09-06T12:00:00Z,0.0,-27.625,311.625,18.869999
2024-09-06T12:00:00Z,0.0,-27.375,311.125,NaN
2024-09-06T12:00:00Z,0.0,-27.375,311.375,NaN
2024-09-06T12:00:00Z,0.0,-27.375,311.625,18.96
2024-09-07T12:00:00Z,0.0,-27.875,311.125,NaN
2024-09-07T12:00:00Z,0.0,-27.875,311.375,NaN
2024-09-07T12:00:00Z,0.0,-27.875,311.625,18.74
2024-09-07T12:00:00Z,0.0,-27.625,311.125,NaN
2024-09-07T12:00:00Z,0.0,-27.625,311.375,NaN
2024-09-07T12:00:00Z,0.0,-27.625,311.625,18.789999
2024-09-07T12:00:00Z,0.0,-27.375,311.125,NaN
2024-09-07T12:00:00Z,0.0,-27.375,311.375,NaN
2024-09-07T12:00:00Z,0.0,-27.375,311.625,18.869999
2024-09-08T12:00:00Z,0.0,-27.875,311.125,NaN
2024-09-08T12:00:00Z,0.0,-27.875,311.375,NaN
2024-09-08T12:00:00Z,0.0,-27.875,311.625,18.869999
2024-09-08T12:00:00Z,0.0,-27.625,311.125,NaN
2024-09-08T12:00:00Z,0.0,-27.625,311.375,NaN
2024-09-08T12:00:00Z,0.0,-27.625,311.625,19.01
2024-09-08T12:00:00Z,0.0,-27.375,311.125,NaN
2024-09-08T12:00:00Z,0.0,-27.375,311.375,NaN
2024-09-08T12:00:00Z,0.0,-27.375,311.625,19.08
2024-09-09T12:00:00Z,0.0,-27.875,311.125,NaN
2024-09-09T12:00:00Z,0.0,-27.875,311.375,NaN
2024-09-09T12:00:00Z,0.0,-27.875,311.625,18.85
2024-09-09T12:00:00Z,0.0,-27.625,311.125,NaN
2024-09-09T12:00:00Z,0.0,-27.625,311.375,NaN
2024-09-09T12:00:00Z,0.0,-27.625,311.625,19.08
2024-09-09T12:00:00Z,0.0,-27.375,311.125,NaN
2024-09-09T12:00:00Z,0.0,-27.375,311.375,NaN
2024-09-09T12:00:00Z,0.0,-27.375,311.625,19.26
2024-09-10T12:00:00Z,0.0,-27.875,311.125,NaN
2024-09-10T12:00:00Z,0.0,-27.875,311.375,NaN
2024-09-10T12:00:00Z,0.0,-27.875,311.625,19.34
2024-09-10T12:00:00Z,0.0,-27.625,311.125,NaN
2024-09-10T12:00:00Z,0.0,-27.625,311.375,NaN
2024-09-10T12:00:00Z,0.0,-27.625,311.625,19.539999
2024-09-10T12:00:00Z,0.0,-27.375,311.125,NaN
2024-09-10T12:00:00Z,0.0,-27.375,311.375,NaN
2024-09-10T12:00:00Z,0.0,-27.375,311.625,19.71
2024-09-11T12:00:00Z,0.0,-27.875,311.125,NaN
2024-09-11T12:00:00Z,0.0,-27.875,311.375,NaN
2024-09-11T12:00:00Z,0.0,-27.875,311.625,19.35
2024-09-11T12:00:00Z,0.0,-27.625,311.125,NaN
2024-09-11T12:00:00Z,0.0,-27.625,311.375,NaN
2024-09-11T12:00:00Z,0.0,-27.625,311.625,19.46
2024-09-11T12:00:00Z,0.0,-27.375,311.125,NaN
2024-09-11T12:00:00Z,0.0,-27.375,311.375,NaN
2024-09-11T12:00:00Z,0.0,-27.375,311.625,19.57
2024-09-12T12:00:00Z,0.0,-27.875,311.125,NaN
2024-09-12T12:00:00Z,0.0,-27.875,311.375,NaN
2024-09-12T12:00:00Z,0.0,-27.875,311.625,19.289999
2024-09-12T12:00:00Z,0.0,-27.625,311.125,NaN
2024-09-12T12:00:00Z,0.0,-27.625,311.375,NaN
2024-09-12T12:00:00Z,0.0,-27.625,311.625,19.3
2024-09-12T12:00:00Z,0.0,-27.375,311.125,NaN
2024-09-12T12:00:00Z,0.0,-27.375,311.375,NaN
2024-09-12T12:00:00Z,0.0,-27.375,311.625,19.39
2024-09-13T12:00:00Z,0.0,-27.875,311.125,NaN
2024-09-13T12:00:00Z,0.0,-27.875,311.375,NaN
2024-09-13T12:00:00Z,0.0,-27.875,311.625,19.18
2024-09-13T12:00:00Z,0.0,-27.625,311.125,NaN
2024-09-13T12:00:00Z,0.0,-27.625,311.375,NaN
2024-09-13T12:00:00Z,0.0,-27.625,311.625,19.16
2024-09-13T12:00:00Z,0.0,-27.375,311.125,NaN
2024-09-13T12:00:00Z,0.0,-27.375,311.375,NaN
2024-09-13T12:00:00Z,0.0,-27.375,311.625,19.18
2024-09-14T12:00:00Z,0.0,-27.875,311.125,NaN
2024-09-14T12:00:00Z,0.0,-27.875,311.375,NaN
2024-09-14T12:00:00Z,0.0,-27.875,311.625,18.92
2024-09-14T12:00:00Z,0.0,-27.625,311.125,NaN
2024-09-14T12:00:00Z,0.0,-27.625,311.375,NaN
2024-09-14T12:00:00Z,0.0,-27.625,311.625,18.93
2024-09-14T12:00:00Z,0.0,-27.375,311.125,NaN
2024-09-14T12:00:00Z,0.0,-27.375,311.375,NaN
2024-09-14T12:00:00Z,0.0,-27.375,311.625,18.96
2024-09-15T12:00:00Z,0.0,-27.875,311.125,NaN
2024-09-15T12:00:00Z,0.0,-27.875,311.375,NaN
2024-09-15T12:00:00Z,0.0,-27.875,311.625,18.84
2024-09-15T12:00:00Z,0.0,-27.625,311.125,NaN
2024-09-15T12:00:00Z,0.0,-27.625,311.375,NaN
2024-09-15T12:00:00Z,0.0,-27.625,311.625,18.84
2024-09-15T12:00:00Z,0.0,-27.375,311.125,NaN
2024-09-15T12:00:00Z,0.0,-27.375,311.375,NaN
2024-09-15T12:00:00Z,0.0,-27.375,311.625,18.84
2024-09-16T12:00:00Z,0.0,-27.875,311.125,NaN
2024-09-16T12:00:00Z,0.0,-27.875,311.375,NaN
2024-09-16T12:00:00Z,0.0,-27.875,311.625,18.65
2024-09-16T12:00:00Z,0.0,-27.625,311.125,NaN
2024-09-16T12:00:00Z,0.0,-27.625,311.375,NaN
2024-09-16T12:00:00Z,0.0,-27.625,311.625,18.72
2024-09-16T12:00:00Z,0.0,-27.375,311.125,NaN
2024-09-16T12:00:00Z,0.0,-27.375,311.375,NaN
2024-09-16T12:00:00Z,0.0,-27.375,311.625,18.859999
2024-09-17T12:00:00Z,0.0,-27.875,311.125,NaN
2024-09-17T12:00:00Z,0.0,-27.875,311.375,NaN
2024-09-17T12:00:00Z,0.0,-27.875,311.625,18.65
2024-09-17T12:00:00Z,0.0,-27.625,311.125,NaN
2024-09-17T12:00:00Z,0.0,-27.625,311.375,NaN
2024-09-17T12:00:00Z,0.0,-27.625,311.625,18.74
2024-09-17T12:00:00Z,0.0,-27.375,311.125,NaN
2024-09-17T12:00:00Z,0.0,-27.375,311.375,NaN
2024-09-17T12:00:00Z,0.0,-27.375,311.625,18.89
2024-09-18T12:00:00Z,0.0,-27.875,311.125,NaN
2024-09-18T12:00:00Z,0.0,-27.875,311.375,NaN
2024-09-18T12:00:00Z,0.0,-27.875,311.625,18.699999
2024-09-18T12:00:00Z,0.0,-27.625,311.125,NaN
2024-09-18T12:00:00Z,0.0,-27.625,311.375,NaN
2024-09-18T12:00:00Z,0.0,-27.625,311.625,18.859999
2024-09-18T12:00:00Z,0.0,-27.375,311.125,NaN
2024-09-18T12:00:00Z,0.0,-27.375,311.375,NaN
2024-09-18T12:00:00Z,0.0,-27.375,311.625,19.039999
2024-09-19T12:00:00Z,0.0,-27.875,311.125,NaN
2024-09-19T12:00:00Z,0.0,-27.875,311.375,NaN
2024-09-19T12:00:00Z,0.0,-27.875,311.625,18.46
2024-09-19T12:00:00Z,0.0,-27.625,311.125,NaN
2024-09-19T12:00:00Z,0.0,-27.625,311.375,NaN
2024-09-19T12:00:00Z,0.0,-27.625,311.625,18.68
2024-09-19T12:00:00Z,0.0,-27.375,311.125,NaN
2024-09-19T12:00:00Z,0.0,-27.375,311.375,NaN
2024-09-19T12:00:00Z,0.0,-27.375,311.625,18.93
2024-09-20T12:00:00Z,0.0,-27.875,311.125,NaN
2024-09-20T12:00:00Z,0.0,-27.875,311.375,NaN
2024-09-20T12:00:00Z,0.0,-27.875,311.625,18.48
2024-09-20T12:00:00Z,0.0,-27.625,311.125,NaN
2024-09-20T12:00:00Z,0.0,-27.625,311.375,NaN
2024-09-20T12:00:00Z,0.0,-27.625,311.625,18.64
2024-09-20T12:00:00Z,0.0,-27.375,311.125,NaN
2024-09-20T12:00:00Z,0.0,-27.375,311.375,NaN
2024-09-20T12:00:00Z,0.0,-27.375,311.625,18.83
2024-09-21T12:00:00Z,0.0,-27.875,311.125,NaN
2024-09-21T12:00:00Z,0.0,-27.875,311.375,NaN
2024-09-21T12:00:00Z,0.0,-27.875,311.625,18.76
2024-09-21T12:00:00Z,0.0,-27.625,311.125,NaN
2024-09-21T12:00:00Z,0.0,-27.625,311.375,NaN
2024-09-21T12:00:00Z,0.0,-27.625,311.625,18.939999
2024-09-21T12:00:00Z,0.0,-27.375,311.125,NaN
2024-09-21T12:00:00Z,0.0,-27.375,311.375,NaN
2024-09-21T12:00:00Z,0.0,-27.375,311.625,19.24
2024-09-22T12:00:00Z,0.0,-27.875,311.125,NaN
2024-09-22T12:00:00Z,0.0,-27.875,311.375,NaN
2024-09-22T12:00:00Z,0.0,-27.875,311.625,18.76
2024-09-22T12:00:00Z,0.0,-27.625,311.125,NaN
2024-09-22T12:00:00Z,0.0,-27.625,311.375,NaN
2024-09-22T12:00:00Z,0.0,-27.625,311.625,19.05
2024-09-22T12:00:00Z,0.0,-27.375,311.125,NaN
2024-09-22T12:00:00Z,0.0,-27.375,311.375,NaN
2024-09-22T12:00:00Z,0.0,-27.375,311.625,19.42
2024-09-23T12:00:00Z,0.0,-27.875,311.125,NaN
2024-09-23T12:00:00Z,0.0,-27.875,311.375,NaN
2024-09-23T12:00:00Z,0.0,-27.875,311.625,18.68
2024-09-23T12:00:00Z,0.0,-27.625,311.125,NaN
2024-09-23T12:00:00Z,0.0,-27.625,311.375,NaN
2024-09-23T12:00:00Z,0.0,-27.625,311.625,19.13
2024-09-23T12:00:00Z,0.0,-27.375,311.125,NaN
2024-09-23T12:00:00Z,0.0,-27.375,311.375,NaN
2024-09-23T12:00:00Z,0.0,-27.375,311.625,19.5
2024-09-24T12:00:00Z,0.0,-27.875,311.125,NaN
2024-09-24T12:00:00Z,0.0,-27.875,311.375,NaN
2024-09-24T12:00:00Z,0.0,-27.875,311.625,18.85
2024-09-24T12:00:00Z,0.0,-27.625,311.125,NaN
2024-09-24T12:00:00Z,0.0,-27.625,311.375,NaN
2024-09-24T12:00:00Z,0.0,-27.625,311.625,19.359999
2024-09-24T12:00:00Z,0.0,-27.375,311.125,NaN
2024-09-24T12:00:00Z,0.0,-27.375,311.375,NaN
2024-09-24T12:00:00Z,0.0,-27.375,311.625,19.859999
2024-09-25T12:00:00Z,0.0,-27.875,311.125,NaN
2024-09-25T12:00:00Z,0.0,-27.875,311.375,NaN
2024-09-25T12:00:00Z,0.0,-27.875,311.625,19.359999
2024-09-25T12:00:00Z,0.0,-27.625,311.125,NaN
2024-09-25T12:00:00Z,0.0,-27.625,311.375,NaN
2024-09-25T12:00:00Z,0.0,-27.625,311.625,19.73
2024-09-25T12:00:00Z,0.0,-27.375,311.125,NaN
2024-09-25T12:00:00Z,0.0,-27.375,311.375,NaN
2024-09-25T12:00:00Z,0.0,-27.375,311.625,19.96
2024-09-26T12:00:00Z,0.0,-27.875,311.125,NaN
2024-09-26T12:00:00Z,0.0,-27.875,311.375,NaN
2024-09-26T12:00:00Z,0.0,-27.875,311.625,19.72
2024-09-26T12:00:00Z,0.0,-27.625,311.125,NaN
2024-09-26T12:00:00Z,0.0,-27.625,311.375,NaN
2024-09-26T12:00:00Z,0.0,-27.625,311.625,20.0
2024-09-26T12:00:00Z,0.0,-27.375,311.125,NaN
2024-09-26T12:00:00Z,0.0,-27.375,311.375,NaN
2024-09-26T12:00:00Z,0.0,-27.375,311.625,20.17
2024-09-27T12:00:00Z,0.0,-27.875,311.125,NaN
2024-09-27T12:00:00Z,0.0,-27.875,311.375,NaN
2024-09-27T12:00:00Z,0.0,-27.875,311.625,19.99
2024-09-27T12:00:00Z,0.0,-27.625,311.125,NaN
2024-09-27T12:00:00Z,0.0,-27.625,311.375,NaN
2024-09-27T12:00:00Z,0.0,-27.625,311.625,20.26
2024-09-27T12:00:00Z,0.0,-27.375,311.125,NaN
2024-09-27T12:00:00Z,0.0,-27.375,311.375,NaN
2024-09-27T12:00:00Z,0.0,-27.375,311.625,20.42
2024-09-28T12:00:00Z,0.0,-27.875,311.125,NaN
2024-09-28T12:00:00Z,0.0,-27.875,311.375,NaN
2024-09-28T12:00:00Z,0.0,-27.875,311.625,20.21
2024-09-28T12:00:00Z,0.0,-27.625,311.125,NaN
2024-09-28T12:00:00Z,0.0,-27.625,311.375,NaN
2024-09-28T12:00:00Z,0.0,-27.625,311.625,20.449999
2024-09-28T12:00:00Z,0.0,-27.375,311.125,NaN
2024-09-28T12:00:00Z,0.0,-27.375,311.375,NaN
2024-09-28T12:00:00Z,0.0,-27.375,311.625,20.59
2024-09-29T12:00:00Z,0.0,-27.875,311.125,NaN
2024-09-29T12:00:00Z,0.0,-27.875,311.375,NaN
2024-09-29T12:00:00Z,0.0,-27.875,311.625,20.3
2024-09-29T12:00:00Z,0.0,-27.625,311.125,NaN
2024-09-29T12:00:00Z,0.0,-27.625,311.375,NaN
2024-09-29T12:00:00Z,0.0,-27.625,311.625,20.5
2024-09-29T12:00:00Z,0.0,-27.375,311.125,NaN
2024-09-29T12:00:00Z,0.0,-27.375,311.375,NaN
2024-09-29T12:00:00Z,0.0,-27.375,311.625,20.63
2024-09-30T12:00:00Z,0.0,-27.875,311.125,NaN
2024-09-30T12:00:00Z,0.0,-27.875,311.375,NaN
2024-09-30T12:00:00Z,0.0,-27.875,311.625,20.32
2024-09-30T12:00:00Z,0.0,-27.625,311.125,NaN
2024-09-30T12:00:00Z,0.0,-27.625,311.375,NaN
2024-09-30T12:00:00Z,0.0,-27.625,311.625,20.5
2024-09-30T12:00:00Z,0.0,-27.375,311.125,NaN
2024-09-30T12:00:00Z,0.0,-27.375,311.375,NaN
2024-09-30T12:00:00Z,0.0,-27.375,311.625,20.619999
2024-10-01T12:00:00Z,0.0,-27.875,311.125,NaN
2024-10-01T12:00:00Z,0.0,-27.875,311.375,NaN
2024-10-01T12:00:00Z,0.0,-27.875,311.625,20.619999
2024-10-01T12:00:00Z,0.0,-27.625,311.125,NaN
2024-10-01T12:00:00Z,0.0,-27.625,311.375,NaN
2024-10-01T12:00:00Z,0.0,-27.625,311.625,20.65
2024-10-01T12:00:00Z,0.0,-27.375,311.125,NaN
2024-10-01T12:00:00Z,0.0,-27.375,311.375,NaN
2024-10-01T12:00:00Z,0.0,-27.375,311.625,20.66
2024-10-02T12:00:00Z,0.0,-27.875,311.125,NaN
2024-10-02T12:00:00Z,0.0,-27.875,311.375,NaN
2024-10-02T12:00:00Z,0.0,-27.875,311.625,20.91
2024-10-02T12:00:00Z,0.0,-27.625,311.125,NaN
2024-10-02T12:00:00Z,0.0,-27.625,311.375,NaN
2024-10-02T12:00:00Z,0.0,-27.625,311.625,20.83
2024-10-02T12:00:00Z,0.0,-27.375,311.125,NaN
2024-10-02T12:00:00Z,0.0,-27.375,311.375,NaN
2024-10-02T12:00:00Z,0.0,-27.375,311.625,20.859999
2024-10-03T12:00:00Z,0.0,-27.875,311.125,NaN
2024-10-03T12:00:00Z,0.0,-27.875,311.375,NaN
2024-10-03T12:00:00Z,0.0,-27.875,311.625,20.65
2024-10-03T12:00:00Z,0.0,-27.625,311.125,NaN
2024-10-03T12:00:00Z,0.0,-27.625,311.375,NaN
2024-10-03T12:00:00Z,0.0,-27.625,311.625,20.71
2024-10-03T12:00:00Z,0.0,-27.375,311.125,NaN
2024-10-03T12:00:00Z,0.0,-27.375,311.375,NaN
2024-10-03T12:00:00Z,0.0,-27.375,311.625,20.789999
2024-10-04T12:00:00Z,0.0,-27.875,311.125,NaN
2024-10-04T12:00:00Z,0.0,-27.875,311.375,NaN
2024-10-04T12:00:00Z,0.0,-27.875,311.625,20.55
2024-10-04T12:00:00Z,0.0,-27.625,311.125,NaN
2024-10-04T12:00:00Z,0.0,-27.625,311.375,NaN
2024-10-04T12:00:00Z,0.0,-27.625,311.625,20.699999
2024-10-04T12:00:00Z,0.0,-27.375,311.125,NaN
2024-10-04T12:00:00Z,0.0,-27.375,311.375,NaN
2024-10-04T12:00:00Z,0.0,-27.375,311.625,20.869999
2024-10-05T12:00:00Z,0.0,-27.875,311.125,NaN
2024-10-05T12:00:00Z,0.0,-27.875,311.375,NaN
2024-10-05T12:00:00Z,0.0,-27.875,311.625,20.59
2024-10-05T12:00:00Z,0.0,-27.625,311.125,NaN
2024-10-05T12:00:00Z,0.0,-27.625,311.375,NaN
2024-10-05T12:00:00Z,0.0,-27.625,311.625,20.73
2024-10-05T12:00:00Z,0.0,-27.375,311.125,NaN
2024-10-05T12:00:00Z,0.0,-27.375,311.375,NaN
2024-10-05T12:00:00Z,0.0,-27.375,311.625,20.91
2024-10-06T12:00:00Z,0.0,-27.875,311.125,NaN
2024-10-06T12:00:00Z,0.0,-27.875,311.375,NaN
2024-10-06T12:00:00Z,0.0,-27.875,311.625,20.63
2024-10-06T12:00:00Z,0.0,-27.625,311.125,NaN
2024-10-06T12:00:00Z,0.0,-27.625,311.375,NaN
2024-10-06T12:00:00Z,0.0,-27.625,311.625,20.779999
2024-10-06T12:00:00Z,0.0,-27.375,311.125,NaN
2024-10-06T12:00:00Z,0.0,-27.375,311.375,NaN
2024-10-06T12:00:00Z,0.0,-27.375,311.625,20.99
2024-10-07T12:00:00Z,0.0,-27.875,311.125,NaN
2024-10-07T12:00:00Z,0.0,-27.875,311.375,NaN
2024-10-07T12:00:00Z,0.0,-27.875,311.625,20.71
2024-10-07T12:00:00Z,0.0,-27.625,311.125,NaN
2024-10-07T12:00:00Z,0.0,-27.625,311.375,NaN
2024-10-07T12:00:00Z,0.0,-27.625,311.625,20.91
2024-10-07T12:00:00Z,0.0,-27.375,311.125,NaN
2024-10-07T12:00:00Z,0.0,-27.375,311.375,NaN
2024-10-07T12:00:00Z,0.0,-27.375,311.625,21.17
2024-10-08T12:00:00Z,0.0,-27.875,311.125,NaN
2024-10-08T12:00:00Z,0.0,-27.875,311.375,NaN
2024-10-08T12:00:00Z,0.0,-27.875,311.625,20.779999
2024-10-08T12:00:00Z,0.0,-27.625,311.125,NaN
2024-10-08T12:00:00Z,0.0,-27.625,311.375,NaN
2024-10-08T12:00:00Z,0.0,-27.625,311.625,21.0
2024-10-08T12:00:00Z,0.0,-27.375,311.125,NaN
2024-10-08T12:00:00Z,0.0,-27.375,311.375,NaN
2024-10-08T12:00:00Z,0.0,-27.375,311.625,21.24
2024-10-09T12:00:00Z,0.0,-27.875,311.125,NaN
2024-10-09T12:00:00Z,0.0,-27.875,311.375,NaN
2024-10-09T12:00:00Z,0.0,-27.875,311.625,20.73
2024-10-09T12:00:00Z,0.0,-27.625,311.125,NaN
2024-10-09T12:00:00Z,0.0,-27.625,311.375,NaN
2024-10-09T12:00:00Z,0.0,-27.625,311.625,20.939999
2024-10-09T12:00:00Z,0.0,-27.375,311.125,NaN
2024-10-09T12:00:00Z,0.0,-27.375,311.375,NaN
2024-10-09T12:00:00Z,0.0,-27.375,311.625,21.279999
2024-10-10T12:00:00Z,0.0,-27.875,311.125,NaN
2024-10-10T12:00:00Z,0.0,-27.875,311.375,NaN
2024-10-10T12:00:00Z,0.0,-27.875,311.625,20.539999
2024-10-10T12:00:00Z,0.0,-27.625,311.125,NaN
2024-10-10T12:00:00Z,0.0,-27.625,311.375,NaN
2024-10-10T12:00:00Z,0.0,-27.625,311.625,20.81
2024-10-10T12:00:00Z,0.0,-27.375,311.125,NaN
2024-10-10T12:00:00Z,0.0,-27.375,311.375,NaN
2024-10-10T12:00:00Z,0.0,-27.375,311.625,21.26
2024-10-11T12:00:00Z,0.0,-27.875,311.125,NaN
2024-10-11T12:00:00Z,0.0,-27.875,311.375,NaN
2024-10-11T12:00:00Z,0.0,-27.875,311.625,20.92
2024-10-11T12:00:00Z,0.0,-27.625,311.125,NaN
2024-10-11T12:00:00Z,0.0,-27.625,311.375,NaN
2024-10-11T12:00:00Z,0.0,-27.625,311.625,21.15
2024-10-11T12:00:00Z,0.0,-27.375,311.125,NaN
2024-10-11T12:00:00Z,0.0,-27.375,311.375,NaN
2024-10-11T12:00:00Z,0.0,-27.375,311.625,21.5
2024-10-12T12:00:00Z,0.0,-27.875,311.125,NaN
2024-10-12T12:00:00Z,0.0,-27.875,311.375,NaN
2024-10-12T12:00:00Z,0.0,-27.875,311.625,21.01
2024-10-12T12:00:00Z,0.0,-27.625,311.125,NaN
2024-10-12T12:00:00Z,0.0,-27.625,311.375,NaN
2024-10-12T12:00:00Z,0.0,-27.625,311.625,21.18
2024-10-12T12:00:00Z,0.0,-27.375,311.125,NaN
2024-10-12T12:00:00Z,0.0,-27.375,311.375,NaN
2024-10-12T12:00:00Z,0.0,-27.375,311.625,21.449999
2024-10-13T12:00:00Z,0.0,-27.875,311.125,NaN
2024-10-13T12:00:00Z,0.0,-27.875,311.375,NaN
2024-10-13T12:00:00Z,0.0,-27.875,311.625,21.25
2024-10-13T12:00:00Z,0.0,-27.625,311.125,NaN
2024-10-13T12:00:00Z,0.0,-27.625,311.375,NaN
2024-10-13T12:00:00Z,0.0,-27.625,311.625,21.33
2024-10-13T12:00:00Z,0.0,-27.375,311.125,NaN
2024-10-13T12:00:00Z,0.0,-27.375,311.375,NaN
2024-10-13T12:00:00Z,0.0,-27.375,311.625,21.49
2024-10-14T12:00:00Z,0.0,-27.875,311.125,NaN
2024-10-14T12:00:00Z,0.0,-27.875,311.375,NaN
2024-10-14T12:00:00Z,0.0,-27.875,311.625,21.4
2024-10-14T12:00:00Z,0.0,-27.625,311.125,NaN
2024-10-14T12:00:00Z,0.0,-27.625,311.375,NaN
2024-10-14T12:00:00Z,0.0,-27.625,311.625,21.4
2024-10-14T12:00:00Z,0.0,-27.375,311.125,NaN
2024-10-14T12:00:00Z,0.0,-27.375,311.375,NaN
2024-10-14T12:00:00Z,0.0,-27.375,311.625,21.47
2024-10-15T12:00:00Z,0.0,-27.875,311.125,NaN
2024-10-15T12:00:00Z,0.0,-27.875,311.375,NaN
2024-10-15T12:00:00Z,0.0,-27.875,311.625,21.539999
2024-10-15T12:00:00Z,0.0,-27.625,311.125,NaN
2024-10-15T12:00:00Z,0.0,-27.625,311.375,NaN
2024-10-15T12:00:00Z,0.0,-27.625,311.625,21.59
2024-10-15T12:00:00Z,0.0,-27.375,311.125,NaN
2024-10-15T12:00:00Z,0.0,-27.375,311.375,NaN
2024-10-15T12:00:00Z,0.0,-27.375,311.625,21.699999
2024-10-16T12:00:00Z,0.0,-27.875,311.125,NaN
2024-10-16T12:00:00Z,0.0,-27.875,311.375,NaN
2024-10-16T12:00:00Z,0.0,-27.875,311.625,21.66
2024-10-16T12:00:00Z,0.0,-27.625,311.125,NaN
2024-10-16T12:00:00Z,0.0,-27.625,311.375,NaN
2024-10-16T12:00:00Z,0.0,-27.625,311.625,21.84
2024-10-16T12:00:00Z,0.0,-27.375,311.125,NaN
2024-10-16T12:00:00Z,0.0,-27.375,311.375,NaN
2024-10-16T12:00:00Z,0.0,-27.375,311.625,22.09
2024-10-17T12:00:00Z,0.0,-27.875,311.125,NaN
2024-10-17T12:00:00Z,0.0,-27.875,311.375,NaN
2024-10-17T12:00:00Z,0.0,-27.875,311.625,21.91
2024-10-17T12:00:00Z,0.0,-27.625,311.125,NaN
2024-10-17T12:00:00Z,0.0,-27.625,311.375,NaN
2024-10-17T12:00:00Z,0.0,-27.625,311.625,22.09
2024-10-17T12:00:00Z,0.0,-27.375,311.125,NaN
2024-10-17T12:00:00Z,0.0,-27.375,311.375,NaN
2024-10-17T12:00:00Z,0.0,-27.375,311.625,22.289999
2024-10-18T12:00:00Z,0.0,-27.875,311.125,NaN
2024-10-18T12:00:00Z,0.0,-27.875,311.375,NaN
2024-10-18T12:00:00Z,0.0,-27.875,311.625,21.96
2024-10-18T12:00:00Z,0.0,-27.625,311.125,NaN
2024-10-18T12:00:00Z,0.0,-27.625,311.375,NaN
2024-10-18T12:00:00Z,0.0,-27.625,311.625,22.1
2024-10-18T12:00:00Z,0.0,-27.375,311.125,NaN
2024-10-18T12:00:00Z,0.0,-27.375,311.375,NaN
2024-10-18T12:00:00Z,0.0,-27.375,311.625,22.25
2024-10-19T12:00:00Z,0.0,-27.875,311.125,NaN
2024-10-19T12:00:00Z,0.0,-27.875,311.375,NaN
2024-10-19T12:00:00Z,0.0,-27.875,311.625,22.08
2024-10-19T12:00:00Z,0.0,-27.625,311.125,NaN
2024-10-19T12:00:00Z,0.0,-27.625,311.375,NaN
2024-10-19T12:00:00Z,0.0,-27.625,311.625,22.22
2024-10-19T12:00:00Z,0.0,-27.375,311.125,NaN
2024-10-19T12:00:00Z,0.0,-27.375,311.375,NaN
2024-10-19T12:00:00Z,0.0,-27.375,311.625,22.35
2024-10-20T12:00:00Z,0.0,-27.875,311.125,NaN
2024-10-20T12:00:00Z,0.0,-27.875,311.375,NaN
2024-10-20T12:00:00Z,0.0,-27.875,311.625,22.32
2024-10-20T12:00:00Z,0.0,-27.625,311.125,NaN
2024-10-20T12:00:00Z,0.0,-27.625,311.375,NaN
2024-10-20T12:00:00Z,0.0,-27.625,311.625,22.49
2024-10-20T12:00:00Z,0.0,-27.375,311.125,NaN
2024-10-20T12:00:00Z,0.0,-27.375,311.375,NaN
2024-10-20T12:00:00Z,0.0,-27.375,311.625,22.66
2024-10-21T12:00:00Z,0.0,-27.875,311.125,NaN
2024-10-21T12:00:00Z,0.0,-27.875,311.375,NaN
2024-10-21T12:00:00Z,0.0,-27.875,311.625,22.46
2024-10-21T12:00:00Z,0.0,-27.625,311.125,NaN
2024-10-21T12:00:00Z,0.0,-27.625,311.375,NaN
2024-10-21T12:00:00Z,0.0,-27.625,311.625,22.699999
2024-10-21T12:00:00Z,0.0,-27.375,311.125,NaN
2024-10-21T12:00:00Z,0.0,-27.375,311.375,NaN
2024-10-21T12:00:00Z,0.0,-27.375,311.625,22.92
2024-10-22T12:00:00Z,0.0,-27.875,311.125,NaN
2024-10-22T12:00:00Z,0.0,-27.875,311.375,NaN
2024-10-22T12:00:00Z,0.0,-27.875,311.625,22.9
2024-10-22T12:00:00Z,0.0,-27.625,311.125,NaN
2024-10-22T12:00:00Z,0.0,-27.625,311.375,NaN
2024-10-22T12:00:00Z,0.0,-27.625,311.625,23.189999
2024-10-22T12:00:00Z,0.0,-27.375,311.125,NaN
2024-10-22T12:00:00Z,0.0,-27.375,311.375,NaN
2024-10-22T12:00:00Z,0.0,-27.375,311.625,23.46
2024-10-23T12:00:00Z,0.0,-27.875,311.125,NaN
2024-10-23T12:00:00Z,0.0,-27.875,311.375,NaN
2024-10-23T12:00:00Z,0.0,-27.875,311.625,23.41
2024-10-23T12:00:00Z,0.0,-27.625,311.125,NaN
2024-10-23T12:00:00Z,0.0,-27.625,311.375,NaN
2024-10-23T12:00:00Z,0.0,-27.625,311.625,23.71
2024-10-23T12:00:00Z,0.0,-27.375,311.125,NaN
2024-10-23T12:00:00Z,0.0,-27.375,311.375,NaN
2024-10-23T12:00:00Z,0.0,-27.375,311.625,23.949999
2024-10-24T12:00:00Z,0.0,-27.875,311.125,NaN
2024-10-24T12:00:00Z,0.0,-27.875,311.375,NaN
2024-10-24T12:00:00Z,0.0,-27.875,311.625,23.769999
2024-10-24T12:00:00Z,0.0,-27.625,311.125,NaN
2024-10-24T12:00:00Z,0.0,-27.625,311.375,NaN
2024-10-24T12:00:00Z,0.0,-27.625,311.625,24.06
2024-10-24T12:00:00Z,0.0,-27.375,311.125,NaN
2024-10-24T12:00:00Z,0.0,-27.375,311.375,NaN
2024-10-24T12:00:00Z,0.0,-27.375,311.625,24.289999
2024-10-25T12:00:00Z,0.0,-27.875,311.125,NaN
2024-10-25T12:00:00Z,0.0,-27.875,311.375,NaN
2024-10-25T12:00:00Z,0.0,-27.875,311.625,23.31
2024-10-25T12:00:00Z,0.0,-27.625,311.125,NaN
2024-10-25T12:00:00Z,0.0,-27.625,311.375,NaN
2024-10-25T12:00:00Z,0.0,-27.625,311.625,23.76
2024-10-25T12:00:00Z,0.0,-27.375,311.125,NaN
2024-10-25T12:00:00Z,0.0,-27.375,311.375,NaN
2024-10-25T12:00:00Z,0.0,-27.375,311.625,24.16
2024-10-26T12:00:00Z,0.0,-27.875,311.125,NaN
2024-10-26T12:00:00Z,0.0,-27.875,311.375,NaN
2024-10-26T12:00:00Z,0.0,-27.875,311.625,22.9
2024-10-26T12:00:00Z,0.0,-27.625,311.125,NaN
2024-10-26T12:00:00Z,0.0,-27.625,311.375,NaN
2024-10-26T12:00:00Z,0.0,-27.625,311.625,23.4
2024-10-26T12:00:00Z,0.0,-27.375,311.125,NaN
2024-10-26T12:00:00Z,0.0,-27.375,311.375,NaN
2024-10-26T12:00:00Z,0.0,-27.375,311.625,23.859999
2024-10-27T12:00:00Z,0.0,-27.875,311.125,NaN
2024-10-27T12:00:00Z,0.0,-27.875,311.375,NaN
2024-10-27T12:00:00Z,0.0,-27.875,311.625,22.73
2024-10-27T12:00:00Z,0.0,-27.625,311.125,NaN
2024-10-27T12:00:00Z,0.0,-27.625,311.375,NaN
2024-10-27T12:00:00Z,0.0,-27.625,311.625,23.18
2024-10-27T12:00:00Z,0.0,-27.375,311.125,NaN
2024-10-27T12:00:00Z,0.0,-27.375,311.375,NaN
2024-10-27T12:00:00Z,0.0,-27.375,311.625,23.63
2024-10-28T12:00:00Z,0.0,-27.875,311.125,NaN
2024-10-28T12:00:00Z,0.0,-27.875,311.375,NaN
2024-10-28T12:00:00Z,0.0,-27.875,311.625,22.43
2024-10-28T12:00:00Z,0.0,-27.625,311.125,NaN
2024-10-28T12:00:00Z,0.0,-27.625,311.375,NaN
2024-10-28T12:00:00Z,0.0,-27.625,311.625,22.869999
2024-10-28T12:00:00Z,0.0,-27.375,311.125,NaN
2024-10-28T12:00:00Z,0.0,-27.375,311.375,NaN
2024-10-28T12:00:00Z,0.0,-27.375,311.625,23.22
2024-10-29T12:00:00Z,0.0,-27.875,311.125,NaN
2024-10-29T12:00:00Z,0.0,-27.875,311.375,NaN
2024-10-29T12:00:00Z,0.0,-27.875,311.625,22.21
2024-10-29T12:00:00Z,0.0,-27.625,311.125,NaN
2024-10-29T12:00:00Z,0.0,-27.625,311.375,NaN
2024-10-29T12:00:00Z,0.0,-27.625,311.625,22.63
2024-10-29T12:00:00Z,0.0,-27.375,311.125,NaN
2024-10-29T12:00:00Z,0.0,-27.375,311.375,NaN
2024-10-29T12:00:00Z,0.0,-27.375,311.625,22.98
2024-10-30T12:00:00Z,0.0,-27.875,311.125,NaN
2024-10-30T12:00:00Z,0.0,-27.875,311.375,NaN
2024-10-30T12:00:00Z,0.0,-27.875,311.625,22.32
2024-10-30T12:00:00Z,0.0,-27.625,311.125,NaN
2024-10-30T12:00:00Z,0.0,-27.625,311.375,NaN
2024-10-30T12:00:00Z,0.0,-27.625,311.625,22.689999
2024-10-30T12:00:00Z,0.0,-27.375,311.125,NaN
2024-10-30T12:00:00Z,0.0,-27.375,311.375,NaN
2024-10-30T12:00:00Z,0.0,-27.375,311.625,22.99
2024-10-31T12:00:00Z,0.0,-27.875,311.125,NaN
2024-10-31T12:00:00Z,0.0,-27.875,311.375,NaN
2024-10-31T12:00:00Z,0.0,-27.875,311.625,22.42
2024-10-31T12:00:00Z,0.0,-27.625,311.125,NaN
2024-10-31T12:00:00Z,0.0,-27.625,311.375,NaN
2024-10-31T12:00:00Z,0.0,-27.625,311.625,22.76
2024-10-31T12:00:00Z,0.0,-27.375,311.125,NaN
2024-10-31T12:00:00Z,0.0,-27.375,311.375,NaN
2024-10-31T12:00:00Z,0.0,-27.375,311.625,23.06
2024-11-01T12:00:00Z,0.0,-27.875,311.125,NaN
2024-11-01T12:00:00Z,0.0,-27.875,311.375,NaN
2024-11-01T12:00:00Z,0.0,-27.875,311.625,22.439999
2024-11-01T12:00:00Z,0.0,-27.625,311.125,NaN
2024-11-01T12:00:00Z,0.0,-27.625,311.375,NaN
2024-11-01T12:00:00Z,0.0,-27.625,311.625,22.789999
2024-11-01T12:00:00Z,0.0,-27.375,311.125,NaN
2024-11-01T12:00:00Z,0.0,-27.375,311.375,NaN
2024-11-01T12:00:00Z,0.0,-27.375,311.625,23.109999
2024-11-02T12:00:00Z,0.0,-27.875,311.125,NaN
2024-11-02T12:00:00Z,0.0,-27.875,311.375,NaN
2024-11-02T12:00:00Z,0.0,-27.875,311.625,22.46
2024-11-02T12:00:00Z,0.0,-27.625,311.125,NaN
2024-11-02T12:00:00Z,0.0,-27.625,311.375,NaN
2024-11-02T12:00:00Z,0.0,-27.625,311.625,22.81
2024-11-02T12:00:00Z,0.0,-27.375,311.125,NaN
2024-11-02T12:00:00Z,0.0,-27.375,311.375,NaN
2024-11-02T12:00:00Z,0.0,-27.375,311.625,23.109999
2024-11-03T12:00:00Z,0.0,-27.875,311.125,NaN
2024-11-03T12:00:00Z,0.0,-27.875,311.375,NaN
2024-11-03T12:00:00Z,0.0,-27.875,311.625,22.519999
2024-11-03T12:00:00Z,0.0,-27.625,311.125,NaN
2024-11-03T12:00:00Z,0.0,-27.625,311.375,NaN
2024-11-03T12:00:00Z,0.0,-27.625,311.625,22.83
2024-11-03T12:00:00Z,0.0,-27.375,311.125,NaN
2024-11-03T12:00:00Z,0.0,-27.375,311.375,NaN
2024-11-03T12:00:00Z,0.0,-27.375,311.625,23.109999
2024-11-04T12:00:00Z,0.0,-27.875,311.125,NaN
2024-11-04T12:00:00Z,0.0,-27.875,311.375,NaN
2024-11-04T12:00:00Z,0.0,-27.875,311.625,22.99
2024-11-04T12:00:00Z,0.0,-27.625,311.125,NaN
2024-11-04T12:00:00Z,0.0,-27.625,311.375,NaN
2024-11-04T12:00:00Z,0.0,-27.625,311.625,23.26
2024-11-04T12:00:00Z,0.0,-27.375,311.125,NaN
2024-11-04T12:00:00Z,0.0,-27.375,311.375,NaN
2024-11-04T12:00:00Z,0.0,-27.375,311.625,23.539999
2024-11-05T12:00:00Z,0.0,-27.875,311.125,NaN
2024-11-05T12:00:00Z,0.0,-27.875,311.375,NaN
2024-11-05T12:00:00Z,0.0,-27.875,311.625,23.08
2024-11-05T12:00:00Z,0.0,-27.625,311.125,NaN
2024-11-05T12:00:00Z,0.0,-27.625,311.375,NaN
2024-11-05T12:00:00Z,0.0,-27.625,311.625,23.39
2024-11-05T12:00:00Z,0.0,-27.375,311.125,NaN
2024-11-05T12:00:00Z,0.0,-27.375,311.375,NaN
2024-11-05T12:00:00Z,0.0,-27.375,311.625,23.689999
2024-11-06T12:00:00Z,0.0,-27.875,311.125,NaN
2024-11-06T12:00:00Z,0.0,-27.875,311.375,NaN
2024-11-06T12:00:00Z,0.0,-27.875,311.625,23.519999
2024-11-06T12:00:00Z,0.0,-27.625,311.125,NaN
2024-11-06T12:00:00Z,0.0,-27.625,311.375,NaN
2024-11-06T12:00:00Z,0.0,-27.625,311.625,23.76
2024-11-06T12:00:00Z,0.0,-27.375,311.125,NaN
2024-11-06T12:00:00Z,0.0,-27.375,311.375,NaN
2024-11-06T12:00:00Z,0.0,-27.375,311.625,23.97
2024-11-07T12:00:00Z,0.0,-27.875,311.125,NaN
2024-11-07T12:00:00Z,0.0,-27.875,311.375,NaN
2024-11-07T12:00:00Z,0.0,-27.875,311.625,23.65
2024-11-07T12:00:00Z,0.0,-27.625,311.125,NaN
2024-11-07T12:00:00Z,0.0,-27.625,311.375,NaN
2024-11-07T12:00:00Z,0.0,-27.625,311.625,23.81
2024-11-07T12:00:00Z,0.0,-27.375,311.125,NaN
2024-11-07T12:00:00Z,0.0,-27.375,311.375,NaN
2024-11-07T12:00:00Z,0.0,-27.375,311.625,24.01
2024-11-08T12:00:00Z,0.0,-27.875,311.125,NaN
2024-11-08T12:00:00Z,0.0,-27.875,311.375,NaN
2024-11-08T12:00:00Z,0.0,-27.875,311.625,23.22
2024-11-08T12:00:00Z,0.0,-27.625,311.125,NaN
2024-11-08T12:00:00Z,0.0,-27.625,311.375,NaN
2024-11-08T12:00:00Z,0.0,-27.625,311.625,23.55
2024-11-08T12:00:00Z,0.0,-27.375,311.125,NaN
2024-11-08T12:00:00Z,0.0,-27.375,311.375,NaN
2024-11-08T12:00:00Z,0.0,-27.375,311.625,23.83
2024-11-09T12:00:00Z,0.0,-27.875,311.125,NaN
2024-11-09T12:00:00Z,0.0,-27.875,311.375,NaN
2024-11-09T12:00:00Z,0.0,-27.875,311.625,23.35
2024-11-09T12:00:00Z,0.0,-27.625,311.125,NaN
2024-11-09T12:00:00Z,0.0,-27.625,311.375,NaN
2024-11-09T12:00:00Z,0.0,-27.625,311.625,23.55
2024-11-09T12:00:00Z,0.0,-27.375,311.125,NaN
2024-11-09T12:00:00Z,0.0,-27.375,311.375,NaN
2024-11-09T12:00:00Z,0.0,-27.375,311.625,23.73
2024-11-10T12:00:00Z,0.0,-27.875,311.125,NaN
2024-11-10T12:00:00Z,0.0,-27.875,311.375,NaN
2024-11-10T12:00:00Z,0.0,-27.875,311.625,23.269999
2024-11-10T12:00:00Z,0.0,-27.625,311.125,NaN
2024-11-10T12:00:00Z,0.0,-27.625,311.375,NaN
2024-11-10T12:00:00Z,0.0,-27.625,311.625,23.43
2024-11-10T12:00:00Z,0.0,-27.375,311.125,NaN
2024-11-10T12:00:00Z,0.0,-27.375,311.375,NaN
2024-11-10T12:00:00Z,0.0,-27.375,311.625,23.6
2024-11-11T12:00:00Z,0.0,-27.875,311.125,NaN
2024-11-11T12:00:00Z,0.0,-27.875,311.375,NaN
2024-11-11T12:00:00Z,0.0,-27.875,311.625,22.99
2024-11-11T12:00:00Z,0.0,-27.625,311.125,NaN
2024-11-11T12:00:00Z,0.0,-27.625,311.375,NaN
2024-11-11T12:00:00Z,0.0,-27.625,311.625,23.13
2024-11-11T12:00:00Z,0.0,-27.375,311.125,NaN
2024-11-11T12:00:00Z,0.0,-27.375,311.375,NaN
2024-11-11T12:00:00Z,0.0,-27.375,311.625,23.32
2024-11-12T12:00:00Z,0.0,-27.875,311.125,NaN
2024-11-12T12:00:00Z,0.0,-27.875,311.375,NaN
2024-11-12T12:00:00Z,0.0,-27.875,311.625,22.869999
2024-11-12T12:00:00Z,0.0,-27.625,311.125,NaN
2024-11-12T12:00:00Z,0.0,-27.625,311.375,NaN
2024-11-12T12:00:00Z,0.0,-27.625,311.625,23.029999
2024-11-12T12:00:00Z,0.0,-27.375,311.125,NaN
2024-11-12T12:00:00Z,0.0,-27.375,311.375,NaN
2024-11-12T12:00:00Z,0.0,-27.375,311.625,23.23
2024-11-13T12:00:00Z,0.0,-27.875,311.125,NaN
2024-11-13T12:00:00Z,0.0,-27.875,311.375,NaN
2024-11-13T12:00:00Z,0.0,-27.875,311.625,22.529999
2024-11-13T12:00:00Z,0.0,-27.625,311.125,NaN
2024-11-13T12:00:00Z,0.0,-27.625,311.375,NaN
2024-11-13T12:00:00Z,0.0,-27.625,311.625,22.72
2024-11-13T12:00:00Z,0.0,-27.375,311.125,NaN
2024-11-13T12:00:00Z,0.0,-27.375,311.375,NaN
2024-11-13T12:00:00Z,0.0,-27.375,311.625,22.96
2024-11-14T12:00:00Z,0.0,-27.875,311.125,NaN
2024-11-14T12:00:00Z,0.0,-27.875,311.375,NaN
2024-11-14T12:00:00Z,0.0,-27.875,311.625,22.46
2024-11-14T12:00:00Z,0.0,-27.625,311.125,NaN
2024-11-14T12:00:00Z,0.0,-27.625,311.375,NaN
2024-11-14T12:00:00Z,0.0,-27.625,311.625,22.64
2024-11-14T12:00:00Z,0.0,-27.375,311.125,NaN
2024-11-14T12:00:00Z,0.0,-27.375,311.375,NaN
2024-11-14T12:00:00Z,0.0,-27.375,311.625,22.859999
2024-11-15T12:00:00Z,0.0,-27.875,311.125,NaN
2024-11-15T12:00:00Z,0.0,-27.875,311.375,NaN
2024-11-15T12:00:00Z,0.0,-27.875,311.625,22.31
2024-11-15T12:00:00Z,0.0,-27.625,311.125,NaN
2024-11-15T12:00:00Z,0.0,-27.625,311.375,NaN
2024-11-15T12:00:00Z,0.0,-27.625,311.625,22.5
2024-11-15T12:00:00Z,0.0,-27.375,311.125,NaN
2024-11-15T12:00:00Z,0.0,-27.375,311.375,NaN
2024-11-15T12:00:00Z,0.0,-27.375,311.625,22.74
2024-11-16T12:00:00Z,0.0,-27.875,311.125,NaN
2024-11-16T12:00:00Z,0.0,-27.875,311.375,NaN
2024-11-16T12:00:00Z,0.0,-27.875,311.625,22.38
2024-11-16T12:00:00Z,0.0,-27.625,311.125,NaN
2024-11-16T12:00:00Z,0.0,-27.625,311.375,NaN
2024-11-16T12:00:00Z,0.0,-27.625,311.625,22.6
2024-11-16T12:00:00Z,0.0,-27.375,311.125,NaN
2024-11-16T12:00:00Z,0.0,-27.375,311.375,NaN
2024-11-16T12:00:00Z,0.0,-27.375,311.625,22.859999
2024-11-17T12:00:00Z,0.0,-27.875,311.125,NaN
2024-11-17T12:00:00Z,0.0,-27.875,311.375,NaN
2024-11-17T12:00:00Z,0.0,-27.875,311.625,22.769999
2024-11-17T12:00:00Z,0.0,-27.625,311.125,NaN
2024-11-17T12:00:00Z,0.0,-27.625,311.375,NaN
2024-11-17T12:00:00Z,0.0,-27.625,311.625,23.029999
2024-11-17T12:00:00Z,0.0,-27.375,311.125,NaN
2024-11-17T12:00:00Z,0.0,-27.375,311.375,NaN
2024-11-17T12:00:00Z,0.0,-27.375,311.625,23.289999
2024-11-18T12:00:00Z,0.0,-27.875,311.125,NaN
2024-11-18T12:00:00Z,0.0,-27.875,311.375,NaN
2024-11-18T12:00:00Z,0.0,-27.875,311.625,23.32
2024-11-18T12:00:00Z,0.0,-27.625,311.125,NaN
2024-11-18T12:00:00Z,0.0,-27.625,311.375,NaN
2024-11-18T12:00:00Z,0.0,-27.625,311.625,23.529999
2024-11-18T12:00:00Z,0.0,-27.375,311.125,NaN
2024-11-18T12:00:00Z,0.0,-27.375,311.375,NaN
2024-11-18T12:00:00Z,0.0,-27.375,311.625,23.73
2024-11-19T12:00:00Z,0.0,-27.875,311.125,NaN
2024-11-19T12:00:00Z,0.0,-27.875,311.375,NaN
2024-11-19T12:00:00Z,0.0,-27.875,311.625,23.4
2024-11-19T12:00:00Z,0.0,-27.625,311.125,NaN
2024-11-19T12:00:00Z,0.0,-27.625,311.375,NaN
2024-11-19T12:00:00Z,0.0,-27.625,311.625,23.68
2024-11-19T12:00:00Z,0.0,-27.375,311.125,NaN
2024-11-19T12:00:00Z,0.0,-27.375,311.375,NaN
2024-11-19T12:00:00Z,0.0,-27.375,311.625,23.949999
2024-11-20T12:00:00Z,0.0,-27.875,311.125,NaN
2024-11-20T12:00:00Z,0.0,-27.875,311.375,NaN
2024-11-20T12:00:00Z,0.0,-27.875,311.625,23.35
2024-11-20T12:00:00Z,0.0,-27.625,311.125,NaN
2024-11-20T12:00:00Z,0.0,-27.625,311.375,NaN
2024-11-20T12:00:00Z,0.0,-27.625,311.625,23.699999
2024-11-20T12:00:00Z,0.0,-27.375,311.125,NaN
2024-11-20T12:00:00Z,0.0,-27.375,311.375,NaN
2024-11-20T12:00:00Z,0.0,-27.375,311.625,23.97
2024-11-21T12:00:00Z,0.0,-27.875,311.125,NaN
2024-11-21T12:00:00Z,0.0,-27.875,311.375,NaN
2024-11-21T12:00:00Z,0.0,-27.875,311.625,23.47
2024-11-21T12:00:00Z,0.0,-27.625,311.125,NaN
2024-11-21T12:00:00Z,0.0,-27.625,311.375,NaN
2024-11-21T12:00:00Z,0.0,-27.625,311.625,23.74
2024-11-21T12:00:00Z,0.0,-27.375,311.125,NaN
2024-11-21T12:00:00Z,0.0,-27.375,311.375,NaN
2024-11-21T12:00:00Z,0.0,-27.375,311.625,23.85
2024-11-22T12:00:00Z,0.0,-27.875,311.125,NaN
2024-11-22T12:00:00Z,0.0,-27.875,311.375,NaN
2024-11-22T12:00:00Z,0.0,-27.875,311.625,23.47
2024-11-22T12:00:00Z,0.0,-27.625,311.125,NaN
2024-11-22T12:00:00Z,0.0,-27.625,311.375,NaN
2024-11-22T12:00:00Z,0.0,-27.625,311.625,23.6
2024-11-22T12:00:00Z,0.0,-27.375,311.125,NaN
2024-11-22T12:00:00Z,0.0,-27.375,311.375,NaN
2024-11-22T12:00:00Z,0.0,-27.375,311.625,23.63
2024-11-23T12:00:00Z,0.0,-27.875,311.125,NaN
2024-11-23T12:00:00Z,0.0,-27.875,311.375,NaN
2024-11-23T12:00:00Z,0.0,-27.875,311.625,23.06
2024-11-23T12:00:00Z,0.0,-27.625,311.125,NaN
2024-11-23T12:00:00Z,0.0,-27.625,311.375,NaN
2024-11-23T12:00:00Z,0.0,-27.625,311.625,23.34
2024-11-23T12:00:00Z,0.0,-27.375,311.125,NaN
2024-11-23T12:00:00Z,0.0,-27.375,311.375,NaN
2024-11-23T12:00:00Z,0.0,-27.375,311.625,23.51
2024-11-24T12:00:00Z,0.0,-27.875,311.125,NaN
2024-11-24T12:00:00Z,0.0,-27.875,311.375,NaN
2024-11-24T12:00:00Z,0.0,-27.875,311.625,23.05
2024-11-24T12:00:00Z,0.0,-27.625,311.125,NaN
2024-11-24T12:00:00Z,0.0,-27.625,311.375,NaN
2024-11-24T12:00:00Z,0.0,-27.625,311.625,23.32
2024-11-24T12:00:00Z,0.0,-27.375,311.125,NaN
2024-11-24T12:00:00Z,0.0,-27.375,311.375,NaN
2024-11-24T12:00:00Z,0.0,-27.375,311.625,23.5
2024-11-25T12:00:00Z,0.0,-27.875,311.125,NaN
2024-11-25T12:00:00Z,0.0,-27.875,311.375,NaN
2024-11-25T12:00:00Z,0.0,-27.875,311.625,23.13
2024-11-25T12:00:00Z,0.0,-27.625,311.125,NaN
2024-11-25T12:00:00Z,0.0,-27.625,311.375,NaN
2024-11-25T12:00:00Z,0.0,-27.625,311.625,23.369999
2024-11-25T12:00:00Z,0.0,-27.375,311.125,NaN
2024-11-25T12:00:00Z,0.0,-27.375,311.375,NaN
2024-11-25T12:00:00Z,0.0,-27.375,311.625,23.51
2024-11-26T12:00:00Z,0.0,-27.875,311.125,NaN
2024-11-26T12:00:00Z,0.0,-27.875,311.375,NaN
2024-11-26T12:00:00Z,0.0,-27.875,311.625,23.48
2024-11-26T12:00:00Z,0.0,-27.625,311.125,NaN
2024-11-26T12:00:00Z,0.0,-27.625,311.375,NaN
2024-11-26T12:00:00Z,0.0,-27.625,311.625,23.689999
2024-11-26T12:00:00Z,0.0,-27.375,311.125,NaN
2024-11-26T12:00:00Z,0.0,-27.375,311.375,NaN
2024-11-26T12:00:00Z,0.0,-27.375,311.625,23.8
2024-11-27T12:00:00Z,0.0,-27.875,311.125,NaN
2024-11-27T12:00:00Z,0.0,-27.875,311.375,NaN
2024-11-27T12:00:00Z,0.0,-27.875,311.625,24.09
2024-11-27T12:00:00Z,0.0,-27.625,311.125,NaN
2024-11-27T12:00:00Z,0.0,-27.625,311.375,NaN
2024-11-27T12:00:00Z,0.0,-27.625,311.625,24.15
2024-11-27T12:00:00Z,0.0,-27.375,311.125,NaN
2024-11-27T12:00:00Z,0.0,-27.375,311.375,NaN
2024-11-27T12:00:00Z,0.0,-27.375,311.625,24.15
2024-11-28T12:00:00Z,0.0,-27.875,311.125,NaN
2024-11-28T12:00:00Z,0.0,-27.875,311.375,NaN
2024-11-28T12:00:00Z,0.0,-27.875,311.625,24.039999
2024-11-28T12:00:00Z,0.0,-27.625,311.125,NaN
2024-11-28T12:00:00Z,0.0,-27.625,311.375,NaN
2024-11-28T12:00:00Z,0.0,-27.625,311.625,24.09
2024-11-28T12:00:00Z,0.0,-27.375,311.125,NaN
2024-11-28T12:00:00Z,0.0,-27.375,311.375,NaN
2024-11-28T12:00:00Z,0.0,-27.375,311.625,24.119999
2024-11-29T12:00:00Z,0.0,-27.875,311.125,NaN
2024-11-29T12:00:00Z,0.0,-27.875,311.375,NaN
2024-11-29T12:00:00Z,0.0,-27.875,311.625,24.039999
2024-11-29T12:00:00Z,0.0,-27.625,311.125,NaN
2024-11-29T12:00:00Z,0.0,-27.625,311.375,NaN
2024-11-29T12:00:00Z,0.0,-27.625,311.625,24.13
2024-11-29T12:00:00Z,0.0,-27.375,311.125,NaN
2024-11-29T12:00:00Z,0.0,-27.375,311.375,NaN
2024-11-29T12:00:00Z,0.0,-27.375,311.625,24.189999
2024-11-30T12:00:00Z,0.0,-27.875,311.125,NaN
2024-11-30T12:00:00Z,0.0,-27.875,311.375,NaN
2024-11-30T12:00:00Z,0.0,-27.875,311.625,23.949999
2024-11-30T12:00:00Z,0.0,-27.625,311.125,NaN
2024-11-30T12:00:00Z,0.0,-27.625,311.375,NaN
2024-11-30T12:00:00Z,0.0,-27.625,311.625,24.13
2024-11-30T12:00:00Z,0.0,-27.375,311.125,NaN
2024-11-30T12:00:00Z,0.0,-27.375,311.375,NaN
2024-11-30T12:00:00Z,0.0,-27.375,311.625,24.31
2024-12-01T12:00:00Z,0.0,-27.875,311.125,NaN
2024-12-01T12:00:00Z,0.0,-27.875,311.375,NaN
2024-12-01T12:00:00Z,0.0,-27.875,311.625,23.85
2024-12-01T12:00:00Z,0.0,-27.625,311.125,NaN
2024-12-01T12:00:00Z,0.0,-27.625,311.375,NaN
2024-12-01T12:00:00Z,0.0,-27.625,311.625,24.06
2024-12-01T12:00:00Z,0.0,-27.375,311.125,NaN
2024-12-01T12:00:00Z,0.0,-27.375,311.375,NaN
2024-12-01T12:00:00Z,0.0,-27.375,311.625,24.289999
2024-12-02T12:00:00Z,0.0,-27.875,311.125,NaN
2024-12-02T12:00:00Z,0.0,-27.875,311.375,NaN
2024-12-02T12:00:00Z,0.0,-27.875,311.625,23.83
2024-12-02T12:00:00Z,0.0,-27.625,311.125,NaN
2024-12-02T12:00:00Z,0.0,-27.625,311.375,NaN
2024-12-02T12:00:00Z,0.0,-27.625,311.625,24.18
2024-12-02T12:00:00Z,0.0,-27.375,311.125,NaN
2024-12-02T12:00:00Z,0.0,-27.375,311.375,NaN
2024-12-02T12:00:00Z,0.0,-27.375,311.625,24.49
2024-12-03T12:00:00Z,0.0,-27.875,311.125,NaN
2024-12-03T12:00:00Z,0.0,-27.875,311.375,NaN
2024-12-03T12:00:00Z,0.0,-27.875,311.625,23.14
2024-12-03T12:00:00Z,0.0,-27.625,311.125,NaN
2024-12-03T12:00:00Z,0.0,-27.625,311.375,NaN
2024-12-03T12:00:00Z,0.0,-27.625,311.625,23.66
2024-12-03T12:00:00Z,0.0,-27.375,311.125,NaN
2024-12-03T12:00:00Z,0.0,-27.375,311.375,NaN
2024-12-03T12:00:00Z,0.0,-27.375,311.625,24.199999
2024-12-04T12:00:00Z,0.0,-27.875,311.125,NaN
2024-12-04T12:00:00Z,0.0,-27.875,311.375,NaN
2024-12-04T12:00:00Z,0.0,-27.875,311.625,22.699999
2024-12-04T12:00:00Z,0.0,-27.625,311.125,NaN
2024-12-04T12:00:00Z,0.0,-27.625,311.375,NaN
2024-12-04T12:00:00Z,0.0,-27.625,311.625,23.07
2024-12-04T12:00:00Z,0.0,-27.375,311.125,NaN
2024-12-04T12:00:00Z,0.0,-27.375,311.375,NaN
2024-12-04T12:00:00Z,0.0,-27.375,311.625,23.39
2024-12-05T12:00:00Z,0.0,-27.875,311.125,NaN
2024-12-05T12:00:00Z,0.0,-27.875,311.375,NaN
2024-12-05T12:00:00Z,0.0,-27.875,311.625,22.59
2024-12-05T12:00:00Z,0.0,-27.625,311.125,NaN
2024-12-05T12:00:00Z,0.0,-27.625,311.375,NaN
2024-12-05T12:00:00Z,0.0,-27.625,311.625,22.89
2024-12-05T12:00:00Z,0.0,-27.375,311.125,NaN
2024-12-05T12:00:00Z,0.0,-27.375,311.375,NaN
2024-12-05T12:00:00Z,0.0,-27.375,311.625,23.21
2024-12-06T12:00:00Z,0.0,-27.875,311.125,NaN
2024-12-06T12:00:00Z,0.0,-27.875,311.375,NaN
2024-12-06T12:00:00Z,0.0,-27.875,311.625,22.699999
2024-12-06T12:00:00Z,0.0,-27.625,311.125,NaN
2024-12-06T12:00:00Z,0.0,-27.625,311.375,NaN
2024-12-06T12:00:00Z,0.0,-27.625,311.625,23.0
2024-12-06T12:00:00Z,0.0,-27.375,311.125,NaN
2024-12-06T12:00:00Z,0.0,-27.375,311.375,NaN
2024-12-06T12:00:00Z,0.0,-27.375,311.625,23.34
2024-12-07T12:00:00Z,0.0,-27.875,311.125,NaN
2024-12-07T12:00:00Z,0.0,-27.875,311.375,NaN
2024-12-07T12:00:00Z,0.0,-27.875,311.625,22.699999
2024-12-07T12:00:00Z,0.0,-27.625,311.125,NaN
2024-12-07T12:00:00Z,0.0,-27.625,311.375,NaN
2024-12-07T12:00:00Z,0.0,-27.625,311.625,23.01
2024-12-07T12:00:00Z,0.0,-27.375,311.125,NaN
2024-12-07T12:00:00Z,0.0,-27.375,311.375,NaN
2024-12-07T12:00:00Z,0.0,-27.375,311.625,23.359999
2024-12-08T12:00:00Z,0.0,-27.875,311.125,NaN
2024-12-08T12:00:00Z,0.0,-27.875,311.375,NaN
2024-12-08T12:00:00Z,0.0,-27.875,311.625,22.449999
2024-12-08T12:00:00Z,0.0,-27.625,311.125,NaN
2024-12-08T12:00:00Z,0.0,-27.625,311.375,NaN
2024-12-08T12:00:00Z,0.0,-27.625,311.625,22.869999
2024-12-08T12:00:00Z,0.0,-27.375,311.125,NaN
2024-12-08T12:00:00Z,0.0,-27.375,311.375,NaN
2024-12-08T12:00:00Z,0.0,-27.375,311.625,23.279999
2024-12-09T12:00:00Z,0.0,-27.875,311.125,NaN
2024-12-09T12:00:00Z,0.0,-27.875,311.375,NaN
2024-12-09T12:00:00Z,0.0,-27.875,311.625,22.64
2024-12-09T12:00:00Z,0.0,-27.625,311.125,NaN
2024-12-09T12:00:00Z,0.0,-27.625,311.375,NaN
2024-12-09T12:00:00Z,0.0,-27.625,311.625,23.029999
2024-12-09T12:00:00Z,0.0,-27.375,311.125,NaN
2024-12-09T12:00:00Z,0.0,-27.375,311.375,NaN
2024-12-09T12:00:00Z,0.0,-27.375,311.625,23.38
2024-12-10T12:00:00Z,0.0,-27.875,311.125,NaN
2024-12-10T12:00:00Z,0.0,-27.875,311.375,NaN
2024-12-10T12:00:00Z,0.0,-27.875,311.625,22.32
2024-12-10T12:00:00Z,0.0,-27.625,311.125,NaN
2024-12-10T12:00:00Z,0.0,-27.625,311.375,NaN
2024-12-10T12:00:00Z,0.0,-27.625,311.625,22.699999
2024-12-10T12:00:00Z,0.0,-27.375,311.125,NaN
2024-12-10T12:00:00Z,0.0,-27.375,311.375,NaN
2024-12-10T12:00:00Z,0.0,-27.375,311.625,23.07
2024-12-11T12:00:00Z,0.0,-27.875,311.125,NaN
2024-12-11T12:00:00Z,0.0,-27.875,311.375,NaN
2024-12-11T12:00:00Z,0.0,-27.875,311.625,22.08
2024-12-11T12:00:00Z,0.0,-27.625,311.125,NaN
2024-12-11T12:00:00Z,0.0,-27.625,311.375,NaN
2024-12-11T12:00:00Z,0.0,-27.625,311.625,22.4
2024-12-11T12:00:00Z,0.0,-27.375,311.125,NaN
2024-12-11T12:00:00Z,0.0,-27.375,311.375,NaN
2024-12-11T12:00:00Z,0.0,-27.375,311.625,22.82
2024-12-12T12:00:00Z,0.0,-27.875,311.125,NaN
2024-12-12T12:00:00Z,0.0,-27.875,311.375,NaN
2024-12-12T12:00:00Z,0.0,-27.875,311.625,21.81
2024-12-12T12:00:00Z,0.0,-27.625,311.125,NaN
2024-12-12T12:00:00Z,0.0,-27.625,311.375,NaN
2024-12-12T12:00:00Z,0.0,-27.625,311.625,22.21
2024-12-12T12:00:00Z,0.0,-27.375,311.125,NaN
2024-12-12T12:00:00Z,0.0,-27.375,311.375,NaN
2024-12-12T12:00:00Z,0.0,-27.375,311.625,22.689999
2024-12-13T12:00:00Z,0.0,-27.875,311.125,NaN
2024-12-13T12:00:00Z,0.0,-27.875,311.375,NaN
2024-12-13T12:00:00Z,0.0,-27.875,311.625,21.63
2024-12-13T12:00:00Z,0.0,-27.625,311.125,NaN
2024-12-13T12:00:00Z,0.0,-27.625,311.375,NaN
2024-12-13T12:00:00Z,0.0,-27.625,311.625,22.06
2024-12-13T12:00:00Z,0.0,-27.375,311.125,NaN
2024-12-13T12:00:00Z,0.0,-27.375,311.375,NaN
2024-12-13T12:00:00Z,0.0,-27.375,311.625,22.56
2024-12-14T12:00:00Z,0.0,-27.875,311.125,NaN
2024-12-14T12:00:00Z,0.0,-27.875,311.375,NaN
2024-12-14T12:00:00Z,0.0,-27.875,311.625,21.72
2024-12-14T12:00:00Z,0.0,-27.625,311.125,NaN
2024-12-14T12:00:00Z,0.0,-27.625,311.375,NaN
2024-12-14T12:00:00Z,0.0,-27.625,311.625,22.24
2024-12-14T12:00:00Z,0.0,-27.375,311.125,NaN
2024-12-14T12:00:00Z,0.0,-27.375,311.375,NaN
2024-12-14T12:00:00Z,0.0,-27.375,311.625,22.81
2024-12-15T12:00:00Z,0.0,-27.875,311.125,NaN
2024-12-15T12:00:00Z,0.0,-27.875,311.375,NaN
2024-12-15T12:00:00Z,0.0,-27.875,311.625,21.93
2024-12-15T12:00:00Z,0.0,-27.625,311.125,NaN
2024-12-15T12:00:00Z,0.0,-27.625,311.375,NaN
2024-12-15T12:00:00Z,0.0,-27.625,311.625,22.51
2024-12-15T12:00:00Z,0.0,-27.375,311.125,NaN
2024-12-15T12:00:00Z,0.0,-27.375,311.375,NaN
2024-12-15T12:00:00Z,0.0,-27.375,311.625,23.1
2024-12-16T12:00:00Z,0.0,-27.875,311.125,NaN
2024-12-16T12:00:00Z,0.0,-27.875,311.375,NaN
2024-12-16T12:00:00Z,0.0,-27.875,311.625,22.1
2024-12-16T12:00:00Z,0.0,-27.625,311.125,NaN
2024-12-16T12:00:00Z,0.0,-27.625,311.375,NaN
2024-12-16T12:00:00Z,0.0,-27.625,311.625,22.689999
2024-12-16T12:00:00Z,0.0,-27.375,311.125,NaN
2024-12-16T12:00:00Z,0.0,-27.375,311.375,NaN
2024-12-16T12:00:00Z,0.0,-27.375,311.625,23.25
2024-12-17T12:00:00Z,0.0,-27.875,311.125,NaN
2024-12-17T12:00:00Z,0.0,-27.875,311.375,NaN
2024-12-17T12:00:00Z,0.0,-27.875,311.625,22.039999
2024-12-17T12:00:00Z,0.0,-27.625,311.125,NaN
2024-12-17T12:00:00Z,0.0,-27.625,311.375,NaN
2024-12-17T12:00:00Z,0.0,-27.625,311.625,22.58
2024-12-17T12:00:00Z,0.0,-27.375,311.125,NaN
2024-12-17T12:00:00Z,0.0,-27.375,311.375,NaN
2024-12-17T12:00:00Z,0.0,-27.375,311.625,23.1
2024-12-18T12:00:00Z,0.0,-27.875,311.125,NaN
2024-12-18T12:00:00Z,0.0,-27.875,311.375,NaN
2024-12-18T12:00:00Z,0.0,-27.875,311.625,22.17
2024-12-18T12:00:00Z,0.0,-27.625,311.125,NaN
2024-12-18T12:00:00Z,0.0,-27.625,311.375,NaN
2024-12-18T12:00:00Z,0.0,-27.625,311.625,22.67
2024-12-18T12:00:00Z,0.0,-27.375,311.125,NaN
2024-12-18T12:00:00Z,0.0,-27.375,311.375,NaN
2024-12-18T12:00:00Z,0.0,-27.375,311.625,23.189999
2024-12-19T12:00:00Z,0.0,-27.875,311.125,NaN
2024-12-19T12:00:00Z,0.0,-27.875,311.375,NaN
2024-12-19T12:00:00Z,0.0,-27.875,311.625,22.189999
2024-12-19T12:00:00Z,0.0,-27.625,311.125,NaN
2024-12-19T12:00:00Z,0.0,-27.625,311.375,NaN
2024-12-19T12:00:00Z,0.0,-27.625,311.625,22.619999
2024-12-19T12:00:00Z,0.0,-27.375,311.125,NaN
2024-12-19T12:00:00Z,0.0,-27.375,311.375,NaN
2024-12-19T12:00:00Z,0.0,-27.375,311.625,23.09
2024-12-20T12:00:00Z,0.0,-27.875,311.125,NaN
2024-12-20T12:00:00Z,0.0,-27.875,311.375,NaN
2024-12-20T12:00:00Z,0.0,-27.875,311.625,22.359999
2024-12-20T12:00:00Z,0.0,-27.625,311.125,NaN
2024-12-20T12:00:00Z,0.0,-27.625,311.375,NaN
2024-12-20T12:00:00Z,0.0,-27.625,311.625,22.74
2024-12-20T12:00:00Z,0.0,-27.375,311.125,NaN
2024-12-20T12:00:00Z,0.0,-27.375,311.375,NaN
2024-12-20T12:00:00Z,0.0,-27.375,311.625,23.17
2024-12-21T12:00:00Z,0.0,-27.875,311.125,NaN
2024-12-21T12:00:00Z,0.0,-27.875,311.375,NaN
2024-12-21T12:00:00Z,0.0,-27.875,311.625,22.519999
2024-12-21T12:00:00Z,0.0,-27.625,311.125,NaN
2024-12-21T12:00:00Z,0.0,-27.625,311.375,NaN
2024-12-21T12:00:00Z,0.0,-27.625,311.625,22.93
2024-12-21T12:00:00Z,0.0,-27.375,311.125,NaN
2024-12-21T12:00:00Z,0.0,-27.375,311.375,NaN
2024-12-21T12:00:00Z,0.0,-27.375,311.625,23.39
2024-12-22T12:00:00Z,0.0,-27.875,311.125,NaN
2024-12-22T12:00:00Z,0.0,-27.875,311.375,NaN
2024-12-22T12:00:00Z,0.0,-27.875,311.625,22.529999
2024-12-22T12:00:00Z,0.0,-27.625,311.125,NaN
2024-12-22T12:00:00Z,0.0,-27.625,311.375,NaN
2024-12-22T12:00:00Z,0.0,-27.625,311.625,22.99
2024-12-22T12:00:00Z,0.0,-27.375,311.125,NaN
2024-12-22T12:00:00Z,0.0,-27.375,311.375,NaN
2024-12-22T12:00:00Z,0.0,-27.375,311.625,23.449999
2024-12-23T12:00:00Z,0.0,-27.875,311.125,NaN
2024-12-23T12:00:00Z,0.0,-27.875,311.375,NaN
2024-12-23T12:00:00Z,0.0,-27.875,311.625,22.32
2024-12-23T12:00:00Z,0.0,-27.625,311.125,NaN
2024-12-23T12:00:00Z,0.0,-27.625,311.375,NaN
2024-12-23T12:00:00Z,0.0,-27.625,311.625,22.9
2024-12-23T12:00:00Z,0.0,-27.375,311.125,NaN
2024-12-23T12:00:00Z,0.0,-27.375,311.375,NaN
2024-12-23T12:00:00Z,0.0,-27.375,311.625,23.289999
2024-12-24T12:00:00Z,0.0,-27.875,311.125,NaN
2024-12-24T12:00:00Z,0.0,-27.875,311.375,NaN
2024-12-24T12:00:00Z,0.0,-27.875,311.625,22.25
2024-12-24T12:00:00Z,0.0,-27.625,311.125,NaN
2024-12-24T12:00:00Z,0.0,-27.625,311.375,NaN
2024-12-24T12:00:00Z,0.0,-27.625,311.625,22.73
2024-12-24T12:00:00Z,0.0,-27.375,311.125,NaN
2024-12-24T12:00:00Z,0.0,-27.375,311.375,NaN
2024-12-24T12:00:00Z,0.0,-27.375,311.625,23.189999
2024-12-25T12:00:00Z,0.0,-27.875,311.125,NaN
2024-12-25T12:00:00Z,0.0,-27.875,311.375,NaN
2024-12-25T12:00:00Z,0.0,-27.875,311.625,22.39
2024-12-25T12:00:00Z,0.0,-27.625,311.125,NaN
2024-12-25T12:00:00Z,0.0,-27.625,311.375,NaN
2024-12-25T12:00:00Z,0.0,-27.625,311.625,22.82
2024-12-25T12:00:00Z,0.0,-27.375,311.125,NaN
2024-12-25T12:00:00Z,0.0,-27.375,311.375,NaN
2024-12-25T12:00:00Z,0.0,-27.375,311.625,23.24
2024-12-26T12:00:00Z,0.0,-27.875,311.125,NaN
2024-12-26T12:00:00Z,0.0,-27.875,311.375,NaN
2024-12-26T12:00:00Z,0.0,-27.875,311.625,22.279999
2024-12-26T12:00:00Z,0.0,-27.625,311.125,NaN
2024-12-26T12:00:00Z,0.0,-27.625,311.375,NaN
2024-12-26T12:00:00Z,0.0,-27.625,311.625,22.67
2024-12-26T12:00:00Z,0.0,-27.375,311.125,NaN
2024-12-26T12:00:00Z,0.0,-27.375,311.375,NaN
2024-12-26T12:00:00Z,0.0,-27.375,311.625,23.09
2024-12-27T12:00:00Z,0.0,-27.875,311.125,NaN
2024-12-27T12:00:00Z,0.0,-27.875,311.375,NaN
2024-12-27T12:00:00Z,0.0,-27.875,311.625,22.33
2024-12-27T12:00:00Z,0.0,-27.625,311.125,NaN
2024-12-27T12:00:00Z,0.0,-27.625,311.375,NaN
2024-12-27T12:00:00Z,0.0,-27.625,311.625,22.65
2024-12-27T12:00:00Z,0.0,-27.375,311.125,NaN
2024-12-27T12:00:00Z,0.0,-27.375,311.375,NaN
2024-12-27T12:00:00Z,0.0,-27.375,311.625,23.05
2024-12-28T12:00:00Z,0.0,-27.875,311.125,NaN
2024-12-28T12:00:00Z,0.0,-27.875,311.375,NaN
2024-12-28T12:00:00Z,0.0,-27.875,311.625,22.689999
2024-12-28T12:00:00Z,0.0,-27.625,311.125,NaN
2024-12-28T12:00:00Z,0.0,-27.625,311.375,NaN
2024-12-28T12:00:00Z,0.0,-27.625,311.625,22.939999
2024-12-28T12:00:00Z,0.0,-27.375,311.125,NaN
2024-12-28T12:00:00Z,0.0,-27.375,311.375,NaN
2024-12-28T12:00:00Z,0.0,-27.375,311.625,23.269999
2024-12-29T12:00:00Z,0.0,-27.875,311.125,NaN
2024-12-29T12:00:00Z,0.0,-27.875,311.375,NaN
2024-12-29T12:00:00Z,0.0,-27.875,311.625,22.85
2024-12-29T12:00:00Z,0.0,-27.625,311.125,NaN
2024-12-29T12:00:00Z,0.0,-27.625,311.375,NaN
2024-12-29T12:00:00Z,0.0,-27.625,311.625,23.09
2024-12-29T12:00:00Z,0.0,-27.375,311.125,NaN
2024-12-29T12:00:00Z,0.0,-27.375,311.375,NaN
2024-12-29T12:00:00Z,0.0,-27.375,311.625,23.42
2024-12-30T12:00:00Z,0.0,-27.875,311.125,NaN
2024-12-30T12:00:00Z,0.0,-27.875,311.375,NaN
2024-12-30T12:00:00Z,0.0,-27.875,311.625,22.92
2024-12-30T12:00:00Z,0.0,-27.625,311.125,NaN
2024-12-30T12:00:00Z,0.0,-27.625,311.375,NaN
2024-12-30T12:00:00Z,0.0,-27.625,311.625,23.18
2024-12-30T12:00:00Z,0.0,-27.375,311.125,NaN
2024-12-30T12:00:00Z,0.0,-27.375,311.375,NaN
2024-12-30T12:00:00Z,0.0,-27.375,311.625,23.539999
2024-12-31T12:00:00Z,0.0,-27.875,311.125,NaN
2024-12-31T12:00:00Z,0.0,-27.875,311.375,NaN
2024-12-31T12:00:00Z,0.0,-27.875,311.625,23.119999
2024-12-31T12:00:00Z,0.0,-27.625,311.125,NaN
2024-12-31T12:00:00Z,0.0,-27.625,311.375,NaN
2024-12-31T12:00:00Z,0.0,-27.625,311.625,23.42
2024-12-31T12:00:00Z,0.0,-27.375,311.125,NaN
2024-12-31T12:00:00Z,0.0,-27.375,311.375,NaN
2024-12-31T12:00:00Z,0.0,-27.375,311.625,23.769999
2025-01-01T12:00:00Z,0.0,-27.875,311.125,NaN
2025-01-01T12:00:00Z,0.0,-27.875,311.375,NaN
2025-01-01T12:00:00Z,0.0,-27.875,311.625,23.289999
2025-01-01T12:00:00Z,0.0,-27.625,311.125,NaN
2025-01-01T12:00:00Z,0.0,-27.625,311.375,NaN
2025-01-01T12:00:00Z,0.0,-27.625,311.625,23.609999
2025-01-01T12:00:00Z,0.0,-27.375,311.125,NaN
2025-01-01T12:00:00Z,0.0,-27.375,311.375,NaN
2025-01-01T12:00:00Z,0.0,-27.375,311.625,23.99
2025-01-02T12:00:00Z,0.0,-27.875,311.125,NaN
2025-01-02T12:00:00Z,0.0,-27.875,311.375,NaN
2025-01-02T12:00:00Z,0.0,-27.875,311.625,23.65
2025-01-02T12:00:00Z,0.0,-27.625,311.125,NaN
2025-01-02T12:00:00Z,0.0,-27.625,311.375,NaN
2025-01-02T12:00:00Z,0.0,-27.625,311.625,23.98
2025-01-02T12:00:00Z,0.0,-27.375,311.125,NaN
2025-01-02T12:00:00Z,0.0,-27.375,311.375,NaN
2025-01-02T12:00:00Z,0.0,-27.375,311.625,24.35
2025-01-03T12:00:00Z,0.0,-27.875,311.125,NaN
2025-01-03T12:00:00Z,0.0,-27.875,311.375,NaN
2025-01-03T12:00:00Z,0.0,-27.875,311.625,23.93
2025-01-03T12:00:00Z,0.0,-27.625,311.125,NaN
2025-01-03T12:00:00Z,0.0,-27.625,311.375,NaN
2025-01-03T12:00:00Z,0.0,-27.625,311.625,24.289999
2025-01-03T12:00:00Z,0.0,-27.375,311.125,NaN
2025-01-03T12:00:00Z,0.0,-27.375,311.375,NaN
2025-01-03T12:00:00Z,0.0,-27.375,311.625,24.67
2025-01-04T12:00:00Z,0.0,-27.875,311.125,NaN
2025-01-04T12:00:00Z,0.0,-27.875,311.375,NaN
2025-01-04T12:00:00Z,0.0,-27.875,311.625,23.949999
2025-01-04T12:00:00Z,0.0,-27.625,311.125,NaN
2025-01-04T12:00:00Z,0.0,-27.625,311.375,NaN
2025-01-04T12:00:00Z,0.0,-27.625,311.625,24.279999
2025-01-04T12:00:00Z,0.0,-27.375,311.125,NaN
2025-01-04T12:00:00Z,0.0,-27.375,311.375,NaN
2025-01-04T12:00:00Z,0.0,-27.375,311.625,24.64
2025-01-05T12:00:00Z,0.0,-27.875,311.125,NaN
2025-01-05T12:00:00Z,0.0,-27.875,311.375,NaN
2025-01-05T12:00:00Z,0.0,-27.875,311.625,23.92
2025-01-05T12:00:00Z,0.0,-27.625,311.125,NaN
2025-01-05T12:00:00Z,0.0,-27.625,311.375,NaN
2025-01-05T12:00:00Z,0.0,-27.625,311.625,24.26
2025-01-05T12:00:00Z,0.0,-27.375,311.125,NaN
2025-01-05T12:00:00Z,0.0,-27.375,311.375,NaN
2025-01-05T12:00:00Z,0.0,-27.375,311.625,24.65
2025-01-06T12:00:00Z,0.0,-27.875,311.125,NaN
2025-01-06T12:00:00Z,0.0,-27.875,311.375,NaN
2025-01-06T12:00:00Z,0.0,-27.875,311.625,23.91
2025-01-06T12:00:00Z,0.0,-27.625,311.125,NaN
2025-01-06T12:00:00Z,0.0,-27.625,311.375,NaN
2025-01-06T12:00:00Z,0.0,-27.625,311.625,24.21
2025-01-06T12:00:00Z,0.0,-27.375,311.125,NaN
2025-01-06T12:00:00Z,0.0,-27.375,311.375,NaN
2025-01-06T12:00:00Z,0.0,-27.375,311.625,24.6
2025-01-07T12:00:00Z,0.0,-27.875,311.125,NaN
2025-01-07T12:00:00Z,0.0,-27.875,311.375,NaN
2025-01-07T12:00:00Z,0.0,-27.875,311.625,24.06
2025-01-07T12:00:00Z,0.0,-27.625,311.125,NaN
2025-01-07T12:00:00Z,0.0,-27.625,311.375,NaN
2025-01-07T12:00:00Z,0.0,-27.625,311.625,24.31
2025-01-07T12:00:00Z,0.0,-27.375,311.125,NaN
2025-01-07T12:00:00Z,0.0,-27.375,311.375,NaN
2025-01-07T12:00:00Z,0.0,-27.375,311.625,24.65
2025-01-08T12:00:00Z,0.0,-27.875,311.125,NaN
2025-01-08T12:00:00Z,0.0,-27.875,311.375,NaN
2025-01-08T12:00:00Z,0.0,-27.875,311.625,24.31
2025-01-08T12:00:00Z,0.0,-27.625,311.125,NaN
2025-01-08T12:00:00Z,0.0,-27.625,311.375,NaN
2025-01-08T12:00:00Z,0.0,-27.625,311.625,24.51
2025-01-08T12:00:00Z,0.0,-27.375,311.125,NaN
2025-01-08T12:00:00Z,0.0,-27.375,311.375,NaN
2025-01-08T12:00:00Z,0.0,-27.375,311.625,24.81
2025-01-09T12:00:00Z,0.0,-27.875,311.125,NaN
2025-01-09T12:00:00Z,0.0,-27.875,311.375,NaN
2025-01-09T12:00:00Z,0.0,-27.875,311.625,24.47
2025-01-09T12:00:00Z,0.0,-27.625,311.125,NaN
2025-01-09T12:00:00Z,0.0,-27.625,311.375,NaN
2025-01-09T12:00:00Z,0.0,-27.625,311.625,24.64
2025-01-09T12:00:00Z,0.0,-27.375,311.125,NaN
2025-01-09T12:00:00Z,0.0,-27.375,311.375,NaN
2025-01-09T12:00:00Z,0.0,-27.375,311.625,24.89
2025-01-10T12:00:00Z,0.0,-27.875,311.125,NaN
2025-01-10T12:00:00Z,0.0,-27.875,311.375,NaN
2025-01-10T12:00:00Z,0.0,-27.875,311.625,24.63
2025-01-10T12:00:00Z,0.0,-27.625,311.125,NaN
2025-01-10T12:00:00Z,0.0,-27.625,311.375,NaN
2025-01-10T12:00:00Z,0.0,-27.625,311.625,24.8
2025-01-10T12:00:00Z,0.0,-27.375,311.125,NaN
2025-01-10T12:00:00Z,0.0,-27.375,311.375,NaN
2025-01-10T12:00:00Z,0.0,-27.375,311.625,25.05
2025-01-11T12:00:00Z,0.0,-27.875,311.125,NaN
2025-01-11T12:00:00Z,0.0,-27.875,311.375,NaN
2025-01-11T12:00:00Z,0.0,-27.875,311.625,24.8
2025-01-11T12:00:00Z,0.0,-27.625,311.125,NaN
2025-01-11T12:00:00Z,0.0,-27.625,311.375,NaN
2025-01-11T12:00:00Z,0.0,-27.625,311.625,24.96
2025-01-11T12:00:00Z,0.0,-27.375,311.125,NaN
2025-01-11T12:00:00Z,0.0,-27.375,311.375,NaN
2025-01-11T12:00:00Z,0.0,-27.375,311.625,25.25
2025-01-12T12:00:00Z,0.0,-27.875,311.125,NaN
2025-01-12T12:00:00Z,0.0,-27.875,311.375,NaN
2025-01-12T12:00:00Z,0.0,-27.875,311.625,24.769999
2025-01-12T12:00:00Z,0.0,-27.625,311.125,NaN
2025-01-12T12:00:00Z,0.0,-27.625,311.375,NaN
2025-01-12T12:00:00Z,0.0,-27.625,311.625,24.99
2025-01-12T12:00:00Z,0.0,-27.375,311.125,NaN
2025-01-12T12:00:00Z,0.0,-27.375,311.375,NaN
2025-01-12T12:00:00Z,0.0,-27.375,311.625,25.279999
2025-01-13T12:00:00Z,0.0,-27.875,311.125,NaN
2025-01-13T12:00:00Z,0.0,-27.875,311.375,NaN
2025-01-13T12:00:00Z,0.0,-27.875,311.625,24.859999
2025-01-13T12:00:00Z,0.0,-27.625,311.125,NaN
2025-01-13T12:00:00Z,0.0,-27.625,311.375,NaN
2025-01-13T12:00:00Z,0.0,-27.625,311.625,25.07
2025-01-13T12:00:00Z,0.0,-27.375,311.125,NaN
2025-01-13T12:00:00Z,0.0,-27.375,311.375,NaN
2025-01-13T12:00:00Z,0.0,-27.375,311.625,25.35
2025-01-14T12:00:00Z,0.0,-27.875,311.125,NaN
2025-01-14T12:00:00Z,0.0,-27.875,311.375,NaN
2025-01-14T12:00:00Z,0.0,-27.875,311.625,25.01
2025-01-14T12:00:00Z,0.0,-27.625,311.125,NaN
2025-01-14T12:00:00Z,0.0,-27.625,311.375,NaN
2025-01-14T12:00:00Z,0.0,-27.625,311.625,25.189999
2025-01-14T12:00:00Z,0.0,-27.375,311.125,NaN
2025-01-14T12:00:00Z,0.0,-27.375,311.375,NaN
2025-01-14T12:00:00Z,0.0,-27.375,311.625,25.43
2025-01-15T12:00:00Z,0.0,-27.875,311.125,NaN
2025-01-15T12:00:00Z,0.0,-27.875,311.375,NaN
2025-01-15T12:00:00Z,0.0,-27.875,311.625,25.119999
2025-01-15T12:00:00Z,0.0,-27.625,311.125,NaN
2025-01-15T12:00:00Z,0.0,-27.625,311.375,NaN
2025-01-15T12:00:00Z,0.0,-27.625,311.625,25.269999
2025-01-15T12:00:00Z,0.0,-27.375,311.125,NaN
2025-01-15T12:00:00Z,0.0,-27.375,311.375,NaN
2025-01-15T12:00:00Z,0.0,-27.375,311.625,25.47
2025-01-16T12:00:00Z,0.0,-27.875,311.125,NaN
2025-01-16T12:00:00Z,0.0,-27.875,311.375,NaN
2025-01-16T12:00:00Z,0.0,-27.875,311.625,25.189999
2025-01-16T12:00:00Z,0.0,-27.625,311.125,NaN
2025-01-16T12:00:00Z,0.0,-27.625,311.375,NaN
2025-01-16T12:00:00Z,0.0,-27.625,311.625,25.289999
2025-01-16T12:00:00Z,0.0,-27.375,311.125,NaN
2025-01-16T12:00:00Z,0.0,-27.375,311.375,NaN
2025-01-16T12:00:00Z,0.0,-27.375,311.625,25.42
2025-01-17T12:00:00Z,0.0,-27.875,311.125,NaN
2025-01-17T12:00:00Z,0.0,-27.875,311.375,NaN
2025-01-17T12:00:00Z,0.0,-27.875,311.625,25.439999
2025-01-17T12:00:00Z,0.0,-27.625,311.125,NaN
2025-01-17T12:00:00Z,0.0,-27.625,311.375,NaN
2025-01-17T12:00:00Z,0.0,-27.625,311.625,25.46
2025-01-17T12:00:00Z,0.0,-27.375,311.125,NaN
2025-01-17T12:00:00Z,0.0,-27.375,311.375,NaN
2025-01-17T12:00:00Z,0.0,-27.375,311.625,25.519999
2025-01-18T12:00:00Z,0.0,-27.875,311.125,NaN
2025-01-18T12:00:00Z,0.0,-27.875,311.375,NaN
2025-01-18T12:00:00Z,0.0,-27.875,311.625,25.63
2025-01-18T12:00:00Z,0.0,-27.625,311.125,NaN
2025-01-18T12:00:00Z,0.0,-27.625,311.375,NaN
2025-01-18T12:00:00Z,0.0,-27.625,311.625,25.73
2025-01-18T12:00:00Z,0.0,-27.375,311.125,NaN
2025-01-18T12:00:00Z,0.0,-27.375,311.375,NaN
2025-01-18T12:00:00Z,0.0,-27.375,311.625,25.859999
2025-01-19T12:00:00Z,0.0,-27.875,311.125,NaN
2025-01-19T12:00:00Z,0.0,-27.875,311.375,NaN
2025-01-19T12:00:00Z,0.0,-27.875,311.625,25.859999
2025-01-19T12:00:00Z,0.0,-27.625,311.125,NaN
2025-01-19T12:00:00Z,0.0,-27.625,311.375,NaN
2025-01-19T12:00:00Z,0.0,-27.625,311.625,25.98
2025-01-19T12:00:00Z,0.0,-27.375,311.125,NaN
2025-01-19T12:00:00Z,0.0,-27.375,311.375,NaN
2025-01-19T12:00:00Z,0.0,-27.375,311.625,26.18
2025-01-20T12:00:00Z,0.0,-27.875,311.125,NaN
2025-01-20T12:00:00Z,0.0,-27.875,311.375,NaN
2025-01-20T12:00:00Z,0.0,-27.875,311.625,26.08
2025-01-20T12:00:00Z,0.0,-27.625,311.125,NaN
2025-01-20T12:00:00Z,0.0,-27.625,311.375,NaN
2025-01-20T12:00:00Z,0.0,-27.625,311.625,26.24
2025-01-20T12:00:00Z,0.0,-27.375,311.125,NaN
2025-01-20T12:00:00Z,0.0,-27.375,311.375,NaN
2025-01-20T12:00:00Z,0.0,-27.375,311.625,26.49
2025-01-21T12:00:00Z,0.0,-27.875,311.125,NaN
2025-01-21T12:00:00Z,0.0,-27.875,311.375,NaN
2025-01-21T12:00:00Z,0.0,-27.875,311.625,26.3
2025-01-21T12:00:00Z,0.0,-27.625,311.125,NaN
2025-01-21T12:00:00Z,0.0,-27.625,311.375,NaN
2025-01-21T12:00:00Z,0.0,-27.625,311.625,26.42
2025-01-21T12:00:00Z,0.0,-27.375,311.125,NaN
2025-01-21T12:00:00Z,0.0,-27.375,311.375,NaN
2025-01-21T12:00:00Z,0.0,-27.375,311.625,26.67
2025-01-22T12:00:00Z,0.0,-27.875,311.125,NaN
2025-01-22T12:00:00Z,0.0,-27.875,311.375,NaN
2025-01-22T12:00:00Z,0.0,-27.875,311.625,26.439999
2025-01-22T12:00:00Z,0.0,-27.625,311.125,NaN
2025-01-22T12:00:00Z,0.0,-27.625,311.375,NaN
2025-01-22T12:00:00Z,0.0,-27.625,311.625,26.51
2025-01-22T12:00:00Z,0.0,-27.375,311.125,NaN
2025-01-22T12:00:00Z,0.0,-27.375,311.375,NaN
2025-01-22T12:00:00Z,0.0,-27.375,311.625,26.74
2025-01-23T12:00:00Z,0.0,-27.875,311.125,NaN
2025-01-23T12:00:00Z,0.0,-27.875,311.375,NaN
2025-01-23T12:00:00Z,0.0,-27.875,311.625,26.519999
2025-01-23T12:00:00Z,0.0,-27.625,311.125,NaN
2025-01-23T12:00:00Z,0.0,-27.625,311.375,NaN
2025-01-23T12:00:00Z,0.0,-27.625,311.625,26.59
2025-01-23T12:00:00Z,0.0,-27.375,311.125,NaN
2025-01-23T12:00:00Z,0.0,-27.375,311.375,NaN
2025-01-23T12:00:00Z,0.0,-27.375,311.625,26.81
2025-01-24T12:00:00Z,0.0,-27.875,311.125,NaN
2025-01-24T12:00:00Z,0.0,-27.875,311.375,NaN
2025-01-24T12:00:00Z,0.0,-27.875,311.625,26.599998
2025-01-24T12:00:00Z,0.0,-27.625,311.125,NaN
2025-01-24T12:00:00Z,0.0,-27.625,311.375,NaN
2025-01-24T12:00:00Z,0.0,-27.625,311.625,26.67
2025-01-24T12:00:00Z,0.0,-27.375,311.125,NaN
2025-01-24T12:00:00Z,0.0,-27.375,311.375,NaN
2025-01-24T12:00:00Z,0.0,-27.375,311.625,26.859999
2025-01-25T12:00:00Z,0.0,-27.875,311.125,NaN
2025-01-25T12:00:00Z,0.0,-27.875,311.375,NaN
2025-01-25T12:00:00Z,0.0,-27.875,311.625,26.529999
2025-01-25T12:00:00Z,0.0,-27.625,311.125,NaN
2025-01-25T12:00:00Z,0.0,-27.625,311.375,NaN
2025-01-25T12:00:00Z,0.0,-27.625,311.625,26.599998
2025-01-25T12:00:00Z,0.0,-27.375,311.125,NaN
2025-01-25T12:00:00Z,0.0,-27.375,311.375,NaN
2025-01-25T12:00:00Z,0.0,-27.375,311.625,26.81
2025-01-26T12:00:00Z,0.0,-27.875,311.125,NaN
2025-01-26T12:00:00Z,0.0,-27.875,311.375,NaN
2025-01-26T12:00:00Z,0.0,-27.875,311.625,26.43
2025-01-26T12:00:00Z,0.0,-27.625,311.125,NaN
2025-01-26T12:00:00Z,0.0,-27.625,311.375,NaN
2025-01-26T12:00:00Z,0.0,-27.625,311.625,26.519999
2025-01-26T12:00:00Z,0.0,-27.375,311.125,NaN
2025-01-26T12:00:00Z,0.0,-27.375,311.375,NaN
2025-01-26T12:00:00Z,0.0,-27.375,311.625,26.75
2025-01-27T12:00:00Z,0.0,-27.875,311.125,NaN
2025-01-27T12:00:00Z,0.0,-27.875,311.375,NaN
2025-01-27T12:00:00Z,0.0,-27.875,311.625,26.39
2025-01-27T12:00:00Z,0.0,-27.625,311.125,NaN
2025-01-27T12:00:00Z,0.0,-27.625,311.375,NaN
2025-01-27T12:00:00Z,0.0,-27.625,311.625,26.51
2025-01-27T12:00:00Z,0.0,-27.375,311.125,NaN
2025-01-27T12:00:00Z,0.0,-27.375,311.375,NaN
2025-01-27T12:00:00Z,0.0,-27.375,311.625,26.75
2025-01-28T12:00:00Z,0.0,-27.875,311.125,NaN
2025-01-28T12:00:00Z,0.0,-27.875,311.375,NaN
2025-01-28T12:00:00Z,0.0,-27.875,311.625,26.289999
2025-01-28T12:00:00Z,0.0,-27.625,311.125,NaN
2025-01-28T12:00:00Z,0.0,-27.625,311.375,NaN
2025-01-28T12:00:00Z,0.0,-27.625,311.625,26.46
2025-01-28T12:00:00Z,0.0,-27.375,311.125,NaN
2025-01-28T12:00:00Z,0.0,-27.375,311.375,NaN
2025-01-28T12:00:00Z,0.0,-27.375,311.625,26.74
2025-01-29T12:00:00Z,0.0,-27.875,311.125,NaN
2025-01-29T12:00:00Z,0.0,-27.875,311.375,NaN
2025-01-29T12:00:00Z,0.0,-27.875,311.625,26.43
2025-01-29T12:00:00Z,0.0,-27.625,311.125,NaN
2025-01-29T12:00:00Z,0.0,-27.625,311.375,NaN
2025-01-29T12:00:00Z,0.0,-27.625,311.625,26.59
2025-01-29T12:00:00Z,0.0,-27.375,311.125,NaN
2025-01-29T12:00:00Z,0.0,-27.375,311.375,NaN
2025-01-29T12:00:00Z,0.0,-27.375,311.625,26.83
2025-01-30T12:00:00Z,0.0,-27.875,311.125,NaN
2025-01-30T12:00:00Z,0.0,-27.875,311.375,NaN
2025-01-30T12:00:00Z,0.0,-27.875,311.625,26.46
2025-01-30T12:00:00Z,0.0,-27.625,311.125,NaN
2025-01-30T12:00:00Z,0.0,-27.625,311.375,NaN
2025-01-30T12:00:00Z,0.0,-27.625,311.625,26.599998
2025-01-30T12:00:00Z,0.0,-27.375,311.125,NaN
2025-01-30T12:00:00Z,0.0,-27.375,311.375,NaN
2025-01-30T12:00:00Z,0.0,-27.375,311.625,26.8
2025-01-31T12:00:00Z,0.0,-27.875,311.125,NaN
2025-01-31T12:00:00Z,0.0,-27.875,311.375,NaN
2025-01-31T12:00:00Z,0.0,-27.875,311.625,26.55
2025-01-31T12:00:00Z,0.0,-27.625,311.125,NaN
2025-01-31T12:00:00Z,0.0,-27.625,311.375,NaN
2025-01-31T12:00:00Z,0.0,-27.625,311.625,26.699999
2025-01-31T12:00:00Z,0.0,-27.375,311.125,NaN
2025-01-31T12:00:00Z,0.0,-27.375,311.375,NaN
2025-01-31T12:00:00Z,0.0,-27.375,311.625,26.88
2025-02-01T12:00:00Z,0.0,-27.875,311.125,NaN
2025-02-01T12:00:00Z,0.0,-27.875,311.375,NaN
2025-02-01T12:00:00Z,0.0,-27.875,311.625,26.59
2025-02-01T12:00:00Z,0.0,-27.625,311.125,NaN
2025-02-01T12:00:00Z,0.0,-27.625,311.375,NaN
2025-02-01T12:00:00Z,0.0,-27.625,311.625,26.67
2025-02-01T12:00:00Z,0.0,-27.375,311.125,NaN
2025-02-01T12:00:00Z,0.0,-27.375,311.375,NaN
2025-02-01T12:00:00Z,0.0,-27.375,311.625,26.789999
2025-02-02T12:00:00Z,0.0,-27.875,311.125,NaN
2025-02-02T12:00:00Z,0.0,-27.875,311.375,NaN
2025-02-02T12:00:00Z,0.0,-27.875,311.625,26.71
2025-02-02T12:00:00Z,0.0,-27.625,311.125,NaN
2025-02-02T12:00:00Z,0.0,-27.625,311.375,NaN
2025-02-02T12:00:00Z,0.0,-27.625,311.625,26.75
2025-02-02T12:00:00Z,0.0,-27.375,311.125,NaN
2025-02-02T12:00:00Z,0.0,-27.375,311.375,NaN
2025-02-02T12:00:00Z,0.0,-27.375,311.625,26.849998
2025-02-03T12:00:00Z,0.0,-27.875,311.125,NaN
2025-02-03T12:00:00Z,0.0,-27.875,311.375,NaN
2025-02-03T12:00:00Z,0.0,-27.875,311.625,26.93
2025-02-03T12:00:00Z,0.0,-27.625,311.125,NaN
2025-02-03T12:00:00Z,0.0,-27.625,311.375,NaN
2025-02-03T12:00:00Z,0.0,-27.625,311.625,26.97
2025-02-03T12:00:00Z,0.0,-27.375,311.125,NaN
2025-02-03T12:00:00Z,0.0,-27.375,311.375,NaN
2025-02-03T12:00:00Z,0.0,-27.375,311.625,27.07
2025-02-04T12:00:00Z,0.0,-27.875,311.125,NaN
2025-02-04T12:00:00Z,0.0,-27.875,311.375,NaN
2025-02-04T12:00:00Z,0.0,-27.875,311.625,27.15
2025-02-04T12:00:00Z,0.0,-27.625,311.125,NaN
2025-02-04T12:00:00Z,0.0,-27.625,311.375,NaN
2025-02-04T12:00:00Z,0.0,-27.625,311.625,27.199999
2025-02-04T12:00:00Z,0.0,-27.375,311.125,NaN
2025-02-04T12:00:00Z,0.0,-27.375,311.375,NaN
2025-02-04T12:00:00Z,0.0,-27.375,311.625,27.289999
2025-02-05T12:00:00Z,0.0,-27.875,311.125,NaN
2025-02-05T12:00:00Z,0.0,-27.875,311.375,NaN
2025-02-05T12:00:00Z,0.0,-27.875,311.625,27.21
2025-02-05T12:00:00Z,0.0,-27.625,311.125,NaN
2025-02-05T12:00:00Z,0.0,-27.625,311.375,NaN
2025-02-05T12:00:00Z,0.0,-27.625,311.625,27.24
2025-02-05T12:00:00Z,0.0,-27.375,311.125,NaN
2025-02-05T12:00:00Z,0.0,-27.375,311.375,NaN
2025-02-05T12:00:00Z,0.0,-27.375,311.625,27.33
2025-02-06T12:00:00Z,0.0,-27.875,311.125,NaN
2025-02-06T12:00:00Z,0.0,-27.875,311.375,NaN
2025-02-06T12:00:00Z,0.0,-27.875,311.625,27.519999
2025-02-06T12:00:00Z,0.0,-27.625,311.125,NaN
2025-02-06T12:00:00Z,0.0,-27.625,311.375,NaN
2025-02-06T12:00:00Z,0.0,-27.625,311.625,27.5
2025-02-06T12:00:00Z,0.0,-27.375,311.125,NaN
2025-02-06T12:00:00Z,0.0,-27.375,311.375,NaN
2025-02-06T12:00:00Z,0.0,-27.375,311.625,27.49
2025-02-07T12:00:00Z,0.0,-27.875,311.125,NaN
2025-02-07T12:00:00Z,0.0,-27.875,311.375,NaN
2025-02-07T12:00:00Z,0.0,-27.875,311.625,27.269999
2025-02-07T12:00:00Z,0.0,-27.625,311.125,NaN
2025-02-07T12:00:00Z,0.0,-27.625,311.375,NaN
2025-02-07T12:00:00Z,0.0,-27.625,311.625,27.16
2025-02-07T12:00:00Z,0.0,-27.375,311.125,NaN
2025-02-07T12:00:00Z,0.0,-27.375,311.375,NaN
2025-02-07T12:00:00Z,0.0,-27.375,311.625,27.109999
2025-02-08T12:00:00Z,0.0,-27.875,311.125,NaN
2025-02-08T12:00:00Z,0.0,-27.875,311.375,NaN
2025-02-08T12:00:00Z,0.0,-27.875,311.625,26.89
2025-02-08T12:00:00Z,0.0,-27.625,311.125,NaN
2025-02-08T12:00:00Z,0.0,-27.625,311.375,NaN
2025-02-08T12:00:00Z,0.0,-27.625,311.625,26.92
2025-02-08T12:00:00Z,0.0,-27.375,311.125,NaN
2025-02-08T12:00:00Z,0.0,-27.375,311.375,NaN
2025-02-08T12:00:00Z,0.0,-27.375,311.625,26.98
2025-02-09T12:00:00Z,0.0,-27.875,311.125,NaN
2025-02-09T12:00:00Z,0.0,-27.875,311.375,NaN
2025-02-09T12:00:00Z,0.0,-27.875,311.625,26.89
2025-02-09T12:00:00Z,0.0,-27.625,311.125,NaN
2025-02-09T12:00:00Z,0.0,-27.625,311.375,NaN
2025-02-09T12:00:00Z,0.0,-27.625,311.625,26.93
2025-02-09T12:00:00Z,0.0,-27.375,311.125,NaN
2025-02-09T12:00:00Z,0.0,-27.375,311.375,NaN
2025-02-09T12:00:00Z,0.0,-27.375,311.625,27.019999
2025-02-10T12:00:00Z,0.0,-27.875,311.125,NaN
2025-02-10T12:00:00Z,0.0,-27.875,311.375,NaN
2025-02-10T12:00:00Z,0.0,-27.875,311.625,26.81
2025-02-10T12:00:00Z,0.0,-27.625,311.125,NaN
2025-02-10T12:00:00Z,0.0,-27.625,311.375,NaN
2025-02-10T12:00:00Z,0.0,-27.625,311.625,26.859999
2025-02-10T12:00:00Z,0.0,-27.375,311.125,NaN
2025-02-10T12:00:00Z,0.0,-27.375,311.375,NaN
2025-02-10T12:00:00Z,0.0,-27.375,311.625,27.0
2025-02-11T12:00:00Z,0.0,-27.875,311.125,NaN
2025-02-11T12:00:00Z,0.0,-27.875,311.375,NaN
2025-02-11T12:00:00Z,0.0,-27.875,311.625,26.619999
2025-02-11T12:00:00Z,0.0,-27.625,311.125,NaN
2025-02-11T12:00:00Z,0.0,-27.625,311.375,NaN
2025-02-11T12:00:00Z,0.0,-27.625,311.625,26.699999
2025-02-11T12:00:00Z,0.0,-27.375,311.125,NaN
2025-02-11T12:00:00Z,0.0,-27.375,311.375,NaN
2025-02-11T12:00:00Z,0.0,-27.375,311.625,26.91
2025-02-12T12:00:00Z,0.0,-27.875,311.125,NaN
2025-02-12T12:00:00Z,0.0,-27.875,311.375,NaN
2025-02-12T12:00:00Z,0.0,-27.875,311.625,26.73
2025-02-12T12:00:00Z,0.0,-27.625,311.125,NaN
2025-02-12T12:00:00Z,0.0,-27.625,311.375,NaN
2025-02-12T12:00:00Z,0.0,-27.625,311.625,26.869999
2025-02-12T12:00:00Z,0.0,-27.375,311.125,NaN
2025-02-12T12:00:00Z,0.0,-27.375,311.375,NaN
2025-02-12T12:00:00Z,0.0,-27.375,311.625,27.08
2025-02-13T12:00:00Z,0.0,-27.875,311.125,NaN
2025-02-13T12:00:00Z,0.0,-27.875,311.375,NaN
2025-02-13T12:00:00Z,0.0,-27.875,311.625,27.019999
2025-02-13T12:00:00Z,0.0,-27.625,311.125,NaN
2025-02-13T12:00:00Z,0.0,-27.625,311.375,NaN
2025-02-13T12:00:00Z,0.0,-27.625,311.625,27.24
2025-02-13T12:00:00Z,0.0,-27.375,311.125,NaN
2025-02-13T12:00:00Z,0.0,-27.375,311.375,NaN
2025-02-13T12:00:00Z,0.0,-27.375,311.625,27.41
2025-02-14T12:00:00Z,0.0,-27.875,311.125,NaN
2025-02-14T12:00:00Z,0.0,-27.875,311.375,NaN
2025-02-14T12:00:00Z,0.0,-27.875,311.625,26.8
2025-02-14T12:00:00Z,0.0,-27.625,311.125,NaN
2025-02-14T12:00:00Z,0.0,-27.625,311.375,NaN
2025-02-14T12:00:00Z,0.0,-27.625,311.625,27.06
2025-02-14T12:00:00Z,0.0,-27.375,311.125,NaN
2025-02-14T12:00:00Z,0.0,-27.375,311.375,NaN
2025-02-14T12:00:00Z,0.0,-27.375,311.625,27.349998
2025-02-15T12:00:00Z,0.0,-27.875,311.125,NaN
2025-02-15T12:00:00Z,0.0,-27.875,311.375,NaN
2025-02-15T12:00:00Z,0.0,-27.875,311.625,26.82
2025-02-15T12:00:00Z,0.0,-27.625,311.125,NaN
2025-02-15T12:00:00Z,0.0,-27.625,311.375,NaN
2025-02-15T12:00:00Z,0.0,-27.625,311.625,27.08
2025-02-15T12:00:00Z,0.0,-27.375,311.125,NaN
2025-02-15T12:00:00Z,0.0,-27.375,311.375,NaN
2025-02-15T12:00:00Z,0.0,-27.375,311.625,27.349998
2025-02-16T12:00:00Z,0.0,-27.875,311.125,NaN
2025-02-16T12:00:00Z,0.0,-27.875,311.375,NaN
2025-02-16T12:00:00Z,0.0,-27.875,311.625,26.82
2025-02-16T12:00:00Z,0.0,-27.625,311.125,NaN
2025-02-16T12:00:00Z,0.0,-27.625,311.375,NaN
2025-02-16T12:00:00Z,0.0,-27.625,311.625,27.019999
2025-02-16T12:00:00Z,0.0,-27.375,311.125,NaN
2025-02-16T12:00:00Z,0.0,-27.375,311.375,NaN
2025-02-16T12:00:00Z,0.0,-27.375,311.625,27.279999
2025-02-17T12:00:00Z,0.0,-27.875,311.125,NaN
2025-02-17T12:00:00Z,0.0,-27.875,311.375,NaN
2025-02-17T12:00:00Z,0.0,-27.875,311.625,27.019999
2025-02-17T12:00:00Z,0.0,-27.625,311.125,NaN
2025-02-17T12:00:00Z,0.0,-27.625,311.375,NaN
2025-02-17T12:00:00Z,0.0,-27.625,311.625,27.23
2025-02-17T12:00:00Z,0.0,-27.375,311.125,NaN
2025-02-17T12:00:00Z,0.0,-27.375,311.375,NaN
2025-02-17T12:00:00Z,0.0,-27.375,311.625,27.49
2025-02-18T12:00:00Z,0.0,-27.875,311.125,NaN
2025-02-18T12:00:00Z,0.0,-27.875,311.375,NaN
2025-02-18T12:00:00Z,0.0,-27.875,311.625,26.99
2025-02-18T12:00:00Z,0.0,-27.625,311.125,NaN
2025-02-18T12:00:00Z,0.0,-27.625,311.375,NaN
2025-02-18T12:00:00Z,0.0,-27.625,311.625,27.269999
2025-02-18T12:00:00Z,0.0,-27.375,311.125,NaN
2025-02-18T12:00:00Z,0.0,-27.375,311.375,NaN
2025-02-18T12:00:00Z,0.0,-27.375,311.625,27.57
2025-02-19T12:00:00Z,0.0,-27.875,311.125,NaN
2025-02-19T12:00:00Z,0.0,-27.875,311.375,NaN
2025-02-19T12:00:00Z,0.0,-27.875,311.625,26.519999
2025-02-19T12:00:00Z,0.0,-27.625,311.125,NaN
2025-02-19T12:00:00Z,0.0,-27.625,311.375,NaN
2025-02-19T12:00:00Z,0.0,-27.625,311.625,26.779999
2025-02-19T12:00:00Z,0.0,-27.375,311.125,NaN
2025-02-19T12:00:00Z,0.0,-27.375,311.375,NaN
2025-02-19T12:00:00Z,0.0,-27.375,311.625,27.05
2025-02-20T12:00:00Z,0.0,-27.875,311.125,NaN
2025-02-20T12:00:00Z,0.0,-27.875,311.375,NaN
2025-02-20T12:00:00Z,0.0,-27.875,311.625,26.42
2025-02-20T12:00:00Z,0.0,-27.625,311.125,NaN
2025-02-20T12:00:00Z,0.0,-27.625,311.375,NaN
2025-02-20T12:00:00Z,0.0,-27.625,311.625,26.699999
2025-02-20T12:00:00Z,0.0,-27.375,311.125,NaN
2025-02-20T12:00:00Z,0.0,-27.375,311.375,NaN
2025-02-20T12:00:00Z,0.0,-27.375,311.625,26.99
2025-02-21T12:00:00Z,0.0,-27.875,311.125,NaN
2025-02-21T12:00:00Z,0.0,-27.875,311.375,NaN
2025-02-21T12:00:00Z,0.0,-27.875,311.625,26.17
2025-02-21T12:00:00Z,0.0,-27.625,311.125,NaN
2025-02-21T12:00:00Z,0.0,-27.625,311.375,NaN
2025-02-21T12:00:00Z,0.0,-27.625,311.625,26.33
2025-02-21T12:00:00Z,0.0,-27.375,311.125,NaN
2025-02-21T12:00:00Z,0.0,-27.375,311.375,NaN
2025-02-21T12:00:00Z,0.0,-27.375,311.625,26.539999
2025-02-22T12:00:00Z,0.0,-27.875,311.125,NaN
2025-02-22T12:00:00Z,0.0,-27.875,311.375,NaN
2025-02-22T12:00:00Z,0.0,-27.875,311.625,25.98
2025-02-22T12:00:00Z,0.0,-27.625,311.125,NaN
2025-02-22T12:00:00Z,0.0,-27.625,311.375,NaN
2025-02-22T12:00:00Z,0.0,-27.625,311.625,26.15
2025-02-22T12:00:00Z,0.0,-27.375,311.125,NaN
2025-02-22T12:00:00Z,0.0,-27.375,311.375,NaN
2025-02-22T12:00:00Z,0.0,-27.375,311.625,26.359999
2025-02-23T12:00:00Z,0.0,-27.875,311.125,NaN
2025-02-23T12:00:00Z,0.0,-27.875,311.375,NaN
2025-02-23T12:00:00Z,0.0,-27.875,311.625,25.9
2025-02-23T12:00:00Z,0.0,-27.625,311.125,NaN
2025-02-23T12:00:00Z,0.0,-27.625,311.375,NaN
2025-02-23T12:00:00Z,0.0,-27.625,311.625,26.09
2025-02-23T12:00:00Z,0.0,-27.375,311.125,NaN
2025-02-23T12:00:00Z,0.0,-27.375,311.375,NaN
2025-02-23T12:00:00Z,0.0,-27.375,311.625,26.31
2025-02-24T12:00:00Z,0.0,-27.875,311.125,NaN
2025-02-24T12:00:00Z,0.0,-27.875,311.375,NaN
2025-02-24T12:00:00Z,0.0,-27.875,311.625,25.89
2025-02-24T12:00:00Z,0.0,-27.625,311.125,NaN
2025-02-24T12:00:00Z,0.0,-27.625,311.375,NaN
2025-02-24T12:00:00Z,0.0,-27.625,311.625,26.07
2025-02-24T12:00:00Z,0.0,-27.375,311.125,NaN
2025-02-24T12:00:00Z,0.0,-27.375,311.375,NaN
2025-02-24T12:00:00Z,0.0,-27.375,311.625,26.279999
2025-02-25T12:00:00Z,0.0,-27.875,311.125,NaN
2025-02-25T12:00:00Z,0.0,-27.875,311.375,NaN
2025-02-25T12:00:00Z,0.0,-27.875,311.625,25.849998
2025-02-25T12:00:00Z,0.0,-27.625,311.125,NaN
2025-02-25T12:00:00Z,0.0,-27.625,311.375,NaN
2025-02-25T12:00:00Z,0.0,-27.625,311.625,26.039999
2025-02-25T12:00:00Z,0.0,-27.375,311.125,NaN
2025-02-25T12:00:00Z,0.0,-27.375,311.375,NaN
2025-02-25T12:00:00Z,0.0,-27.375,311.625,26.269999
2025-02-26T12:00:00Z,0.0,-27.875,311.125,NaN
2025-02-26T12:00:00Z,0.0,-27.875,311.375,NaN
2025-02-26T12:00:00Z,0.0,-27.875,311.625,25.81
2025-02-26T12:00:00Z,0.0,-27.625,311.125,NaN
2025-02-26T12:00:00Z,0.0,-27.625,311.375,NaN
2025-02-26T12:00:00Z,0.0,-27.625,311.625,25.99
2025-02-26T12:00:00Z,0.0,-27.375,311.125,NaN
2025-02-26T12:00:00Z,0.0,-27.375,311.375,NaN
2025-02-26T12:00:00Z,0.0,-27.375,311.625,26.23
2025-02-27T12:00:00Z,0.0,-27.875,311.125,NaN
2025-02-27T12:00:00Z,0.0,-27.875,311.375,NaN
2025-02-27T12:00:00Z,0.0,-27.875,311.625,25.92
2025-02-27T12:00:00Z,0.0,-27.625,311.125,NaN
2025-02-27T12:00:00Z,0.0,-27.625,311.375,NaN
2025-02-27T12:00:00Z,0.0,-27.625,311.625,26.07
2025-02-27T12:00:00Z,0.0,-27.375,311.125,NaN
2025-02-27T12:00:00Z,0.0,-27.375,311.375,NaN
2025-02-27T12:00:00Z,0.0,-27.375,311.625,26.3
2025-02-28T12:00:00Z,0.0,-27.875,311.125,NaN
2025-02-28T12:00:00Z,0.0,-27.875,311.375,NaN
2025-02-28T12:00:00Z,0.0,-27.875,311.625,25.88
2025-02-28T12:00:00Z,0.0,-27.625,311.125,NaN
2025-02-28T12:00:00Z,0.0,-27.625,311.375,NaN
2025-02-28T12:00:00Z,0.0,-27.625,311.625,25.99
2025-02-28T12:00:00Z,0.0,-27.375,311.125,NaN
2025-02-28T12:00:00Z,0.0,-27.375,311.375,NaN
2025-02-28T12:00:00Z,0.0,-27.375,311.625,26.26
2025-03-01T12:00:00Z,0.0,-27.875,311.125,NaN
2025-03-01T12:00:00Z,0.0,-27.875,311.375,NaN
2025-03-01T12:00:00Z,0.0,-27.875,311.625,25.43
2025-03-01T12:00:00Z,0.0,-27.625,311.125,NaN
2025-03-01T12:00:00Z,0.0,-27.625,311.375,NaN
2025-03-01T12:00:00Z,0.0,-27.625,311.625,25.68
2025-03-01T12:00:00Z,0.0,-27.375,311.125,NaN
2025-03-01T12:00:00Z,0.0,-27.375,311.375,NaN
2025-03-01T12:00:00Z,0.0,-27.375,311.625,26.14
2025-03-02T12:00:00Z,0.0,-27.875,311.125,NaN
2025-03-02T12:00:00Z,0.0,-27.875,311.375,NaN
2025-03-02T12:00:00Z,0.0,-27.875,311.625,24.619999
2025-03-02T12:00:00Z,0.0,-27.625,311.125,NaN
2025-03-02T12:00:00Z,0.0,-27.625,311.375,NaN
2025-03-02T12:00:00Z,0.0,-27.625,311.625,25.17
2025-03-02T12:00:00Z,0.0,-27.375,311.125,NaN
2025-03-02T12:00:00Z,0.0,-27.375,311.375,NaN
2025-03-02T12:00:00Z,0.0,-27.375,311.625,25.91
2025-03-03T12:00:00Z,0.0,-27.875,311.125,NaN
2025-03-03T12:00:00Z,0.0,-27.875,311.375,NaN
2025-03-03T12:00:00Z,0.0,-27.875,311.625,24.17
2025-03-03T12:00:00Z,0.0,-27.625,311.125,NaN
2025-03-03T12:00:00Z,0.0,-27.625,311.375,NaN
2025-03-03T12:00:00Z,0.0,-27.625,311.625,24.81
2025-03-03T12:00:00Z,0.0,-27.375,311.125,NaN
2025-03-03T12:00:00Z,0.0,-27.375,311.375,NaN
2025-03-03T12:00:00Z,0.0,-27.375,311.625,25.689999
2025-03-04T12:00:00Z,0.0,-27.875,311.125,NaN
2025-03-04T12:00:00Z,0.0,-27.875,311.375,NaN
2025-03-04T12:00:00Z,0.0,-27.875,311.625,23.98
2025-03-04T12:00:00Z,0.0,-27.625,311.125,NaN
2025-03-04T12:00:00Z,0.0,-27.625,311.375,NaN
2025-03-04T12:00:00Z,0.0,-27.625,311.625,24.73
2025-03-04T12:00:00Z,0.0,-27.375,311.125,NaN
2025-03-04T12:00:00Z,0.0,-27.375,311.375,NaN
2025-03-04T12:00:00Z,0.0,-27.375,311.625,25.67
2025-03-05T12:00:00Z,0.0,-27.875,311.125,NaN
2025-03-05T12:00:00Z,0.0,-27.875,311.375,NaN
2025-03-05T12:00:00Z,0.0,-27.875,311.625,23.83
2025-03-05T12:00:00Z,0.0,-27.625,311.125,NaN
2025-03-05T12:00:00Z,0.0,-27.625,311.375,NaN
2025-03-05T12:00:00Z,0.0,-27.625,311.625,24.8
2025-03-05T12:00:00Z,0.0,-27.375,311.125,NaN
2025-03-05T12:00:00Z,0.0,-27.375,311.375,NaN
2025-03-05T12:00:00Z,0.0,-27.375,311.625,25.779999
2025-03-06T12:00:00Z,0.0,-27.875,311.125,NaN
2025-03-06T12:00:00Z,0.0,-27.875,311.375,NaN
2025-03-06T12:00:00Z,0.0,-27.875,311.625,23.84
2025-03-06T12:00:00Z,0.0,-27.625,311.125,NaN
2025-03-06T12:00:00Z,0.0,-27.625,311.375,NaN
2025-03-06T12:00:00Z,0.0,-27.625,311.625,24.91
2025-03-06T12:00:00Z,0.0,-27.375,311.125,NaN
2025-03-06T12:00:00Z,0.0,-27.375,311.375,NaN
2025-03-06T12:00:00Z,0.0,-27.375,311.625,25.84
2025-03-07T12:00:00Z,0.0,-27.875,311.125,NaN
2025-03-07T12:00:00Z,0.0,-27.875,311.375,NaN
2025-03-07T12:00:00Z,0.0,-27.875,311.625,24.109999
2025-03-07T12:00:00Z,0.0,-27.625,311.125,NaN
2025-03-07T12:00:00Z,0.0,-27.625,311.375,NaN
2025-03-07T12:00:00Z,0.0,-27.625,311.625,25.15
2025-03-07T12:00:00Z,0.0,-27.375,311.125,NaN
2025-03-07T12:00:00Z,0.0,-27.375,311.375,NaN
2025-03-07T12:00:00Z,0.0,-27.375,311.625,25.91
2025-03-08T12:00:00Z,0.0,-27.875,311.125,NaN
2025-03-08T12:00:00Z,0.0,-27.875,311.375,NaN
2025-03-08T12:00:00Z,0.0,-27.875,311.625,24.15
2025-03-08T12:00:00Z,0.0,-27.625,311.125,NaN
2025-03-08T12:00:00Z,0.0,-27.625,311.375,NaN
2025-03-08T12:00:00Z,0.0,-27.625,311.625,25.16
2025-03-08T12:00:00Z,0.0,-27.375,311.125,NaN
2025-03-08T12:00:00Z,0.0,-27.375,311.375,NaN
2025-03-08T12:00:00Z,0.0,-27.375,311.625,25.81
2025-03-09T12:00:00Z,0.0,-27.875,311.125,NaN
2025-03-09T12:00:00Z,0.0,-27.875,311.375,NaN
2025-03-09T12:00:00Z,0.0,-27.875,311.625,23.93
2025-03-09T12:00:00Z,0.0,-27.625,311.125,NaN
2025-03-09T12:00:00Z,0.0,-27.625,311.375,NaN
2025-03-09T12:00:00Z,0.0,-27.625,311.625,24.9
2025-03-09T12:00:00Z,0.0,-27.375,311.125,NaN
2025-03-09T12:00:00Z,0.0,-27.375,311.375,NaN
2025-03-09T12:00:00Z,0.0,-27.375,311.625,25.519999
2025-03-10T12:00:00Z,0.0,-27.875,311.125,NaN
2025-03-10T12:00:00Z,0.0,-27.875,311.375,NaN
2025-03-10T12:00:00Z,0.0,-27.875,311.625,23.76
2025-03-10T12:00:00Z,0.0,-27.625,311.125,NaN
2025-03-10T12:00:00Z,0.0,-27.625,311.375,NaN
2025-03-10T12:00:00Z,0.0,-27.625,311.625,24.64
2025-03-10T12:00:00Z,0.0,-27.375,311.125,NaN
2025-03-10T12:00:00Z,0.0,-27.375,311.375,NaN
2025-03-10T12:00:00Z,0.0,-27.375,311.625,25.26
2025-03-11T12:00:00Z,0.0,-27.875,311.125,NaN
2025-03-11T12:00:00Z,0.0,-27.875,311.375,NaN
2025-03-11T12:00:00Z,0.0,-27.875,311.625,23.13
2025-03-11T12:00:00Z,0.0,-27.625,311.125,NaN
2025-03-11T12:00:00Z,0.0,-27.625,311.375,NaN
2025-03-11T12:00:00Z,0.0,-27.625,311.625,23.91
2025-03-11T12:00:00Z,0.0,-27.375,311.125,NaN
2025-03-11T12:00:00Z,0.0,-27.375,311.375,NaN
2025-03-11T12:00:00Z,0.0,-27.375,311.625,24.46
2025-03-12T12:00:00Z,0.0,-27.875,311.125,NaN
2025-03-12T12:00:00Z,0.0,-27.875,311.375,NaN
2025-03-12T12:00:00Z,0.0,-27.875,311.625,23.08
2025-03-12T12:00:00Z,0.0,-27.625,311.125,NaN
2025-03-12T12:00:00Z,0.0,-27.625,311.375,NaN
2025-03-12T12:00:00Z,0.0,-27.625,311.625,23.76
2025-03-12T12:00:00Z,0.0,-27.375,311.125,NaN
2025-03-12T12:00:00Z,0.0,-27.375,311.375,NaN
2025-03-12T12:00:00Z,0.0,-27.375,311.625,24.269999
2025-03-13T12:00:00Z,0.0,-27.875,311.125,NaN
2025-03-13T12:00:00Z,0.0,-27.875,311.375,NaN
2025-03-13T12:00:00Z,0.0,-27.875,311.625,22.689999
2025-03-13T12:00:00Z,0.0,-27.625,311.125,NaN
2025-03-13T12:00:00Z,0.0,-27.625,311.375,NaN
2025-03-13T12:00:00Z,0.0,-27.625,311.625,23.39
2025-03-13T12:00:00Z,0.0,-27.375,311.125,NaN
2025-03-13T12:00:00Z,0.0,-27.375,311.375,NaN
2025-03-13T12:00:00Z,0.0,-27.375,311.625,23.949999
2025-03-14T12:00:00Z,0.0,-27.875,311.125,NaN
2025-03-14T12:00:00Z,0.0,-27.875,311.375,NaN
2025-03-14T12:00:00Z,0.0,-27.875,311.625,22.519999
2025-03-14T12:00:00Z,0.0,-27.625,311.125,NaN
2025-03-14T12:00:00Z,0.0,-27.625,311.375,NaN
2025-03-14T12:00:00Z,0.0,-27.625,311.625,23.18
2025-03-14T12:00:00Z,0.0,-27.375,311.125,NaN
2025-03-14T12:00:00Z,0.0,-27.375,311.375,NaN
2025-03-14T12:00:00Z,0.0,-27.375,311.625,23.779999
2025-03-15T12:00:00Z,0.0,-27.875,311.125,NaN
2025-03-15T12:00:00Z,0.0,-27.875,311.375,NaN
2025-03-15T12:00:00Z,0.0,-27.875,311.625,22.699999
2025-03-15T12:00:00Z,0.0,-27.625,311.125,NaN
2025-03-15T12:00:00Z,0.0,-27.625,311.375,NaN
2025-03-15T12:00:00Z,0.0,-27.625,311.625,23.189999
2025-03-15T12:00:00Z,0.0,-27.375,311.125,NaN
2025-03-15T12:00:00Z,0.0,-27.375,311.375,NaN
2025-03-15T12:00:00Z,0.0,-27.375,311.625,23.73
2025-03-16T12:00:00Z,0.0,-27.875,311.125,NaN
2025-03-16T12:00:00Z,0.0,-27.875,311.375,NaN
2025-03-16T12:00:00Z,0.0,-27.875,311.625,22.519999
2025-03-16T12:00:00Z,0.0,-27.625,311.125,NaN
2025-03-16T12:00:00Z,0.0,-27.625,311.375,NaN
2025-03-16T12:00:00Z,0.0,-27.625,311.625,22.859999
2025-03-16T12:00:00Z,0.0,-27.375,311.125,NaN
2025-03-16T12:00:00Z,0.0,-27.375,311.375,NaN
2025-03-16T12:00:00Z,0.0,-27.375,311.625,23.359999
2025-03-17T12:00:00Z,0.0,-27.875,311.125,NaN
2025-03-17T12:00:00Z,0.0,-27.875,311.375,NaN
2025-03-17T12:00:00Z,0.0,-27.875,311.625,22.66
2025-03-17T12:00:00Z,0.0,-27.625,311.125,NaN
2025-03-17T12:00:00Z,0.0,-27.625,311.375,NaN
2025-03-17T12:00:00Z,0.0,-27.625,311.625,22.93
2025-03-17T12:00:00Z,0.0,-27.375,311.125,NaN
2025-03-17T12:00:00Z,0.0,-27.375,311.375,NaN
2025-03-17T12:00:00Z,0.0,-27.375,311.625,23.359999
2025-03-18T12:00:00Z,0.0,-27.875,311.125,NaN
2025-03-18T12:00:00Z,0.0,-27.875,311.375,NaN
2025-03-18T12:00:00Z,0.0,-27.875,311.625,22.75
2025-03-18T12:00:00Z,0.0,-27.625,311.125,NaN
2025-03-18T12:00:00Z,0.0,-27.625,311.375,NaN
2025-03-18T12:00:00Z,0.0,-27.625,311.625,22.96
2025-03-18T12:00:00Z,0.0,-27.375,311.125,NaN
2025-03-18T12:00:00Z,0.0,-27.375,311.375,NaN
2025-03-18T12:00:00Z,0.0,-27.375,311.625,23.32
2025-03-19T12:00:00Z,0.0,-27.875,311.125,NaN
2025-03-19T12:00:00Z,0.0,-27.875,311.375,NaN
2025-03-19T12:00:00Z,0.0,-27.875,311.625,22.75
2025-03-19T12:00:00Z,0.0,-27.625,311.125,NaN
2025-03-19T12:00:00Z,0.0,-27.625,311.375,NaN
2025-03-19T12:00:00Z,0.0,-27.625,311.625,22.89
2025-03-19T12:00:00Z,0.0,-27.375,311.125,NaN
2025-03-19T12:00:00Z,0.0,-27.375,311.375,NaN
2025-03-19T12:00:00Z,0.0,-27.375,311.625,23.18
2025-03-20T12:00:00Z,0.0,-27.875,311.125,NaN
2025-03-20T12:00:00Z,0.0,-27.875,311.375,NaN
2025-03-20T12:00:00Z,0.0,-27.875,311.625,22.84
2025-03-20T12:00:00Z,0.0,-27.625,311.125,NaN
2025-03-20T12:00:00Z,0.0,-27.625,311.375,NaN
2025-03-20T12:00:00Z,0.0,-27.625,311.625,22.93
2025-03-20T12:00:00Z,0.0,-27.375,311.125,NaN
2025-03-20T12:00:00Z,0.0,-27.375,311.375,NaN
2025-03-20T12:00:00Z,0.0,-27.375,311.625,23.14
2025-03-21T12:00:00Z,0.0,-27.875,311.125,NaN
2025-03-21T12:00:00Z,0.0,-27.875,311.375,NaN
2025-03-21T12:00:00Z,0.0,-27.875,311.625,22.939999
2025-03-21T12:00:00Z,0.0,-27.625,311.125,NaN
2025-03-21T12:00:00Z,0.0,-27.625,311.375,NaN
2025-03-21T12:00:00Z,0.0,-27.625,311.625,23.01
2025-03-21T12:00:00Z,0.0,-27.375,311.125,NaN
2025-03-21T12:00:00Z,0.0,-27.375,311.375,NaN
2025-03-21T12:00:00Z,0.0,-27.375,311.625,23.199999
2025-03-22T12:00:00Z,0.0,-27.875,311.125,NaN
2025-03-22T12:00:00Z,0.0,-27.875,311.375,NaN
2025-03-22T12:00:00Z,0.0,-27.875,311.625,23.07
2025-03-22T12:00:00Z,0.0,-27.625,311.125,NaN
2025-03-22T12:00:00Z,0.0,-27.625,311.375,NaN
2025-03-22T12:00:00Z,0.0,-27.625,311.625,23.17
2025-03-22T12:00:00Z,0.0,-27.375,311.125,NaN
2025-03-22T12:00:00Z,0.0,-27.375,311.375,NaN
2025-03-22T12:00:00Z,0.0,-27.375,311.625,23.39
2025-03-23T12:00:00Z,0.0,-27.875,311.125,NaN
2025-03-23T12:00:00Z,0.0,-27.875,311.375,NaN
2025-03-23T12:00:00Z,0.0,-27.875,311.625,23.33
2025-03-23T12:00:00Z,0.0,-27.625,311.125,NaN
2025-03-23T12:00:00Z,0.0,-27.625,311.375,NaN
2025-03-23T12:00:00Z,0.0,-27.625,311.625,23.48
2025-03-23T12:00:00Z,0.0,-27.375,311.125,NaN
2025-03-23T12:00:00Z,0.0,-27.375,311.375,NaN
2025-03-23T12:00:00Z,0.0,-27.375,311.625,23.74
2025-03-24T12:00:00Z,0.0,-27.875,311.125,NaN
2025-03-24T12:00:00Z,0.0,-27.875,311.375,NaN
2025-03-24T12:00:00Z,0.0,-27.875,311.625,23.57
2025-03-24T12:00:00Z,0.0,-27.625,311.125,NaN
2025-03-24T12:00:00Z,0.0,-27.625,311.375,NaN
2025-03-24T12:00:00Z,0.0,-27.625,311.625,23.769999
2025-03-24T12:00:00Z,0.0,-27.375,311.125,NaN
2025-03-24T12:00:00Z,0.0,-27.375,311.375,NaN
2025-03-24T12:00:00Z,0.0,-27.375,311.625,24.08
2025-03-25T12:00:00Z,0.0,-27.875,311.125,NaN
2025-03-25T12:00:00Z,0.0,-27.875,311.375,NaN
2025-03-25T12:00:00Z,0.0,-27.875,311.625,23.75
2025-03-25T12:00:00Z,0.0,-27.625,311.125,NaN
2025-03-25T12:00:00Z,0.0,-27.625,311.375,NaN
2025-03-25T12:00:00Z,0.0,-27.625,311.625,23.96
2025-03-25T12:00:00Z,0.0,-27.375,311.125,NaN
2025-03-25T12:00:00Z,0.0,-27.375,311.375,NaN
2025-03-25T12:00:00Z,0.0,-27.375,311.625,24.279999
2025-03-26T12:00:00Z,0.0,-27.875,311.125,NaN
2025-03-26T12:00:00Z,0.0,-27.875,311.375,NaN
2025-03-26T12:00:00Z,0.0,-27.875,311.625,23.8
2025-03-26T12:00:00Z,0.0,-27.625,311.125,NaN
2025-03-26T12:00:00Z,0.0,-27.625,311.375,NaN
2025-03-26T12:00:00Z,0.0,-27.625,311.625,24.01
2025-03-26T12:00:00Z,0.0,-27.375,311.125,NaN
2025-03-26T12:00:00Z,0.0,-27.375,311.375,NaN
2025-03-26T12:00:00Z,0.0,-27.375,311.625,24.31
2025-03-27T12:00:00Z,0.0,-27.875,311.125,NaN
2025-03-27T12:00:00Z,0.0,-27.875,311.375,NaN
2025-03-27T12:00:00Z,0.0,-27.875,311.625,23.88
2025-03-27T12:00:00Z,0.0,-27.625,311.125,NaN
2025-03-27T12:00:00Z,0.0,-27.625,311.375,NaN
2025-03-27T12:00:00Z,0.0,-27.625,311.625,24.09
2025-03-27T12:00:00Z,0.0,-27.375,311.125,NaN
2025-03-27T12:00:00Z,0.0,-27.375,311.375,NaN
2025-03-27T12:00:00Z,0.0,-27.375,311.625,24.369999
2025-03-28T12:00:00Z,0.0,-27.875,311.125,NaN
2025-03-28T12:00:00Z,0.0,-27.875,311.375,NaN
2025-03-28T12:00:00Z,0.0,-27.875,311.625,23.92
2025-03-28T12:00:00Z,0.0,-27.625,311.125,NaN
2025-03-28T12:00:00Z,0.0,-27.625,311.375,NaN
2025-03-28T12:00:00Z,0.0,-27.625,311.625,24.18
2025-03-28T12:00:00Z,0.0,-27.375,311.125,NaN
2025-03-28T12:00:00Z,0.0,-27.375,311.375,NaN
2025-03-28T12:00:00Z,0.0,-27.375,311.625,24.5
2025-03-29T12:00:00Z,0.0,-27.875,311.125,NaN
2025-03-29T12:00:00Z,0.0,-27.875,311.375,NaN
2025-03-29T12:00:00Z,0.0,-27.875,311.625,23.949999
2025-03-29T12:00:00Z,0.0,-27.625,311.125,NaN
2025-03-29T12:00:00Z,0.0,-27.625,311.375,NaN
2025-03-29T12:00:00Z,0.0,-27.625,311.625,24.23
2025-03-29T12:00:00Z,0.0,-27.375,311.125,NaN
2025-03-29T12:00:00Z,0.0,-27.375,311.375,NaN
2025-03-29T12:00:00Z,0.0,-27.375,311.625,24.609999
2025-03-30T12:00:00Z,0.0,-27.875,311.125,NaN
2025-03-30T12:00:00Z,0.0,-27.875,311.375,NaN
2025-03-30T12:00:00Z,0.0,-27.875,311.625,24.14
2025-03-30T12:00:00Z,0.0,-27.625,311.125,NaN
2025-03-30T12:00:00Z,0.0,-27.625,311.375,NaN
2025-03-30T12:00:00Z,0.0,-27.625,311.625,24.39
2025-03-30T12:00:00Z,0.0,-27.375,311.125,NaN
2025-03-30T12:00:00Z,0.0,-27.375,311.375,NaN
2025-03-30T12:00:00Z,0.0,-27.375,311.625,24.8
2025-03-31T12:00:00Z,0.0,-27.875,311.125,NaN
2025-03-31T12:00:00Z,0.0,-27.875,311.375,NaN
2025-03-31T12:00:00Z,0.0,-27.875,311.625,24.24
2025-03-31T12:00:00Z,0.0,-27.625,311.125,NaN
2025-03-31T12:00:00Z,0.0,-27.625,311.375,NaN
2025-03-31T12:00:00Z,0.0,-27.625,311.625,24.449999
2025-03-31T12:00:00Z,0.0,-27.375,311.125,NaN
2025-03-31T12:00:00Z,0.0,-27.375,311.375,NaN
2025-03-31T12:00:00Z,0.0,-27.375,311.625,24.84
2025-04-01T12:00:00Z,0.0,-27.875,311.125,NaN
2025-04-01T12:00:00Z,0.0,-27.875,311.375,NaN
2025-04-01T12:00:00Z,0.0,-27.875,311.625,24.289999
2025-04-01T12:00:00Z,0.0,-27.625,311.125,NaN
2025-04-01T12:00:00Z,0.0,-27.625,311.375,NaN
2025-04-01T12:00:00Z,0.0,-27.625,311.625,24.529999
2025-04-01T12:00:00Z,0.0,-27.375,311.125,NaN
2025-04-01T12:00:00Z,0.0,-27.375,311.375,NaN
2025-04-01T12:00:00Z,0.0,-27.375,311.625,24.939999
2025-04-02T12:00:00Z,0.0,-27.875,311.125,NaN
2025-04-02T12:00:00Z,0.0,-27.875,311.375,NaN
2025-04-02T12:00:00Z,0.0,-27.875,311.625,24.32
2025-04-02T12:00:00Z,0.0,-27.625,311.125,NaN
2025-04-02T12:00:00Z,0.0,-27.625,311.375,NaN
2025-04-02T12:00:00Z,0.0,-27.625,311.625,24.55
2025-04-02T12:00:00Z,0.0,-27.375,311.125,NaN
2025-04-02T12:00:00Z,0.0,-27.375,311.375,NaN
2025-04-02T12:00:00Z,0.0,-27.375,311.625,24.96
2025-04-03T12:00:00Z,0.0,-27.875,311.125,NaN
2025-04-03T12:00:00Z,0.0,-27.875,311.375,NaN
2025-04-03T12:00:00Z,0.0,-27.875,311.625,24.31
2025-04-03T12:00:00Z,0.0,-27.625,311.125,NaN
2025-04-03T12:00:00Z,0.0,-27.625,311.375,NaN
2025-04-03T12:00:00Z,0.0,-27.625,311.625,24.55
2025-04-03T12:00:00Z,0.0,-27.375,311.125,NaN
2025-04-03T12:00:00Z,0.0,-27.375,311.375,NaN
2025-04-03T12:00:00Z,0.0,-27.375,311.625,24.98
2025-04-04T12:00:00Z,0.0,-27.875,311.125,NaN
2025-04-04T12:00:00Z,0.0,-27.875,311.375,NaN
2025-04-04T12:00:00Z,0.0,-27.875,311.625,24.18
2025-04-04T12:00:00Z,0.0,-27.625,311.125,NaN
2025-04-04T12:00:00Z,0.0,-27.625,311.375,NaN
2025-04-04T12:00:00Z,0.0,-27.625,311.625,24.539999
2025-04-04T12:00:00Z,0.0,-27.375,311.125,NaN
2025-04-04T12:00:00Z,0.0,-27.375,311.375,NaN
2025-04-04T12:00:00Z,0.0,-27.375,311.625,24.98
2025-04-05T12:00:00Z,0.0,-27.875,311.125,NaN
2025-04-05T12:00:00Z,0.0,-27.875,311.375,NaN
2025-04-05T12:00:00Z,0.0,-27.875,311.625,23.779999
2025-04-05T12:00:00Z,0.0,-27.625,311.125,NaN
2025-04-05T12:00:00Z,0.0,-27.625,311.375,NaN
2025-04-05T12:00:00Z,0.0,-27.625,311.625,23.96
2025-04-05T12:00:00Z,0.0,-27.375,311.125,NaN
2025-04-05T12:00:00Z,0.0,-27.375,311.375,NaN
2025-04-05T12:00:00Z,0.0,-27.375,311.625,24.17
2025-04-06T12:00:00Z,0.0,-27.875,311.125,NaN
2025-04-06T12:00:00Z,0.0,-27.875,311.375,NaN
2025-04-06T12:00:00Z,0.0,-27.875,311.625,23.449999
2025-04-06T12:00:00Z,0.0,-27.625,311.125,NaN
2025-04-06T12:00:00Z,0.0,-27.625,311.375,NaN
2025-04-06T12:00:00Z,0.0,-27.625,311.625,23.46
2025-04-06T12:00:00Z,0.0,-27.375,311.125,NaN
2025-04-06T12:00:00Z,0.0,-27.375,311.375,NaN
2025-04-06T12:00:00Z,0.0,-27.375,311.625,23.529999
2025-04-07T12:00:00Z,0.0,-27.875,311.125,NaN
2025-04-07T12:00:00Z,0.0,-27.875,311.375,NaN
2025-04-07T12:00:00Z,0.0,-27.875,311.625,23.43
2025-04-07T12:00:00Z,0.0,-27.625,311.125,NaN
2025-04-07T12:00:00Z,0.0,-27.625,311.375,NaN
2025-04-07T12:00:00Z,0.0,-27.625,311.625,23.39
2025-04-07T12:00:00Z,0.0,-27.375,311.125,NaN
2025-04-07T12:00:00Z,0.0,-27.375,311.375,NaN
2025-04-07T12:00:00Z,0.0,-27.375,311.625,23.42
2025-04-08T12:00:00Z,0.0,-27.875,311.125,NaN
2025-04-08T12:00:00Z,0.0,-27.875,311.375,NaN
2025-04-08T12:00:00Z,0.0,-27.875,311.625,23.39
2025-04-08T12:00:00Z,0.0,-27.625,311.125,NaN
2025-04-08T12:00:00Z,0.0,-27.625,311.375,NaN
2025-04-08T12:00:00Z,0.0,-27.625,311.625,23.289999
2025-04-08T12:00:00Z,0.0,-27.375,311.125,NaN
2025-04-08T12:00:00Z,0.0,-27.375,311.375,NaN
2025-04-08T12:00:00Z,0.0,-27.375,311.625,23.25
2025-04-09T12:00:00Z,0.0,-27.875,311.125,NaN
2025-04-09T12:00:00Z,0.0,-27.875,311.375,NaN
2025-04-09T12:00:00Z,0.0,-27.875,311.625,23.439999
2025-04-09T12:00:00Z,0.0,-27.625,311.125,NaN
2025-04-09T12:00:00Z,0.0,-27.625,311.375,NaN
2025-04-09T12:00:00Z,0.0,-27.625,311.625,23.33
2025-04-09T12:00:00Z,0.0,-27.375,311.125,NaN
2025-04-09T12:00:00Z,0.0,-27.375,311.375,NaN
2025-04-09T12:00:00Z,0.0,-27.375,311.625,23.279999
2025-04-10T12:00:00Z,0.0,-27.875,311.125,NaN
2025-04-10T12:00:00Z,0.0,-27.875,311.375,NaN
2025-04-10T12:00:00Z,0.0,-27.875,311.625,23.48
2025-04-10T12:00:00Z,0.0,-27.625,311.125,NaN
2025-04-10T12:00:00Z,0.0,-27.625,311.375,NaN
2025-04-10T12:00:00Z,0.0,-27.625,311.625,23.4
2025-04-10T12:00:00Z,0.0,-27.375,311.125,NaN
2025-04-10T12:00:00Z,0.0,-27.375,311.375,NaN
2025-04-10T12:00:00Z,0.0,-27.375,311.625,23.359999
2025-04-11T12:00:00Z,0.0,-27.875,311.125,NaN
2025-04-11T12:00:00Z,0.0,-27.875,311.375,NaN
2025-04-11T12:00:00Z,0.0,-27.875,311.625,23.58
2025-04-11T12:00:00Z,0.0,-27.625,311.125,NaN
2025-04-11T12:00:00Z,0.0,-27.625,311.375,NaN
2025-04-11T12:00:00Z,0.0,-27.625,311.625,23.56
2025-04-11T12:00:00Z,0.0,-27.375,311.125,NaN
2025-04-11T12:00:00Z,0.0,-27.375,311.375,NaN
2025-04-11T12:00:00Z,0.0,-27.375,311.625,23.57
2025-04-12T12:00:00Z,0.0,-27.875,311.125,NaN
2025-04-12T12:00:00Z,0.0,-27.875,311.375,NaN
2025-04-12T12:00:00Z,0.0,-27.875,311.625,23.64
2025-04-12T12:00:00Z,0.0,-27.625,311.125,NaN
2025-04-12T12:00:00Z,0.0,-27.625,311.375,NaN
2025-04-12T12:00:00Z,0.0,-27.625,311.625,23.66
2025-04-12T12:00:00Z,0.0,-27.375,311.125,NaN
2025-04-12T12:00:00Z,0.0,-27.375,311.375,NaN
2025-04-12T12:00:00Z,0.0,-27.375,311.625,23.699999
2025-04-13T12:00:00Z,0.0,-27.875,311.125,NaN
2025-04-13T12:00:00Z,0.0,-27.875,311.375,NaN
2025-04-13T12:00:00Z,0.0,-27.875,311.625,23.56
2025-04-13T12:00:00Z,0.0,-27.625,311.125,NaN
2025-04-13T12:00:00Z,0.0,-27.625,311.375,NaN
2025-04-13T12:00:00Z,0.0,-27.625,311.625,23.609999
2025-04-13T12:00:00Z,0.0,-27.375,311.125,NaN
2025-04-13T12:00:00Z,0.0,-27.375,311.375,NaN
2025-04-13T12:00:00Z,0.0,-27.375,311.625,23.68
2025-04-14T12:00:00Z,0.0,-27.875,311.125,NaN
2025-04-14T12:00:00Z,0.0,-27.875,311.375,NaN
2025-04-14T12:00:00Z,0.0,-27.875,311.625,23.48
2025-04-14T12:00:00Z,0.0,-27.625,311.125,NaN
2025-04-14T12:00:00Z,0.0,-27.625,311.375,NaN
2025-04-14T12:00:00Z,0.0,-27.625,311.625,23.539999
2025-04-14T12:00:00Z,0.0,-27.375,311.125,NaN
2025-04-14T12:00:00Z,0.0,-27.375,311.375,NaN
2025-04-14T12:00:00Z,0.0,-27.375,311.625,23.63
2025-04-15T12:00:00Z,0.0,-27.875,311.125,NaN
2025-04-15T12:00:00Z,0.0,-27.875,311.375,NaN
2025-04-15T12:00:00Z,0.0,-27.875,311.625,23.359999
2025-04-15T12:00:00Z,0.0,-27.625,311.125,NaN
2025-04-15T12:00:00Z,0.0,-27.625,311.375,NaN
2025-04-15T12:00:00Z,0.0,-27.625,311.625,23.42
2025-04-15T12:00:00Z,0.0,-27.375,311.125,NaN
2025-04-15T12:00:00Z,0.0,-27.375,311.375,NaN
2025-04-15T12:00:00Z,0.0,-27.375,311.625,23.49
2025-04-16T12:00:00Z,0.0,-27.875,311.125,NaN
2025-04-16T12:00:00Z,0.0,-27.875,311.375,NaN
2025-04-16T12:00:00Z,0.0,-27.875,311.625,23.3
2025-04-16T12:00:00Z,0.0,-27.625,311.125,NaN
2025-04-16T12:00:00Z,0.0,-27.625,311.375,NaN
2025-04-16T12:00:00Z,0.0,-27.625,311.625,23.359999
2025-04-16T12:00:00Z,0.0,-27.375,311.125,NaN
2025-04-16T12:00:00Z,0.0,-27.375,311.375,NaN
2025-04-16T12:00:00Z,0.0,-27.375,311.625,23.43
2025-04-17T12:00:00Z,0.0,-27.875,311.125,NaN
2025-04-17T12:00:00Z,0.0,-27.875,311.375,NaN
2025-04-17T12:00:00Z,0.0,-27.875,311.625,23.279999
2025-04-17T12:00:00Z,0.0,-27.625,311.125,NaN
2025-04-17T12:00:00Z,0.0,-27.625,311.375,NaN
2025-04-17T12:00:00Z,0.0,-27.625,311.625,23.35
2025-04-17T12:00:00Z,0.0,-27.375,311.125,NaN
2025-04-17T12:00:00Z,0.0,-27.375,311.375,NaN
2025-04-17T12:00:00Z,0.0,-27.375,311.625,23.439999
2025-04-18T12:00:00Z,0.0,-27.875,311.125,NaN
2025-04-18T12:00:00Z,0.0,-27.875,311.375,NaN
2025-04-18T12:00:00Z,0.0,-27.875,311.625,23.289999
2025-04-18T12:00:00Z,0.0,-27.625,311.125,NaN
2025-04-18T12:00:00Z,0.0,-27.625,311.375,NaN
2025-04-18T12:00:00Z,0.0,-27.625,311.625,23.35
2025-04-18T12:00:00Z,0.0,-27.375,311.125,NaN
2025-04-18T12:00:00Z,0.0,-27.375,311.375,NaN
2025-04-18T12:00:00Z,0.0,-27.375,311.625,23.46
2025-04-19T12:00:00Z,0.0,-27.875,311.125,NaN
2025-04-19T12:00:00Z,0.0,-27.875,311.375,NaN
2025-04-19T12:00:00Z,0.0,-27.875,311.625,23.26
2025-04-19T12:00:00Z,0.0,-27.625,311.125,NaN
2025-04-19T12:00:00Z,0.0,-27.625,311.375,NaN
2025-04-19T12:00:00Z,0.0,-27.625,311.625,23.34
2025-04-19T12:00:00Z,0.0,-27.375,311.125,NaN
2025-04-19T12:00:00Z,0.0,-27.375,311.375,NaN
2025-04-19T12:00:00Z,0.0,-27.375,311.625,23.46
2025-04-20T12:00:00Z,0.0,-27.875,311.125,NaN
2025-04-20T12:00:00Z,0.0,-27.875,311.375,NaN
2025-04-20T12:00:00Z,0.0,-27.875,311.625,23.22
2025-04-20T12:00:00Z,0.0,-27.625,311.125,NaN
2025-04-20T12:00:00Z,0.0,-27.625,311.375,NaN
2025-04-20T12:00:00Z,0.0,-27.625,311.625,23.24
2025-04-20T12:00:00Z,0.0,-27.375,311.125,NaN
2025-04-20T12:00:00Z,0.0,-27.375,311.375,NaN
2025-04-20T12:00:00Z,0.0,-27.375,311.625,23.33
2025-04-21T12:00:00Z,0.0,-27.875,311.125,NaN
2025-04-21T12:00:00Z,0.0,-27.875,311.375,NaN
2025-04-21T12:00:00Z,0.0,-27.875,311.625,22.96
2025-04-21T12:00:00Z,0.0,-27.625,311.125,NaN
2025-04-21T12:00:00Z,0.0,-27.625,311.375,NaN
2025-04-21T12:00:00Z,0.0,-27.625,311.625,22.939999
2025-04-21T12:00:00Z,0.0,-27.375,311.125,NaN
2025-04-21T12:00:00Z,0.0,-27.375,311.375,NaN
2025-04-21T12:00:00Z,0.0,-27.375,311.625,23.0
2025-04-22T12:00:00Z,0.0,-27.875,311.125,NaN
2025-04-22T12:00:00Z,0.0,-27.875,311.375,NaN
2025-04-22T12:00:00Z,0.0,-27.875,311.625,22.789999
2025-04-22T12:00:00Z,0.0,-27.625,311.125,NaN
2025-04-22T12:00:00Z,0.0,-27.625,311.375,NaN
2025-04-22T12:00:00Z,0.0,-27.625,311.625,22.74
2025-04-22T12:00:00Z,0.0,-27.375,311.125,NaN
2025-04-22T12:00:00Z,0.0,-27.375,311.375,NaN
2025-04-22T12:00:00Z,0.0,-27.375,311.625,22.83
2025-04-23T12:00:00Z,0.0,-27.875,311.125,NaN
2025-04-23T12:00:00Z,0.0,-27.875,311.375,NaN
2025-04-23T12:00:00Z,0.0,-27.875,311.625,22.82
2025-04-23T12:00:00Z,0.0,-27.625,311.125,NaN
2025-04-23T12:00:00Z,0.0,-27.625,311.375,NaN
2025-04-23T12:00:00Z,0.0,-27.625,311.625,22.769999
2025-04-23T12:00:00Z,0.0,-27.375,311.125,NaN
2025-04-23T12:00:00Z,0.0,-27.375,311.375,NaN
2025-04-23T12:00:00Z,0.0,-27.375,311.625,22.82
2025-04-24T12:00:00Z,0.0,-27.875,311.125,NaN
2025-04-24T12:00:00Z,0.0,-27.875,311.375,NaN
2025-04-24T12:00:00Z,0.0,-27.875,311.625,22.789999
2025-04-24T12:00:00Z,0.0,-27.625,311.125,NaN
2025-04-24T12:00:00Z,0.0,-27.625,311.375,NaN
2025-04-24T12:00:00Z,0.0,-27.625,311.625,22.76
2025-04-24T12:00:00Z,0.0,-27.375,311.125,NaN
2025-04-24T12:00:00Z,0.0,-27.375,311.375,NaN
2025-04-24T12:00:00Z,0.0,-27.375,311.625,22.82
2025-04-25T12:00:00Z,0.0,-27.875,311.125,NaN
2025-04-25T12:00:00Z,0.0,-27.875,311.375,NaN
2025-04-25T12:00:00Z,0.0,-27.875,311.625,22.779999
2025-04-25T12:00:00Z,0.0,-27.625,311.125,NaN
2025-04-25T12:00:00Z,0.0,-27.625,311.375,NaN
2025-04-25T12:00:00Z,0.0,-27.625,311.625,22.76
2025-04-25T12:00:00Z,0.0,-27.375,311.125,NaN
2025-04-25T12:00:00Z,0.0,-27.375,311.375,NaN
2025-04-25T12:00:00Z,0.0,-27.375,311.625,22.83
2025-04-26T12:00:00Z,0.0,-27.875,311.125,NaN
2025-04-26T12:00:00Z,0.0,-27.875,311.375,NaN
2025-04-26T12:00:00Z,0.0,-27.875,311.625,22.76
2025-04-26T12:00:00Z,0.0,-27.625,311.125,NaN
2025-04-26T12:00:00Z,0.0,-27.625,311.375,NaN
2025-04-26T12:00:00Z,0.0,-27.625,311.625,22.76
2025-04-26T12:00:00Z,0.0,-27.375,311.125,NaN
2025-04-26T12:00:00Z,0.0,-27.375,311.375,NaN
2025-04-26T12:00:00Z,0.0,-27.375,311.625,22.859999
2025-04-27T12:00:00Z,0.0,-27.875,311.125,NaN
2025-04-27T12:00:00Z,0.0,-27.875,311.375,NaN
2025-04-27T12:00:00Z,0.0,-27.875,311.625,22.779999
2025-04-27T12:00:00Z,0.0,-27.625,311.125,NaN
2025-04-27T12:00:00Z,0.0,-27.625,311.375,NaN
2025-04-27T12:00:00Z,0.0,-27.625,311.625,22.8
2025-04-27T12:00:00Z,0.0,-27.375,311.125,NaN
2025-04-27T12:00:00Z,0.0,-27.375,311.375,NaN
2025-04-27T12:00:00Z,0.0,-27.375,311.625,22.92
2025-04-28T12:00:00Z,0.0,-27.875,311.125,NaN
2025-04-28T12:00:00Z,0.0,-27.875,311.375,NaN
2025-04-28T12:00:00Z,0.0,-27.875,311.625,22.56
2025-04-28T12:00:00Z,0.0,-27.625,311.125,NaN
2025-04-28T12:00:00Z,0.0,-27.625,311.375,NaN
2025-04-28T12:00:00Z,0.0,-27.625,311.625,22.519999
2025-04-28T12:00:00Z,0.0,-27.375,311.125,NaN
2025-04-28T12:00:00Z,0.0,-27.375,311.375,NaN
2025-04-28T12:00:00Z,0.0,-27.375,311.625,22.59
2025-04-29T12:00:00Z,0.0,-27.875,311.125,NaN
2025-04-29T12:00:00Z,0.0,-27.875,311.375,NaN
2025-04-29T12:00:00Z,0.0,-27.875,311.625,22.48
2025-04-29T12:00:00Z,0.0,-27.625,311.125,NaN
2025-04-29T12:00:00Z,0.0,-27.625,311.375,NaN
2025-04-29T12:00:00Z,0.0,-27.625,311.625,22.42
2025-04-29T12:00:00Z,0.0,-27.375,311.125,NaN
2025-04-29T12:00:00Z,0.0,-27.375,311.375,NaN
2025-04-29T12:00:00Z,0.0,-27.375,311.625,22.449999
2025-04-30T12:00:00Z,0.0,-27.875,311.125,NaN
2025-04-30T12:00:00Z,0.0,-27.875,311.375,NaN
2025-04-30T12:00:00Z,0.0,-27.875,311.625,22.49
2025-04-30T12:00:00Z,0.0,-27.625,311.125,NaN
2025-04-30T12:00:00Z,0.0,-27.625,311.375,NaN
2025-04-30T12:00:00Z,0.0,-27.625,311.625,22.46
2025-04-30T12:00:00Z,0.0,-27.375,311.125,NaN
2025-04-30T12:00:00Z,0.0,-27.375,311.375,NaN
2025-04-30T12:00:00Z,0.0,-27.375,311.625,22.47
2025-05-01T12:00:00Z,0.0,-27.875,311.125,NaN
2025-05-01T12:00:00Z,0.0,-27.875,311.375,NaN
2025-05-01T12:00:00Z,0.0,-27.875,311.625,22.51
2025-05-01T12:00:00Z,0.0,-27.625,311.125,NaN
2025-05-01T12:00:00Z,0.0,-27.625,311.375,NaN
2025-05-01T12:00:00Z,0.0,-27.625,311.625,22.51
2025-05-01T12:00:00Z,0.0,-27.375,311.125,NaN
2025-05-01T12:00:00Z,0.0,-27.375,311.375,NaN
2025-05-01T12:00:00Z,0.0,-27.375,311.625,22.529999
2025-05-02T12:00:00Z,0.0,-27.875,311.125,NaN
2025-05-02T12:00:00Z,0.0,-27.875,311.375,NaN
2025-05-02T12:00:00Z,0.0,-27.875,311.625,22.56
2025-05-02T12:00:00Z,0.0,-27.625,311.125,NaN
2025-05-02T12:00:00Z,0.0,-27.625,311.375,NaN
2025-05-02T12:00:00Z,0.0,-27.625,311.625,22.58
2025-05-02T12:00:00Z,0.0,-27.375,311.125,NaN
2025-05-02T12:00:00Z,0.0,-27.375,311.375,NaN
2025-05-02T12:00:00Z,0.0,-27.375,311.625,22.619999
2025-05-03T12:00:00Z,0.0,-27.875,311.125,NaN
2025-05-03T12:00:00Z,0.0,-27.875,311.375,NaN
2025-05-03T12:00:00Z,0.0,-27.875,311.625,22.67
2025-05-03T12:00:00Z,0.0,-27.625,311.125,NaN
2025-05-03T12:00:00Z,0.0,-27.625,311.375,NaN
2025-05-03T12:00:00Z,0.0,-27.625,311.625,22.74
2025-05-03T12:00:00Z,0.0,-27.375,311.125,NaN
2025-05-03T12:00:00Z,0.0,-27.375,311.375,NaN
2025-05-03T12:00:00Z,0.0,-27.375,311.625,22.83
2025-05-04T12:00:00Z,0.0,-27.875,311.125,NaN
2025-05-04T12:00:00Z,0.0,-27.875,311.375,NaN
2025-05-04T12:00:00Z,0.0,-27.875,311.625,22.66
2025-05-04T12:00:00Z,0.0,-27.625,311.125,NaN
2025-05-04T12:00:00Z,0.0,-27.625,311.375,NaN
2025-05-04T12:00:00Z,0.0,-27.625,311.625,22.74
2025-05-04T12:00:00Z,0.0,-27.375,311.125,NaN
2025-05-04T12:00:00Z,0.0,-27.375,311.375,NaN
2025-05-04T12:00:00Z,0.0,-27.375,311.625,22.84
2025-05-05T12:00:00Z,0.0,-27.875,311.125,NaN
2025-05-05T12:00:00Z,0.0,-27.875,311.375,NaN
2025-05-05T12:00:00Z,0.0,-27.875,311.625,22.68
2025-05-05T12:00:00Z,0.0,-27.625,311.125,NaN
2025-05-05T12:00:00Z,0.0,-27.625,311.375,NaN
2025-05-05T12:00:00Z,0.0,-27.625,311.625,22.779999
2025-05-05T12:00:00Z,0.0,-27.375,311.125,NaN
2025-05-05T12:00:00Z,0.0,-27.375,311.375,NaN
2025-05-05T12:00:00Z,0.0,-27.375,311.625,22.89
2025-05-06T12:00:00Z,0.0,-27.875,311.125,NaN
2025-05-06T12:00:00Z,0.0,-27.875,311.375,NaN
2025-05-06T12:00:00Z,0.0,-27.875,311.625,22.73
2025-05-06T12:00:00Z,0.0,-27.625,311.125,NaN
2025-05-06T12:00:00Z,0.0,-27.625,311.375,NaN
2025-05-06T12:00:00Z,0.0,-27.625,311.625,22.83
2025-05-06T12:00:00Z,0.0,-27.375,311.125,NaN
2025-05-06T12:00:00Z,0.0,-27.375,311.375,NaN
2025-05-06T12:00:00Z,0.0,-27.375,311.625,22.939999
2025-05-07T12:00:00Z,0.0,-27.875,311.125,NaN
2025-05-07T12:00:00Z,0.0,-27.875,311.375,NaN
2025-05-07T12:00:00Z,0.0,-27.875,311.625,22.699999
2025-05-07T12:00:00Z,0.0,-27.625,311.125,NaN
2025-05-07T12:00:00Z,0.0,-27.625,311.375,NaN
2025-05-07T12:00:00Z,0.0,-27.625,311.625,22.74
2025-05-07T12:00:00Z,0.0,-27.375,311.125,NaN
2025-05-07T12:00:00Z,0.0,-27.375,311.375,NaN
2025-05-07T12:00:00Z,0.0,-27.375,311.625,22.85
2025-05-08T12:00:00Z,0.0,-27.875,311.125,NaN
2025-05-08T12:00:00Z,0.0,-27.875,311.375,NaN
2025-05-08T12:00:00Z,0.0,-27.875,311.625,22.72
2025-05-08T12:00:00Z,0.0,-27.625,311.125,NaN
2025-05-08T12:00:00Z,0.0,-27.625,311.375,NaN
2025-05-08T12:00:00Z,0.0,-27.625,311.625,22.699999
2025-05-08T12:00:00Z,0.0,-27.375,311.125,NaN
2025-05-08T12:00:00Z,0.0,-27.375,311.375,NaN
2025-05-08T12:00:00Z,0.0,-27.375,311.625,22.76
2025-05-09T12:00:00Z,0.0,-27.875,311.125,NaN
2025-05-09T12:00:00Z,0.0,-27.875,311.375,NaN
2025-05-09T12:00:00Z,0.0,-27.875,311.625,22.96
2025-05-09T12:00:00Z,0.0,-27.625,311.125,NaN
2025-05-09T12:00:00Z,0.0,-27.625,311.375,NaN
2025-05-09T12:00:00Z,0.0,-27.625,311.625,22.89
2025-05-09T12:00:00Z,0.0,-27.375,311.125,NaN
2025-05-09T12:00:00Z,0.0,-27.375,311.375,NaN
2025-05-09T12:00:00Z,0.0,-27.375,311.625,22.939999
2025-05-10T12:00:00Z,0.0,-27.875,311.125,NaN
2025-05-10T12:00:00Z,0.0,-27.875,311.375,NaN
2025-05-10T12:00:00Z,0.0,-27.875,311.625,22.91
2025-05-10T12:00:00Z,0.0,-27.625,311.125,NaN
2025-05-10T12:00:00Z,0.0,-27.625,311.375,NaN
2025-05-10T12:00:00Z,0.0,-27.625,311.625,22.949999
2025-05-10T12:00:00Z,0.0,-27.375,311.125,NaN
2025-05-10T12:00:00Z,0.0,-27.375,311.375,NaN
2025-05-10T12:00:00Z,0.0,-27.375,311.625,23.08
2025-05-11T12:00:00Z,0.0,-27.875,311.125,NaN
2025-05-11T12:00:00Z,0.0,-27.875,311.375,NaN
2025-05-11T12:00:00Z,0.0,-27.875,311.625,22.82
2025-05-11T12:00:00Z,0.0,-27.625,311.125,NaN
2025-05-11T12:00:00Z,0.0,-27.625,311.375,NaN
2025-05-11T12:00:00Z,0.0,-27.625,311.625,22.9
2025-05-11T12:00:00Z,0.0,-27.375,311.125,NaN
2025-05-11T12:00:00Z,0.0,-27.375,311.375,NaN
2025-05-11T12:00:00Z,0.0,-27.375,311.625,23.06
2025-05-12T12:00:00Z,0.0,-27.875,311.125,NaN
2025-05-12T12:00:00Z,0.0,-27.875,311.375,NaN
2025-05-12T12:00:00Z,0.0,-27.875,311.625,22.789999
2025-05-12T12:00:00Z,0.0,-27.625,311.125,NaN
2025-05-12T12:00:00Z,0.0,-27.625,311.375,NaN
2025-05-12T12:00:00Z,0.0,-27.625,311.625,22.89
2025-05-12T12:00:00Z,0.0,-27.375,311.125,NaN
2025-05-12T12:00:00Z,0.0,-27.375,311.375,NaN
2025-05-12T12:00:00Z,0.0,-27.375,311.625,23.039999
2025-05-13T12:00:00Z,0.0,-27.875,311.125,NaN
2025-05-13T12:00:00Z,0.0,-27.875,311.375,NaN
2025-05-13T12:00:00Z,0.0,-27.875,311.625,22.779999
2025-05-13T12:00:00Z,0.0,-27.625,311.125,NaN
2025-05-13T12:00:00Z,0.0,-27.625,311.375,NaN
2025-05-13T12:00:00Z,0.0,-27.625,311.625,22.9
2025-05-13T12:00:00Z,0.0,-27.375,311.125,NaN
2025-05-13T12:00:00Z,0.0,-27.375,311.375,NaN
2025-05-13T12:00:00Z,0.0,-27.375,311.625,23.05
2025-05-14T12:00:00Z,0.0,-27.875,311.125,NaN
2025-05-14T12:00:00Z,0.0,-27.875,311.375,NaN
2025-05-14T12:00:00Z,0.0,-27.875,311.625,22.789999
2025-05-14T12:00:00Z,0.0,-27.625,311.125,NaN
2025-05-14T12:00:00Z,0.0,-27.625,311.375,NaN
2025-05-14T12:00:00Z,0.0,-27.625,311.625,22.92
2025-05-14T12:00:00Z,0.0,-27.375,311.125,NaN
2025-05-14T12:00:00Z,0.0,-27.375,311.375,NaN
2025-05-14T12:00:00Z,0.0,-27.375,311.625,23.06
2025-05-15T12:00:00Z,0.0,-27.875,311.125,NaN
2025-05-15T12:00:00Z,0.0,-27.875,311.375,NaN
2025-05-15T12:00:00Z,0.0,-27.875,311.625,22.8
2025-05-15T12:00:00Z,0.0,-27.625,311.125,NaN
2025-05-15T12:00:00Z,0.0,-27.625,311.375,NaN
2025-05-15T12:00:00Z,0.0,-27.625,311.625,22.93
2025-05-15T12:00:00Z,0.0,-27.375,311.125,NaN
2025-05-15T12:00:00Z,0.0,-27.375,311.375,NaN
2025-05-15T12:00:00Z,0.0,-27.375,311.625,23.05
2025-05-16T12:00:00Z,0.0,-27.875,311.125,NaN
2025-05-16T12:00:00Z,0.0,-27.875,311.375,NaN
2025-05-16T12:00:00Z,0.0,-27.875,311.625,22.84
2025-05-16T12:00:00Z,0.0,-27.625,311.125,NaN
2025-05-16T12:00:00Z,0.0,-27.625,311.375,NaN
2025-05-16T12:00:00Z,0.0,-27.625,311.625,22.96
2025-05-16T12:00:00Z,0.0,-27.375,311.125,NaN
2025-05-16T12:00:00Z,0.0,-27.375,311.375,NaN
2025-05-16T12:00:00Z,0.0,-27.375,311.625,23.06
2025-05-17T12:00:00Z,0.0,-27.875,311.125,NaN
2025-05-17T12:00:00Z,0.0,-27.875,311.375,NaN
2025-05-17T12:00:00Z,0.0,-27.875,311.625,22.73
2025-05-17T12:00:00Z,0.0,-27.625,311.125,NaN
2025-05-17T12:00:00Z,0.0,-27.625,311.375,NaN
2025-05-17T12:00:00Z,0.0,-27.625,311.625,22.84
2025-05-17T12:00:00Z,0.0,-27.375,311.125,NaN
2025-05-17T12:00:00Z,0.0,-27.375,311.375,NaN
2025-05-17T12:00:00Z,0.0,-27.375,311.625,22.949999
2025-05-18T12:00:00Z,0.0,-27.875,311.125,NaN
2025-05-18T12:00:00Z,0.0,-27.875,311.375,NaN
2025-05-18T12:00:00Z,0.0,-27.875,311.625,22.75
2025-05-18T12:00:00Z,0.0,-27.625,311.125,NaN
2025-05-18T12:00:00Z,0.0,-27.625,311.375,NaN
2025-05-18T12:00:00Z,0.0,-27.625,311.625,22.859999
2025-05-18T12:00:00Z,0.0,-27.375,311.125,NaN
2025-05-18T12:00:00Z,0.0,-27.375,311.375,NaN
2025-05-18T12:00:00Z,0.0,-27.375,311.625,22.97
2025-05-19T12:00:00Z,0.0,-27.875,311.125,NaN
2025-05-19T12:00:00Z,0.0,-27.875,311.375,NaN
2025-05-19T12:00:00Z,0.0,-27.875,311.625,22.84
2025-05-19T12:00:00Z,0.0,-27.625,311.125,NaN
2025-05-19T12:00:00Z,0.0,-27.625,311.375,NaN
2025-05-19T12:00:00Z,0.0,-27.625,311.625,22.949999
2025-05-19T12:00:00Z,0.0,-27.375,311.125,NaN
2025-05-19T12:00:00Z,0.0,-27.375,311.375,NaN
2025-05-19T12:00:00Z,0.0,-27.375,311.625,23.039999
2025-05-20T12:00:00Z,0.0,-27.875,311.125,NaN
2025-05-20T12:00:00Z,0.0,-27.875,311.375,NaN
2025-05-20T12:00:00Z,0.0,-27.875,311.625,22.97
2025-05-20T12:00:00Z,0.0,-27.625,311.125,NaN
2025-05-20T12:00:00Z,0.0,-27.625,311.375,NaN
2025-05-20T12:00:00Z,0.0,-27.625,311.625,23.109999
2025-05-20T12:00:00Z,0.0,-27.375,311.125,NaN
2025-05-20T12:00:00Z,0.0,-27.375,311.375,NaN
2025-05-20T12:00:00Z,0.0,-27.375,311.625,23.21
2025-05-21T12:00:00Z,0.0,-27.875,311.125,NaN
2025-05-21T12:00:00Z,0.0,-27.875,311.375,NaN
2025-05-21T12:00:00Z,0.0,-27.875,311.625,22.99
2025-05-21T12:00:00Z,0.0,-27.625,311.125,NaN
2025-05-21T12:00:00Z,0.0,-27.625,311.375,NaN
2025-05-21T12:00:00Z,0.0,-27.625,311.625,23.119999
2025-05-21T12:00:00Z,0.0,-27.375,311.125,NaN
2025-05-21T12:00:00Z,0.0,-27.375,311.375,NaN
2025-05-21T12:00:00Z,0.0,-27.375,311.625,23.22
2025-05-22T12:00:00Z,0.0,-27.875,311.125,NaN
2025-05-22T12:00:00Z,0.0,-27.875,311.375,NaN
2025-05-22T12:00:00Z,0.0,-27.875,311.625,22.91
2025-05-22T12:00:00Z,0.0,-27.625,311.125,NaN
2025-05-22T12:00:00Z,0.0,-27.625,311.375,NaN
2025-05-22T12:00:00Z,0.0,-27.625,311.625,23.09
2025-05-22T12:00:00Z,0.0,-27.375,311.125,NaN
2025-05-22T12:00:00Z,0.0,-27.375,311.375,NaN
2025-05-22T12:00:00Z,0.0,-27.375,311.625,23.189999
2025-05-23T12:00:00Z,0.0,-27.875,311.125,NaN
2025-05-23T12:00:00Z,0.0,-27.875,311.375,NaN
2025-05-23T12:00:00Z,0.0,-27.875,311.625,22.73
2025-05-23T12:00:00Z,0.0,-27.625,311.125,NaN
2025-05-23T12:00:00Z,0.0,-27.625,311.375,NaN
2025-05-23T12:00:00Z,0.0,-27.625,311.625,22.71
2025-05-23T12:00:00Z,0.0,-27.375,311.125,NaN
2025-05-23T12:00:00Z,0.0,-27.375,311.375,NaN
2025-05-23T12:00:00Z,0.0,-27.375,311.625,22.769999
2025-05-24T12:00:00Z,0.0,-27.875,311.125,NaN
2025-05-24T12:00:00Z,0.0,-27.875,311.375,NaN
2025-05-24T12:00:00Z,0.0,-27.875,311.625,22.23
2025-05-24T12:00:00Z,0.0,-27.625,311.125,NaN
2025-05-24T12:00:00Z,0.0,-27.625,311.375,NaN
2025-05-24T12:00:00Z,0.0,-27.625,311.625,22.26
2025-05-24T12:00:00Z,0.0,-27.375,311.125,NaN
2025-05-24T12:00:00Z,0.0,-27.375,311.375,NaN
2025-05-24T12:00:00Z,0.0,-27.375,311.625,22.42
2025-05-25T12:00:00Z,0.0,-27.875,311.125,NaN
2025-05-25T12:00:00Z,0.0,-27.875,311.375,NaN
2025-05-25T12:00:00Z,0.0,-27.875,311.625,22.13
2025-05-25T12:00:00Z,0.0,-27.625,311.125,NaN
2025-05-25T12:00:00Z,0.0,-27.625,311.375,NaN
2025-05-25T12:00:00Z,0.0,-27.625,311.625,22.25
2025-05-25T12:00:00Z,0.0,-27.375,311.125,NaN
2025-05-25T12:00:00Z,0.0,-27.375,311.375,NaN
2025-05-25T12:00:00Z,0.0,-27.375,311.625,22.42
2025-05-26T12:00:00Z,0.0,-27.875,311.125,NaN
2025-05-26T12:00:00Z,0.0,-27.875,311.375,NaN
2025-05-26T12:00:00Z,0.0,-27.875,311.625,22.119999
2025-05-26T12:00:00Z,0.0,-27.625,311.125,NaN
2025-05-26T12:00:00Z,0.0,-27.625,311.375,NaN
2025-05-26T12:00:00Z,0.0,-27.625,311.625,22.23
2025-05-26T12:00:00Z,0.0,-27.375,311.125,NaN
2025-05-26T12:00:00Z,0.0,-27.375,311.375,NaN
2025-05-26T12:00:00Z,0.0,-27.375,311.625,22.4
2025-05-27T12:00:00Z,0.0,-27.875,311.125,NaN
2025-05-27T12:00:00Z,0.0,-27.875,311.375,NaN
2025-05-27T12:00:00Z,0.0,-27.875,311.625,22.08
2025-05-27T12:00:00Z,0.0,-27.625,311.125,NaN
2025-05-27T12:00:00Z,0.0,-27.625,311.375,NaN
2025-05-27T12:00:00Z,0.0,-27.625,311.625,22.199999
2025-05-27T12:00:00Z,0.0,-27.375,311.125,NaN
2025-05-27T12:00:00Z,0.0,-27.375,311.375,NaN
2025-05-27T12:00:00Z,0.0,-27.375,311.625,22.35
2025-05-28T12:00:00Z,0.0,-27.875,311.125,NaN
2025-05-28T12:00:00Z,0.0,-27.875,311.375,NaN
2025-05-28T12:00:00Z,0.0,-27.875,311.625,22.01
2025-05-28T12:00:00Z,0.0,-27.625,311.125,NaN
2025-05-28T12:00:00Z,0.0,-27.625,311.375,NaN
2025-05-28T12:00:00Z,0.0,-27.625,311.625,22.14
2025-05-28T12:00:00Z,0.0,-27.375,311.125,NaN
2025-05-28T12:00:00Z,0.0,-27.375,311.375,NaN
2025-05-28T12:00:00Z,0.0,-27.375,311.625,22.289999
2025-05-29T12:00:00Z,0.0,-27.875,311.125,NaN
2025-05-29T12:00:00Z,0.0,-27.875,311.375,NaN
2025-05-29T12:00:00Z,0.0,-27.875,311.625,21.8
2025-05-29T12:00:00Z,0.0,-27.625,311.125,NaN
2025-05-29T12:00:00Z,0.0,-27.625,311.375,NaN
2025-05-29T12:00:00Z,0.0,-27.625,311.625,21.939999
2025-05-29T12:00:00Z,0.0,-27.375,311.125,NaN
2025-05-29T12:00:00Z,0.0,-27.375,311.375,NaN
2025-05-29T12:00:00Z,0.0,-27.375,311.625,22.07
2025-05-30T12:00:00Z,0.0,-27.875,311.125,NaN
2025-05-30T12:00:00Z,0.0,-27.875,311.375,NaN
2025-05-30T12:00:00Z,0.0,-27.875,311.625,21.58
2025-05-30T12:00:00Z,0.0,-27.625,311.125,NaN
2025-05-30T12:00:00Z,0.0,-27.625,311.375,NaN
2025-05-30T12:00:00Z,0.0,-27.625,311.625,21.72
2025-05-30T12:00:00Z,0.0,-27.375,311.125,NaN
2025-05-30T12:00:00Z,0.0,-27.375,311.375,NaN
2025-05-30T12:00:00Z,0.0,-27.375,311.625,21.85
2025-05-31T12:00:00Z,0.0,-27.875,311.125,NaN
2025-05-31T12:00:00Z,0.0,-27.875,311.375,NaN
2025-05-31T12:00:00Z,0.0,-27.875,311.625,21.32
2025-05-31T12:00:00Z,0.0,-27.625,311.125,NaN
2025-05-31T12:00:00Z,0.0,-27.625,311.375,NaN
2025-05-31T12:00:00Z,0.0,-27.625,311.625,21.47
2025-05-31T12:00:00Z,0.0,-27.375,311.125,NaN
2025-05-31T12:00:00Z,0.0,-27.375,311.375,NaN
2025-05-31T12:00:00Z,0.0,-27.375,311.625,21.609999
2025-06-01T12:00:00Z,0.0,-27.875,311.125,NaN
2025-06-01T12:00:00Z,0.0,-27.875,311.375,NaN
2025-06-01T12:00:00Z,0.0,-27.875,311.625,21.18
2025-06-01T12:00:00Z,0.0,-27.625,311.125,NaN
2025-06-01T12:00:00Z,0.0,-27.625,311.375,NaN
2025-06-01T12:00:00Z,0.0,-27.625,311.625,21.34
2025-06-01T12:00:00Z,0.0,-27.375,311.125,NaN
2025-06-01T12:00:00Z,0.0,-27.375,311.375,NaN
2025-06-01T12:00:00Z,0.0,-27.375,311.625,21.47
2025-06-02T12:00:00Z,0.0,-27.875,311.125,NaN
2025-06-02T12:00:00Z,0.0,-27.875,311.375,NaN
2025-06-02T12:00:00Z,0.0,-27.875,311.625,21.039999
2025-06-02T12:00:00Z,0.0,-27.625,311.125,NaN
2025-06-02T12:00:00Z,0.0,-27.625,311.375,NaN
2025-06-02T12:00:00Z,0.0,-27.625,311.625,21.25
2025-06-02T12:00:00Z,0.0,-27.375,311.125,NaN
2025-06-02T12:00:00Z,0.0,-27.375,311.375,NaN
2025-06-02T12:00:00Z,0.0,-27.375,311.625,21.439999
2025-06-03T12:00:00Z,0.0,-27.875,311.125,NaN
2025-06-03T12:00:00Z,0.0,-27.875,311.375,NaN
2025-06-03T12:00:00Z,0.0,-27.875,311.625,21.02
2025-06-03T12:00:00Z,0.0,-27.625,311.125,NaN
2025-06-03T12:00:00Z,0.0,-27.625,311.375,NaN
2025-06-03T12:00:00Z,0.0,-27.625,311.625,21.18
2025-06-03T12:00:00Z,0.0,-27.375,311.125,NaN
2025-06-03T12:00:00Z,0.0,-27.375,311.375,NaN
2025-06-03T12:00:00Z,0.0,-27.375,311.625,21.359999
2025-06-04T12:00:00Z,0.0,-27.875,311.125,NaN
2025-06-04T12:00:00Z,0.0,-27.875,311.375,NaN
2025-06-04T12:00:00Z,0.0,-27.875,311.625,21.119999
2025-06-04T12:00:00Z,0.0,-27.625,311.125,NaN
2025-06-04T12:00:00Z,0.0,-27.625,311.375,NaN
2025-06-04T12:00:00Z,0.0,-27.625,311.625,21.25
2025-06-04T12:00:00Z,0.0,-27.375,311.125,NaN
2025-06-04T12:00:00Z,0.0,-27.375,311.375,NaN
2025-06-04T12:00:00Z,0.0,-27.375,311.625,21.38
2025-06-05T12:00:00Z,0.0,-27.875,311.125,NaN
2025-06-05T12:00:00Z,0.0,-27.875,311.375,NaN
2025-06-05T12:00:00Z,0.0,-27.875,311.625,20.97
2025-06-05T12:00:00Z,0.0,-27.625,311.125,NaN
2025-06-05T12:00:00Z,0.0,-27.625,311.375,NaN
2025-06-05T12:00:00Z,0.0,-27.625,311.625,21.1
2025-06-05T12:00:00Z,0.0,-27.375,311.125,NaN
2025-06-05T12:00:00Z,0.0,-27.375,311.375,NaN
2025-06-05T12:00:00Z,0.0,-27.375,311.625,21.199999
2025-06-06T12:00:00Z,0.0,-27.875,311.125,NaN
2025-06-06T12:00:00Z,0.0,-27.875,311.375,NaN
2025-06-06T12:00:00Z,0.0,-27.875,311.625,20.76
2025-06-06T12:00:00Z,0.0,-27.625,311.125,NaN
2025-06-06T12:00:00Z,0.0,-27.625,311.375,NaN
2025-06-06T12:00:00Z,0.0,-27.625,311.625,20.89
2025-06-06T12:00:00Z,0.0,-27.375,311.125,NaN
2025-06-06T12:00:00Z,0.0,-27.375,311.375,NaN
2025-06-06T12:00:00Z,0.0,-27.375,311.625,21.05
2025-06-07T12:00:00Z,0.0,-27.875,311.125,NaN
2025-06-07T12:00:00Z,0.0,-27.875,311.375,NaN
2025-06-07T12:00:00Z,0.0,-27.875,311.625,20.64
2025-06-07T12:00:00Z,0.0,-27.625,311.125,NaN
2025-06-07T12:00:00Z,0.0,-27.625,311.375,NaN
2025-06-07T12:00:00Z,0.0,-27.625,311.625,20.789999
2025-06-07T12:00:00Z,0.0,-27.375,311.125,NaN
2025-06-07T12:00:00Z,0.0,-27.375,311.375,NaN
2025-06-07T12:00:00Z,0.0,-27.375,311.625,20.99
2025-06-08T12:00:00Z,0.0,-27.875,311.125,NaN
2025-06-08T12:00:00Z,0.0,-27.875,311.375,NaN
2025-06-08T12:00:00Z,0.0,-27.875,311.625,20.449999
2025-06-08T12:00:00Z,0.0,-27.625,311.125,NaN
2025-06-08T12:00:00Z,0.0,-27.625,311.375,NaN
2025-06-08T12:00:00Z,0.0,-27.625,311.625,20.609999
2025-06-08T12:00:00Z,0.0,-27.375,311.125,NaN
2025-06-08T12:00:00Z,0.0,-27.375,311.375,NaN
2025-06-08T12:00:00Z,0.0,-27.375,311.625,20.83
2025-06-09T12:00:00Z,0.0,-27.875,311.125,NaN
2025-06-09T12:00:00Z,0.0,-27.875,311.375,NaN
2025-06-09T12:00:00Z,0.0,-27.875,311.625,20.35
2025-06-09T12:00:00Z,0.0,-27.625,311.125,NaN
2025-06-09T12:00:00Z,0.0,-27.625,311.375,NaN
2025-06-09T12:00:00Z,0.0,-27.625,311.625,20.47
2025-06-09T12:00:00Z,0.0,-27.375,311.125,NaN
2025-06-09T12:00:00Z,0.0,-27.375,311.375,NaN
2025-06-09T12:00:00Z,0.0,-27.375,311.625,20.66
2025-06-10T12:00:00Z,0.0,-27.875,311.125,NaN
2025-06-10T12:00:00Z,0.0,-27.875,311.375,NaN
2025-06-10T12:00:00Z,0.0,-27.875,311.625,20.13
2025-06-10T12:00:00Z,0.0,-27.625,311.125,NaN
2025-06-10T12:00:00Z,0.0,-27.625,311.375,NaN
2025-06-10T12:00:00Z,0.0,-27.625,311.625,20.23
2025-06-10T12:00:00Z,0.0,-27.375,311.125,NaN
2025-06-10T12:00:00Z,0.0,-27.375,311.375,NaN
2025-06-10T12:00:00Z,0.0,-27.375,311.625,20.39
2025-06-11T12:00:00Z,0.0,-27.875,311.125,NaN
2025-06-11T12:00:00Z,0.0,-27.875,311.375,NaN
2025-06-11T12:00:00Z,0.0,-27.875,311.625,19.93
2025-06-11T12:00:00Z,0.0,-27.625,311.125,NaN
2025-06-11T12:00:00Z,0.0,-27.625,311.375,NaN
2025-06-11T12:00:00Z,0.0,-27.625,311.625,20.029999
2025-06-11T12:00:00Z,0.0,-27.375,311.125,NaN
2025-06-11T12:00:00Z,0.0,-27.375,311.375,NaN
2025-06-11T12:00:00Z,0.0,-27.375,311.625,20.16
2025-06-12T12:00:00Z,0.0,-27.875,311.125,NaN
2025-06-12T12:00:00Z,0.0,-27.875,311.375,NaN
2025-06-12T12:00:00Z,0.0,-27.875,311.625,19.789999
2025-06-12T12:00:00Z,0.0,-27.625,311.125,NaN
2025-06-12T12:00:00Z,0.0,-27.625,311.375,NaN
2025-06-12T12:00:00Z,0.0,-27.625,311.625,19.9
2025-06-12T12:00:00Z,0.0,-27.375,311.125,NaN
2025-06-12T12:00:00Z,0.0,-27.375,311.375,NaN
2025-06-12T12:00:00Z,0.0,-27.375,311.625,20.02
2025-06-13T12:00:00Z,0.0,-27.875,311.125,NaN
2025-06-13T12:00:00Z,0.0,-27.875,311.375,NaN
2025-06-13T12:00:00Z,0.0,-27.875,311.625,19.72
2025-06-13T12:00:00Z,0.0,-27.625,311.125,NaN
2025-06-13T12:00:00Z,0.0,-27.625,311.375,NaN
2025-06-13T12:00:00Z,0.0,-27.625,311.625,19.83
2025-06-13T12:00:00Z,0.0,-27.375,311.125,NaN
2025-06-13T12:00:00Z,0.0,-27.375,311.375,NaN
2025-06-13T12:00:00Z,0.0,-27.375,311.625,19.939999
2025-06-14T12:00:00Z,0.0,-27.875,311.125,NaN
2025-06-14T12:00:00Z,0.0,-27.875,311.375,NaN
2025-06-14T12:00:00Z,0.0,-27.875,311.625,19.689999
2025-06-14T12:00:00Z,0.0,-27.625,311.125,NaN
2025-06-14T12:00:00Z,0.0,-27.625,311.375,NaN
2025-06-14T12:00:00Z,0.0,-27.625,311.625,19.8
2025-06-14T12:00:00Z,0.0,-27.375,311.125,NaN
2025-06-14T12:00:00Z,0.0,-27.375,311.375,NaN
2025-06-14T12:00:00Z,0.0,-27.375,311.625,19.92
2025-06-15T12:00:00Z,0.0,-27.875,311.125,NaN
2025-06-15T12:00:00Z,0.0,-27.875,311.375,NaN
2025-06-15T12:00:00Z,0.0,-27.875,311.625,19.81
2025-06-15T12:00:00Z,0.0,-27.625,311.125,NaN
2025-06-15T12:00:00Z,0.0,-27.625,311.375,NaN
2025-06-15T12:00:00Z,0.0,-27.625,311.625,19.9
2025-06-15T12:00:00Z,0.0,-27.375,311.125,NaN
2025-06-15T12:00:00Z,0.0,-27.375,311.375,NaN
2025-06-15T12:00:00Z,0.0,-27.375,311.625,19.99
2025-06-16T12:00:00Z,0.0,-27.875,311.125,NaN
2025-06-16T12:00:00Z,0.0,-27.875,311.375,NaN
2025-06-16T12:00:00Z,0.0,-27.875,311.625,20.01
2025-06-16T12:00:00Z,0.0,-27.625,311.125,NaN
2025-06-16T12:00:00Z,0.0,-27.625,311.375,NaN
2025-06-16T12:00:00Z,0.0,-27.625,311.625,20.13
2025-06-16T12:00:00Z,0.0,-27.375,311.125,NaN
2025-06-16T12:00:00Z,0.0,-27.375,311.375,NaN
2025-06-16T12:00:00Z,0.0,-27.375,311.625,20.25
2025-06-17T12:00:00Z,0.0,-27.875,311.125,NaN
2025-06-17T12:00:00Z,0.0,-27.875,311.375,NaN
2025-06-17T12:00:00Z,0.0,-27.875,311.625,20.05
2025-06-17T12:00:00Z,0.0,-27.625,311.125,NaN
2025-06-17T12:00:00Z,0.0,-27.625,311.375,NaN
2025-06-17T12:00:00Z,0.0,-27.625,311.625,20.199999
2025-06-17T12:00:00Z,0.0,-27.375,311.125,NaN
2025-06-17T12:00:00Z,0.0,-27.375,311.375,NaN
2025-06-17T12:00:00Z,0.0,-27.375,311.625,20.34
2025-06-18T12:00:00Z,0.0,-27.875,311.125,NaN
2025-06-18T12:00:00Z,0.0,-27.875,311.375,NaN
2025-06-18T12:00:00Z,0.0,-27.875,311.625,20.13
2025-06-18T12:00:00Z,0.0,-27.625,311.125,NaN
2025-06-18T12:00:00Z,0.0,-27.625,311.375,NaN
2025-06-18T12:00:00Z,0.0,-27.625,311.625,20.289999
2025-06-18T12:00:00Z,0.0,-27.375,311.125,NaN
2025-06-18T12:00:00Z,0.0,-27.375,311.375,NaN
2025-06-18T12:00:00Z,0.0,-27.375,311.625,20.43
2025-06-19T12:00:00Z,0.0,-27.875,311.125,NaN
2025-06-19T12:00:00Z,0.0,-27.875,311.375,NaN
2025-06-19T12:00:00Z,0.0,-27.875,311.625,20.109999
2025-06-19T12:00:00Z,0.0,-27.625,311.125,NaN
2025-06-19T12:00:00Z,0.0,-27.625,311.375,NaN
2025-06-19T12:00:00Z,0.0,-27.625,311.625,20.3
2025-06-19T12:00:00Z,0.0,-27.375,311.125,NaN
2025-06-19T12:00:00Z,0.0,-27.375,311.375,NaN
2025-06-19T12:00:00Z,0.0,-27.375,311.625,20.47
2025-06-20T12:00:00Z,0.0,-27.875,311.125,NaN
2025-06-20T12:00:00Z,0.0,-27.875,311.375,NaN
2025-06-20T12:00:00Z,0.0,-27.875,311.625,20.109999
2025-06-20T12:00:00Z,0.0,-27.625,311.125,NaN
2025-06-20T12:00:00Z,0.0,-27.625,311.375,NaN
2025-06-20T12:00:00Z,0.0,-27.625,311.625,20.3
2025-06-20T12:00:00Z,0.0,-27.375,311.125,NaN
2025-06-20T12:00:00Z,0.0,-27.375,311.375,NaN
2025-06-20T12:00:00Z,0.0,-27.375,311.625,20.5
2025-06-21T12:00:00Z,0.0,-27.875,311.125,NaN
2025-06-21T12:00:00Z,0.0,-27.875,311.375,NaN
2025-06-21T12:00:00Z,0.0,-27.875,311.625,20.13
2025-06-21T12:00:00Z,0.0,-27.625,311.125,NaN
2025-06-21T12:00:00Z,0.0,-27.625,311.375,NaN
2025-06-21T12:00:00Z,0.0,-27.625,311.625,20.31
2025-06-21T12:00:00Z,0.0,-27.375,311.125,NaN
2025-06-21T12:00:00Z,0.0,-27.375,311.375,NaN
2025-06-21T12:00:00Z,0.0,-27.375,311.625,20.49
2025-06-22T12:00:00Z,0.0,-27.875,311.125,NaN
2025-06-22T12:00:00Z,0.0,-27.875,311.375,NaN
2025-06-22T12:00:00Z,0.0,-27.875,311.625,20.1
2025-06-22T12:00:00Z,0.0,-27.625,311.125,NaN
2025-06-22T12:00:00Z,0.0,-27.625,311.375,NaN
2025-06-22T12:00:00Z,0.0,-27.625,311.625,20.27
2025-06-22T12:00:00Z,0.0,-27.375,311.125,NaN
2025-06-22T12:00:00Z,0.0,-27.375,311.375,NaN
2025-06-22T12:00:00Z,0.0,-27.375,311.625,20.47
2025-06-23T12:00:00Z,0.0,-27.875,311.125,NaN
2025-06-23T12:00:00Z,0.0,-27.875,311.375,NaN
2025-06-23T12:00:00Z,0.0,-27.875,311.625,19.93
2025-06-23T12:00:00Z,0.0,-27.625,311.125,NaN
2025-06-23T12:00:00Z,0.0,-27.625,311.375,NaN
2025-06-23T12:00:00Z,0.0,-27.625,311.625,20.07
2025-06-23T12:00:00Z,0.0,-27.375,311.125,NaN
2025-06-23T12:00:00Z,0.0,-27.375,311.375,NaN
2025-06-23T12:00:00Z,0.0,-27.375,311.625,20.25
2025-06-24T12:00:00Z,0.0,-27.875,311.125,NaN
2025-06-24T12:00:00Z,0.0,-27.875,311.375,NaN
2025-06-24T12:00:00Z,0.0,-27.875,311.625,19.74
2025-06-24T12:00:00Z,0.0,-27.625,311.125,NaN
2025-06-24T12:00:00Z,0.0,-27.625,311.375,NaN
2025-06-24T12:00:00Z,0.0,-27.625,311.625,19.88
2025-06-24T12:00:00Z,0.0,-27.375,311.125,NaN
2025-06-24T12:00:00Z,0.0,-27.375,311.375,NaN
2025-06-24T12:00:00Z,0.0,-27.375,311.625,20.05
2025-06-25T12:00:00Z,0.0,-27.875,311.125,NaN
2025-06-25T12:00:00Z,0.0,-27.875,311.375,NaN
2025-06-25T12:00:00Z,0.0,-27.875,311.625,19.4
2025-06-25T12:00:00Z,0.0,-27.625,311.125,NaN
2025-06-25T12:00:00Z,0.0,-27.625,311.375,NaN
2025-06-25T12:00:00Z,0.0,-27.625,311.625,19.5
2025-06-25T12:00:00Z,0.0,-27.375,311.125,NaN
2025-06-25T12:00:00Z,0.0,-27.375,311.375,NaN
2025-06-25T12:00:00Z,0.0,-27.375,311.625,19.66
2025-06-26T12:00:00Z,0.0,-27.875,311.125,NaN
2025-06-26T12:00:00Z,0.0,-27.875,311.375,NaN
2025-06-26T12:00:00Z,0.0,-27.875,311.625,19.189999
2025-06-26T12:00:00Z,0.0,-27.625,311.125,NaN
2025-06-26T12:00:00Z,0.0,-27.625,311.375,NaN
2025-06-26T12:00:00Z,0.0,-27.625,311.625,19.289999
2025-06-26T12:00:00Z,0.0,-27.375,311.125,NaN
2025-06-26T12:00:00Z,0.0,-27.375,311.375,NaN
2025-06-26T12:00:00Z,0.0,-27.375,311.625,19.449999
2025-06-27T12:00:00Z,0.0,-27.875,311.125,NaN
2025-06-27T12:00:00Z,0.0,-27.875,311.375,NaN
2025-06-27T12:00:00Z,0.0,-27.875,311.625,18.83
2025-06-27T12:00:00Z,0.0,-27.625,311.125,NaN
2025-06-27T12:00:00Z,0.0,-27.625,311.375,NaN
2025-06-27T12:00:00Z,0.0,-27.625,311.625,18.949999
2025-06-27T12:00:00Z,0.0,-27.375,311.125,NaN
2025-06-27T12:00:00Z,0.0,-27.375,311.375,NaN
2025-06-27T12:00:00Z,0.0,-27.375,311.625,19.119999
2025-06-28T12:00:00Z,0.0,-27.875,311.125,NaN
2025-06-28T12:00:00Z,0.0,-27.875,311.375,NaN
2025-06-28T12:00:00Z,0.0,-27.875,311.625,18.789999
2025-06-28T12:00:00Z,0.0,-27.625,311.125,NaN
2025-06-28T12:00:00Z,0.0,-27.625,311.375,NaN
2025-06-28T12:00:00Z,0.0,-27.625,311.625,18.869999
2025-06-28T12:00:00Z,0.0,-27.375,311.125,NaN
2025-06-28T12:00:00Z,0.0,-27.375,311.375,NaN
2025-06-28T12:00:00Z,0.0,-27.375,311.625,19.07
2025-06-29T12:00:00Z,0.0,-27.875,311.125,NaN
2025-06-29T12:00:00Z,0.0,-27.875,311.375,NaN
2025-06-29T12:00:00Z,0.0,-27.875,311.625,18.55
2025-06-29T12:00:00Z,0.0,-27.625,311.125,NaN
2025-06-29T12:00:00Z,0.0,-27.625,311.375,NaN
2025-06-29T12:00:00Z,0.0,-27.625,311.625,18.74
2025-06-29T12:00:00Z,0.0,-27.375,311.125,NaN
2025-06-29T12:00:00Z,0.0,-27.375,311.375,NaN
2025-06-29T12:00:00Z,0.0,-27.375,311.625,19.0
2025-06-30T12:00:00Z,0.0,-27.875,311.125,NaN
2025-06-30T12:00:00Z,0.0,-27.875,311.375,NaN
2025-06-30T12:00:00Z,0.0,-27.875,311.625,18.31
2025-06-30T12:00:00Z,0.0,-27.625,311.125,NaN
2025-06-30T12:00:00Z,0.0,-27.625,311.375,NaN
2025-06-30T12:00:00Z,0.0,-27.625,311.625,18.5
2025-06-30T12:00:00Z,0.0,-27.375,311.125,NaN
2025-06-30T12:00:00Z,0.0,-27.375,311.375,NaN
2025-06-30T12:00:00Z,0.0,-27.375,311.625,18.789999
2025-07-01T12:00:00Z,0.0,-27.875,311.125,NaN
2025-07-01T12:00:00Z,0.0,-27.875,311.375,NaN
2025-07-01T12:00:00Z,0.0,-27.875,311.625,18.119999
2025-07-01T12:00:00Z,0.0,-27.625,311.125,NaN
2025-07-01T12:00:00Z,0.0,-27.625,311.375,NaN
2025-07-01T12:00:00Z,0.0,-27.625,311.625,18.23
2025-07-01T12:00:00Z,0.0,-27.375,311.125,NaN
2025-07-01T12:00:00Z,0.0,-27.375,311.375,NaN
2025-07-01T12:00:00Z,0.0,-27.375,311.625,18.48
2025-07-02T12:00:00Z,0.0,-27.875,311.125,NaN
2025-07-02T12:00:00Z,0.0,-27.875,311.375,NaN
2025-07-02T12:00:00Z,0.0,-27.875,311.625,17.83
2025-07-02T12:00:00Z,0.0,-27.625,311.125,NaN
2025-07-02T12:00:00Z,0.0,-27.625,311.375,NaN
2025-07-02T12:00:00Z,0.0,-27.625,311.625,17.98
2025-07-02T12:00:00Z,0.0,-27.375,311.125,NaN
2025-07-02T12:00:00Z,0.0,-27.375,311.375,NaN
2025-07-02T12:00:00Z,0.0,-27.375,311.625,18.16
2025-07-03T12:00:00Z,0.0,-27.875,311.125,NaN
2025-07-03T12:00:00Z,0.0,-27.875,311.375,NaN
2025-07-03T12:00:00Z,0.0,-27.875,311.625,17.5
2025-07-03T12:00:00Z,0.0,-27.625,311.125,NaN
2025-07-03T12:00:00Z,0.0,-27.625,311.375,NaN
2025-07-03T12:00:00Z,0.0,-27.625,311.625,17.68
2025-07-03T12:00:00Z,0.0,-27.375,311.125,NaN
2025-07-03T12:00:00Z,0.0,-27.375,311.375,NaN
2025-07-03T12:00:00Z,0.0,-27.375,311.625,17.92
2025-07-04T12:00:00Z,0.0,-27.875,311.125,NaN
2025-07-04T12:00:00Z,0.0,-27.875,311.375,NaN
2025-07-04T12:00:00Z,0.0,-27.875,311.625,17.369999
2025-07-04T12:00:00Z,0.0,-27.625,311.125,NaN
2025-07-04T12:00:00Z,0.0,-27.625,311.375,NaN
2025-07-04T12:00:00Z,0.0,-27.625,311.625,17.59
2025-07-04T12:00:00Z,0.0,-27.375,311.125,NaN
2025-07-04T12:00:00Z,0.0,-27.375,311.375,NaN
2025-07-04T12:00:00Z,0.0,-27.375,311.625,17.83
2025-07-05T12:00:00Z,0.0,-27.875,311.125,NaN
2025-07-05T12:00:00Z,0.0,-27.875,311.375,NaN
2025-07-05T12:00:00Z,0.0,-27.875,311.625,17.32
2025-07-05T12:00:00Z,0.0,-27.625,311.125,NaN
2025-07-05T12:00:00Z,0.0,-27.625,311.375,NaN
2025-07-05T12:00:00Z,0.0,-27.625,311.625,17.539999
2025-07-05T12:00:00Z,0.0,-27.375,311.125,NaN
2025-07-05T12:00:00Z,0.0,-27.375,311.375,NaN
2025-07-05T12:00:00Z,0.0,-27.375,311.625,17.77
2025-07-06T12:00:00Z,0.0,-27.875,311.125,NaN
2025-07-06T12:00:00Z,0.0,-27.875,311.375,NaN
2025-07-06T12:00:00Z,0.0,-27.875,311.625,17.359999
2025-07-06T12:00:00Z,0.0,-27.625,311.125,NaN
2025-07-06T12:00:00Z,0.0,-27.625,311.375,NaN
2025-07-06T12:00:00Z,0.0,-27.625,311.625,17.59
2025-07-06T12:00:00Z,0.0,-27.375,311.125,NaN
2025-07-06T12:00:00Z,0.0,-27.375,311.375,NaN
2025-07-06T12:00:00Z,0.0,-27.375,311.625,17.84
2025-07-07T12:00:00Z,0.0,-27.875,311.125,NaN
2025-07-07T12:00:00Z,0.0,-27.875,311.375,NaN
2025-07-07T12:00:00Z,0.0,-27.875,311.625,17.369999
2025-07-07T12:00:00Z,0.0,-27.625,311.125,NaN
2025-07-07T12:00:00Z,0.0,-27.625,311.375,NaN
2025-07-07T12:00:00Z,0.0,-27.625,311.625,17.66
2025-07-07T12:00:00Z,0.0,-27.375,311.125,NaN
2025-07-07T12:00:00Z,0.0,-27.375,311.375,NaN
2025-07-07T12:00:00Z,0.0,-27.375,311.625,17.94
2025-07-08T12:00:00Z,0.0,-27.875,311.125,NaN
2025-07-08T12:00:00Z,0.0,-27.875,311.375,NaN
2025-07-08T12:00:00Z,0.0,-27.875,311.625,17.4
2025-07-08T12:00:00Z,0.0,-27.625,311.125,NaN
2025-07-08T12:00:00Z,0.0,-27.625,311.375,NaN
2025-07-08T12:00:00Z,0.0,-27.625,311.625,17.74
2025-07-08T12:00:00Z,0.0,-27.375,311.125,NaN
2025-07-08T12:00:00Z,0.0,-27.375,311.375,NaN
2025-07-08T12:00:00Z,0.0,-27.375,311.625,18.039999
2025-07-09T12:00:00Z,0.0,-27.875,311.125,NaN
2025-07-09T12:00:00Z,0.0,-27.875,311.375,NaN
2025-07-09T12:00:00Z,0.0,-27.875,311.625,17.42
2025-07-09T12:00:00Z,0.0,-27.625,311.125,NaN
2025-07-09T12:00:00Z,0.0,-27.625,311.375,NaN
2025-07-09T12:00:00Z,0.0,-27.625,311.625,17.77
2025-07-09T12:00:00Z,0.0,-27.375,311.125,NaN
2025-07-09T12:00:00Z,0.0,-27.375,311.375,NaN
2025-07-09T12:00:00Z,0.0,-27.375,311.625,18.08
2025-07-10T12:00:00Z,0.0,-27.875,311.125,NaN
2025-07-10T12:00:00Z,0.0,-27.875,311.375,NaN
2025-07-10T12:00:00Z,0.0,-27.875,311.625,17.369999
2025-07-10T12:00:00Z,0.0,-27.625,311.125,NaN
2025-07-10T12:00:00Z,0.0,-27.625,311.375,NaN
2025-07-10T12:00:00Z,0.0,-27.625,311.625,17.66
2025-07-10T12:00:00Z,0.0,-27.375,311.125,NaN
2025-07-10T12:00:00Z,0.0,-27.375,311.375,NaN
2025-07-10T12:00:00Z,0.0,-27.375,311.625,17.949999
2025-07-11T12:00:00Z,0.0,-27.875,311.125,NaN
2025-07-11T12:00:00Z,0.0,-27.875,311.375,NaN
2025-07-11T12:00:00Z,0.0,-27.875,311.625,17.33
2025-07-11T12:00:00Z,0.0,-27.625,311.125,NaN
2025-07-11T12:00:00Z,0.0,-27.625,311.375,NaN
2025-07-11T12:00:00Z,0.0,-27.625,311.625,17.49
2025-07-11T12:00:00Z,0.0,-27.375,311.125,NaN
2025-07-11T12:00:00Z,0.0,-27.375,311.375,NaN
2025-07-11T12:00:00Z,0.0,-27.375,311.625,17.71
2025-07-12T12:00:00Z,0.0,-27.875,311.125,NaN
2025-07-12T12:00:00Z,0.0,-27.875,311.375,NaN
2025-07-12T12:00:00Z,0.0,-27.875,311.625,17.15
2025-07-12T12:00:00Z,0.0,-27.625,311.125,NaN
2025-07-12T12:00:00Z,0.0,-27.625,311.375,NaN
2025-07-12T12:00:00Z,0.0,-27.625,311.625,17.34
2025-07-12T12:00:00Z,0.0,-27.375,311.125,NaN
2025-07-12T12:00:00Z,0.0,-27.375,311.375,NaN
2025-07-12T12:00:00Z,0.0,-27.375,311.625,17.66
2025-07-13T12:00:00Z,0.0,-27.875,311.125,NaN
2025-07-13T12:00:00Z,0.0,-27.875,311.375,NaN
2025-07-13T12:00:00Z,0.0,-27.875,311.625,17.13
2025-07-13T12:00:00Z,0.0,-27.625,311.125,NaN
2025-07-13T12:00:00Z,0.0,-27.625,311.375,NaN
2025-07-13T12:00:00Z,0.0,-27.625,311.625,17.359999
2025-07-13T12:00:00Z,0.0,-27.375,311.125,NaN
2025-07-13T12:00:00Z,0.0,-27.375,311.375,NaN
2025-07-13T12:00:00Z,0.0,-27.375,311.625,17.72
2025-07-14T12:00:00Z,0.0,-27.875,311.125,NaN
2025-07-14T12:00:00Z,0.0,-27.875,311.375,NaN
2025-07-14T12:00:00Z,0.0,-27.875,311.625,17.18
2025-07-14T12:00:00Z,0.0,-27.625,311.125,NaN
2025-07-14T12:00:00Z,0.0,-27.625,311.375,NaN
2025-07-14T12:00:00Z,0.0,-27.625,311.625,17.42
2025-07-14T12:00:00Z,0.0,-27.375,311.125,NaN
2025-07-14T12:00:00Z,0.0,-27.375,311.375,NaN
2025-07-14T12:00:00Z,0.0,-27.375,311.625,17.77
2025-07-15T12:00:00Z,0.0,-27.875,311.125,NaN
2025-07-15T12:00:00Z,0.0,-27.875,311.375,NaN
2025-07-15T12:00:00Z,0.0,-27.875,311.625,17.279999
2025-07-15T12:00:00Z,0.0,-27.625,311.125,NaN
2025-07-15T12:00:00Z,0.0,-27.625,311.375,NaN
2025-07-15T12:00:00Z,0.0,-27.625,311.625,17.51
2025-07-15T12:00:00Z,0.0,-27.375,311.125,NaN
2025-07-15T12:00:00Z,0.0,-27.375,311.375,NaN
2025-07-15T12:00:00Z,0.0,-27.375,311.625,17.85
2025-07-16T12:00:00Z,0.0,-27.875,311.125,NaN
2025-07-16T12:00:00Z,0.0,-27.875,311.375,NaN
2025-07-16T12:00:00Z,0.0,-27.875,311.625,17.48
2025-07-16T12:00:00Z,0.0,-27.625,311.125,NaN
2025-07-16T12:00:00Z,0.0,-27.625,311.375,NaN
2025-07-16T12:00:00Z,0.0,-27.625,311.625,17.74
2025-07-16T12:00:00Z,0.0,-27.375,311.125,NaN
2025-07-16T12:00:00Z,0.0,-27.375,311.375,NaN
2025-07-16T12:00:00Z,0.0,-27.375,311.625,18.08
2025-07-17T12:00:00Z,0.0,-27.875,311.125,NaN
2025-07-17T12:00:00Z,0.0,-27.875,311.375,NaN
2025-07-17T12:00:00Z,0.0,-27.875,311.625,17.59
2025-07-17T12:00:00Z,0.0,-27.625,311.125,NaN
2025-07-17T12:00:00Z,0.0,-27.625,311.375,NaN
2025-07-17T12:00:00Z,0.0,-27.625,311.625,17.869999
2025-07-17T12:00:00Z,0.0,-27.375,311.125,NaN
2025-07-17T12:00:00Z,0.0,-27.375,311.375,NaN
2025-07-17T12:00:00Z,0.0,-27.375,311.625,18.199999
2025-07-18T12:00:00Z,0.0,-27.875,311.125,NaN
2025-07-18T12:00:00Z,0.0,-27.875,311.375,NaN
2025-07-18T12:00:00Z,0.0,-27.875,311.625,17.5
2025-07-18T12:00:00Z,0.0,-27.625,311.125,NaN
2025-07-18T12:00:00Z,0.0,-27.625,311.375,NaN
2025-07-18T12:00:00Z,0.0,-27.625,311.625,17.77
2025-07-18T12:00:00Z,0.0,-27.375,311.125,NaN
2025-07-18T12:00:00Z,0.0,-27.375,311.375,NaN
2025-07-18T12:00:00Z,0.0,-27.375,311.625,18.05
2025-07-19T12:00:00Z,0.0,-27.875,311.125,NaN
2025-07-19T12:00:00Z,0.0,-27.875,311.375,NaN
2025-07-19T12:00:00Z,0.0,-27.875,311.625,17.23
2025-07-19T12:00:00Z,0.0,-27.625,311.125,NaN
2025-07-19T12:00:00Z,0.0,-27.625,311.375,NaN
2025-07-19T12:00:00Z,0.0,-27.625,311.625,17.48
2025-07-19T12:00:00Z,0.0,-27.375,311.125,NaN
2025-07-19T12:00:00Z,0.0,-27.375,311.375,NaN
2025-07-19T12:00:00Z,0.0,-27.375,311.625,17.74
2025-07-20T12:00:00Z,0.0,-27.875,311.125,NaN
2025-07-20T12:00:00Z,0.0,-27.875,311.375,NaN
2025-07-20T12:00:00Z,0.0,-27.875,311.625,17.039999
2025-07-20T12:00:00Z,0.0,-27.625,311.125,NaN
2025-07-20T12:00:00Z,0.0,-27.625,311.375,NaN
2025-07-20T12:00:00Z,0.0,-27.625,311.625,17.27
2025-07-20T12:00:00Z,0.0,-27.375,311.125,NaN
2025-07-20T12:00:00Z,0.0,-27.375,311.375,NaN
2025-07-20T12:00:00Z,0.0,-27.375,311.625,17.51
2025-07-21T12:00:00Z,0.0,-27.875,311.125,NaN
2025-07-21T12:00:00Z,0.0,-27.875,311.375,NaN
2025-07-21T12:00:00Z,0.0,-27.875,311.625,17.0
2025-07-21T12:00:00Z,0.0,-27.625,311.125,NaN
2025-07-21T12:00:00Z,0.0,-27.625,311.375,NaN
2025-07-21T12:00:00Z,0.0,-27.625,311.625,17.22
2025-07-21T12:00:00Z,0.0,-27.375,311.125,NaN
2025-07-21T12:00:00Z,0.0,-27.375,311.375,NaN
2025-07-21T12:00:00Z,0.0,-27.375,311.625,17.48
2025-07-22T12:00:00Z,0.0,-27.875,311.125,NaN
2025-07-22T12:00:00Z,0.0,-27.875,311.375,NaN
2025-07-22T12:00:00Z,0.0,-27.875,311.625,17.15
2025-07-22T12:00:00Z,0.0,-27.625,311.125,NaN
2025-07-22T12:00:00Z,0.0,-27.625,311.375,NaN
2025-07-22T12:00:00Z,0.0,-27.625,311.625,17.34
2025-07-22T12:00:00Z,0.0,-27.375,311.125,NaN
2025-07-22T12:00:00Z,0.0,-27.375,311.375,NaN
2025-07-22T12:00:00Z,0.0,-27.375,311.625,17.59
2025-07-23T12:00:00Z,0.0,-27.875,311.125,NaN
2025-07-23T12:00:00Z,0.0,-27.875,311.375,NaN
2025-07-23T12:00:00Z,0.0,-27.875,311.625,17.1
2025-07-23T12:00:00Z,0.0,-27.625,311.125,NaN
2025-07-23T12:00:00Z,0.0,-27.625,311.375,NaN
2025-07-23T12:00:00Z,0.0,-27.625,311.625,17.279999
2025-07-23T12:00:00Z,0.0,-27.375,311.125,NaN
2025-07-23T12:00:00Z,0.0,-27.375,311.375,NaN
2025-07-23T12:00:00Z,0.0,-27.375,311.625,17.51
2025-07-24T12:00:00Z,0.0,-27.875,311.125,NaN
2025-07-24T12:00:00Z,0.0,-27.875,311.375,NaN
2025-07-24T12:00:00Z,0.0,-27.875,311.625,17.039999
2025-07-24T12:00:00Z,0.0,-27.625,311.125,NaN
2025-07-24T12:00:00Z,0.0,-27.625,311.375,NaN
2025-07-24T12:00:00Z,0.0,-27.625,311.625,17.23
2025-07-24T12:00:00Z,0.0,-27.375,311.125,NaN
2025-07-24T12:00:00Z,0.0,-27.375,311.375,NaN
2025-07-24T12:00:00Z,0.0,-27.375,311.625,17.46
2025-07-25T12:00:00Z,0.0,-27.875,311.125,NaN
2025-07-25T12:00:00Z,0.0,-27.875,311.375,NaN
2025-07-25T12:00:00Z,0.0,-27.875,311.625,16.63
2025-07-25T12:00:00Z,0.0,-27.625,311.125,NaN
2025-07-25T12:00:00Z,0.0,-27.625,311.375,NaN
2025-07-25T12:00:00Z,0.0,-27.625,311.625,16.88
2025-07-25T12:00:00Z,0.0,-27.375,311.125,NaN
2025-07-25T12:00:00Z,0.0,-27.375,311.375,NaN
2025-07-25T12:00:00Z,0.0,-27.375,311.625,17.119999
2025-07-26T12:00:00Z,0.0,-27.875,311.125,NaN
2025-07-26T12:00:00Z,0.0,-27.875,311.375,NaN
2025-07-26T12:00:00Z,0.0,-27.875,311.625,16.6
2025-07-26T12:00:00Z,0.0,-27.625,311.125,NaN
2025-07-26T12:00:00Z,0.0,-27.625,311.375,NaN
2025-07-26T12:00:00Z,0.0,-27.625,311.625,16.84
2025-07-26T12:00:00Z,0.0,-27.375,311.125,NaN
2025-07-26T12:00:00Z,0.0,-27.375,311.375,NaN
2025-07-26T12:00:00Z,0.0,-27.375,311.625,17.109999
2025-07-27T12:00:00Z,0.0,-27.875,311.125,NaN
2025-07-27T12:00:00Z,0.0,-27.875,311.375,NaN
2025-07-27T12:00:00Z,0.0,-27.875,311.625,16.64
2025-07-27T12:00:00Z,0.0,-27.625,311.125,NaN
2025-07-27T12:00:00Z,0.0,-27.625,311.375,NaN
2025-07-27T12:00:00Z,0.0,-27.625,311.625,16.869999
2025-07-27T12:00:00Z,0.0,-27.375,311.125,NaN
2025-07-27T12:00:00Z,0.0,-27.375,311.375,NaN
2025-07-27T12:00:00Z,0.0,-27.375,311.625,17.16
2025-07-28T12:00:00Z,0.0,-27.875,311.125,NaN
2025-07-28T12:00:00Z,0.0,-27.875,311.375,NaN
2025-07-28T12:00:00Z,0.0,-27.875,311.625,16.43
2025-07-28T12:00:00Z,0.0,-27.625,311.125,NaN
2025-07-28T12:00:00Z,0.0,-27.625,311.375,NaN
2025-07-28T12:00:00Z,0.0,-27.625,311.625,16.56
2025-07-28T12:00:00Z,0.0,-27.375,311.125,NaN
2025-07-28T12:00:00Z,0.0,-27.375,311.375,NaN
2025-07-28T12:00:00Z,0.0,-27.375,311.625,16.74
2025-07-29T12:00:00Z,0.0,-27.875,311.125,NaN
2025-07-29T12:00:00Z,0.0,-27.875,311.375,NaN
2025-07-29T12:00:00Z,0.0,-27.875,311.625,16.24
2025-07-29T12:00:00Z,0.0,-27.625,311.125,NaN
2025-07-29T12:00:00Z,0.0,-27.625,311.375,NaN
2025-07-29T12:00:00Z,0.0,-27.625,311.625,16.24
2025-07-29T12:00:00Z,0.0,-27.375,311.125,NaN
2025-07-29T12:00:00Z,0.0,-27.375,311.375,NaN
2025-07-29T12:00:00Z,0.0,-27.375,311.625,16.31
2025-07-30T12:00:00Z,0.0,-27.875,311.125,NaN
2025-07-30T12:00:00Z,0.0,-27.875,311.375,NaN
2025-07-30T12:00:00Z,0.0,-27.875,311.625,16.039999
2025-07-30T12:00:00Z,0.0,-27.625,311.125,NaN
2025-07-30T12:00:00Z,0.0,-27.625,311.375,NaN
2025-07-30T12:00:00Z,0.0,-27.625,311.625,15.99
2025-07-30T12:00:00Z,0.0,-27.375,311.125,NaN
2025-07-30T12:00:00Z,0.0,-27.375,311.375,NaN
2025-07-30T12:00:00Z,0.0,-27.375,311.625,16.0
2025-07-31T12:00:00Z,0.0,-27.875,311.125,NaN
2025-07-31T12:00:00Z,0.0,-27.875,311.375,NaN
2025-07-31T12:00:00Z,0.0,-27.875,311.625,15.95
2025-07-31T12:00:00Z,0.0,-27.625,311.125,NaN
2025-07-31T12:00:00Z,0.0,-27.625,311.375,NaN
2025-07-31T12:00:00Z,0.0,-27.625,311.625,15.9
2025-07-31T12:00:00Z,0.0,-27.375,311.125,NaN
2025-07-31T12:00:00Z,0.0,-27.375,311.375,NaN
2025-07-31T12:00:00Z,0.0,-27.375,311.625,15.91
2025-08-01T12:00:00Z,0.0,-27.875,311.125,NaN
2025-08-01T12:00:00Z,0.0,-27.875,311.375,NaN
2025-08-01T12:00:00Z,0.0,-27.875,311.625,15.889999
2025-08-01T12:00:00Z,0.0,-27.625,311.125,NaN
2025-08-01T12:00:00Z,0.0,-27.625,311.375,NaN
2025-08-01T12:00:00Z,0.0,-27.625,311.625,15.86
2025-08-01T12:00:00Z,0.0,-27.375,311.125,NaN
2025-08-01T12:00:00Z,0.0,-27.375,311.375,NaN
2025-08-01T12:00:00Z,0.0,-27.375,311.625,15.92
2025-08-02T12:00:00Z,0.0,-27.875,311.125,NaN
2025-08-02T12:00:00Z,0.0,-27.875,311.375,NaN
2025-08-02T12:00:00Z,0.0,-27.875,311.625,15.849999
2025-08-02T12:00:00Z,0.0,-27.625,311.125,NaN
2025-08-02T12:00:00Z,0.0,-27.625,311.375,NaN
2025-08-02T12:00:00Z,0.0,-27.625,311.625,15.91
2025-08-02T12:00:00Z,0.0,-27.375,311.125,NaN
2025-08-02T12:00:00Z,0.0,-27.375,311.375,NaN
2025-08-02T12:00:00Z,0.0,-27.375,311.625,16.02
2025-08-03T12:00:00Z,0.0,-27.875,311.125,NaN
2025-08-03T12:00:00Z,0.0,-27.875,311.375,NaN
2025-08-03T12:00:00Z,0.0,-27.875,311.625,15.88
2025-08-03T12:00:00Z,0.0,-27.625,311.125,NaN
2025-08-03T12:00:00Z,0.0,-27.625,311.375,NaN
2025-08-03T12:00:00Z,0.0,-27.625,311.625,15.969999
2025-08-03T12:00:00Z,0.0,-27.375,311.125,NaN
2025-08-03T12:00:00Z,0.0,-27.375,311.375,NaN
2025-08-03T12:00:00Z,0.0,-27.375,311.625,16.119999
2025-08-04T12:00:00Z,0.0,-27.875,311.125,NaN
2025-08-04T12:00:00Z,0.0,-27.875,311.375,NaN
2025-08-04T12:00:00Z,0.0,-27.875,311.625,16.07
2025-08-04T12:00:00Z,0.0,-27.625,311.125,NaN
2025-08-04T12:00:00Z,0.0,-27.625,311.375,NaN
2025-08-04T12:00:00Z,0.0,-27.625,311.625,16.279999
2025-08-04T12:00:00Z,0.0,-27.375,311.125,NaN
2025-08-04T12:00:00Z,0.0,-27.375,311.375,NaN
2025-08-04T12:00:00Z,0.0,-27.375,311.625,16.57
2025-08-05T12:00:00Z,0.0,-27.875,311.125,NaN
2025-08-05T12:00:00Z,0.0,-27.875,311.375,NaN
2025-08-05T12:00:00Z,0.0,-27.875,311.625,16.51
2025-08-05T12:00:00Z,0.0,-27.625,311.125,NaN
2025-08-05T12:00:00Z,0.0,-27.625,311.375,NaN
2025-08-05T12:00:00Z,0.0,-27.625,311.625,16.66
2025-08-05T12:00:00Z,0.0,-27.375,311.125,NaN
2025-08-05T12:00:00Z,0.0,-27.375,311.375,NaN
2025-08-05T12:00:00Z,0.0,-27.375,311.625,16.75
2025-08-06T12:00:00Z,0.0,-27.875,311.125,NaN
2025-08-06T12:00:00Z,0.0,-27.875,311.375,NaN
2025-08-06T12:00:00Z,0.0,-27.875,311.625,16.41
2025-08-06T12:00:00Z,0.0,-27.625,311.125,NaN
2025-08-06T12:00:00Z,0.0,-27.625,311.375,NaN
2025-08-06T12:00:00Z,0.0,-27.625,311.625,16.55
2025-08-06T12:00:00Z,0.0,-27.375,311.125,NaN
2025-08-06T12:00:00Z,0.0,-27.375,311.375,NaN
2025-08-06T12:00:00Z,0.0,-27.375,311.625,16.67
2025-08-07T12:00:00Z,0.0,-27.875,311.125,NaN
2025-08-07T12:00:00Z,0.0,-27.875,311.375,NaN
2025-08-07T12:00:00Z,0.0,-27.875,311.625,16.529999
2025-08-07T12:00:00Z,0.0,-27.625,311.125,NaN
2025-08-07T12:00:00Z,0.0,-27.625,311.375,NaN
2025-08-07T12:00:00Z,0.0,-27.625,311.625,16.65
2025-08-07T12:00:00Z,0.0,-27.375,311.125,NaN
2025-08-07T12:00:00Z,0.0,-27.375,311.375,NaN
2025-08-07T12:00:00Z,0.0,-27.375,311.625,16.779999
2025-08-08T12:00:00Z,0.0,-27.875,311.125,NaN
2025-08-08T12:00:00Z,0.0,-27.875,311.375,NaN
2025-08-08T12:00:00Z,0.0,-27.875,311.625,16.57
2025-08-08T12:00:00Z,0.0,-27.625,311.125,NaN
2025-08-08T12:00:00Z,0.0,-27.625,311.375,NaN
2025-08-08T12:00:00Z,0.0,-27.625,311.625,16.73
2025-08-08T12:00:00Z,0.0,-27.375,311.125,NaN
2025-08-08T12:00:00Z,0.0,-27.375,311.375,NaN
2025-08-08T12:00:00Z,0.0,-27.375,311.625,16.89
2025-08-09T12:00:00Z,0.0,-27.875,311.125,NaN
2025-08-09T12:00:00Z,0.0,-27.875,311.375,NaN
2025-08-09T12:00:00Z,0.0,-27.875,311.625,16.4
2025-08-09T12:00:00Z,0.0,-27.625,311.125,NaN
2025-08-09T12:00:00Z,0.0,-27.625,311.375,NaN
2025-08-09T12:00:00Z,0.0,-27.625,311.625,16.619999
2025-08-09T12:00:00Z,0.0,-27.375,311.125,NaN
2025-08-09T12:00:00Z,0.0,-27.375,311.375,NaN
2025-08-09T12:00:00Z,0.0,-27.375,311.625,16.83
2025-08-10T12:00:00Z,0.0,-27.875,311.125,NaN
2025-08-10T12:00:00Z,0.0,-27.875,311.375,NaN
2025-08-10T12:00:00Z,0.0,-27.875,311.625,16.199999
2025-08-10T12:00:00Z,0.0,-27.625,311.125,NaN
2025-08-10T12:00:00Z,0.0,-27.625,311.375,NaN
2025-08-10T12:00:00Z,0.0,-27.625,311.625,16.44
2025-08-10T12:00:00Z,0.0,-27.375,311.125,NaN
2025-08-10T12:00:00Z,0.0,-27.375,311.375,NaN
2025-08-10T12:00:00Z,0.0,-27.375,311.625,16.71
2025-08-11T12:00:00Z,0.0,-27.875,311.125,NaN
2025-08-11T12:00:00Z,0.0,-27.875,311.375,NaN
2025-08-11T12:00:00Z,0.0,-27.875,311.625,16.07
2025-08-11T12:00:00Z,0.0,-27.625,311.125,NaN
2025-08-11T12:00:00Z,0.0,-27.625,311.375,NaN
2025-08-11T12:00:00Z,0.0,-27.625,311.625,16.32
2025-08-11T12:00:00Z,0.0,-27.375,311.125,NaN
2025-08-11T12:00:00Z,0.0,-27.375,311.375,NaN
2025-08-11T12:00:00Z,0.0,-27.375,311.625,16.6
2025-08-12T12:00:00Z,0.0,-27.875,311.125,NaN
2025-08-12T12:00:00Z,0.0,-27.875,311.375,NaN
2025-08-12T12:00:00Z,0.0,-27.875,311.625,16.08
2025-08-12T12:00:00Z,0.0,-27.625,311.125,NaN
2025-08-12T12:00:00Z,0.0,-27.625,311.375,NaN
2025-08-12T12:00:00Z,0.0,-27.625,311.625,16.3
2025-08-12T12:00:00Z,0.0,-27.375,311.125,NaN
2025-08-12T12:00:00Z,0.0,-27.375,311.375,NaN
2025-08-12T12:00:00Z,0.0,-27.375,311.625,16.55
2025-08-13T12:00:00Z,0.0,-27.875,311.125,NaN
2025-08-13T12:00:00Z,0.0,-27.875,311.375,NaN
2025-08-13T12:00:00Z,0.0,-27.875,311.625,16.3
2025-08-13T12:00:00Z,0.0,-27.625,311.125,NaN
2025-08-13T12:00:00Z,0.0,-27.625,311.375,NaN
2025-08-13T12:00:00Z,0.0,-27.625,311.625,16.48
2025-08-13T12:00:00Z,0.0,-27.375,311.125,NaN
2025-08-13T12:00:00Z,0.0,-27.375,311.375,NaN
2025-08-13T12:00:00Z,0.0,-27.375,311.625,16.67
2025-08-14T12:00:00Z,0.0,-27.875,311.125,NaN
2025-08-14T12:00:00Z,0.0,-27.875,311.375,NaN
2025-08-14T12:00:00Z,0.0,-27.875,311.625,16.31
2025-08-14T12:00:00Z,0.0,-27.625,311.125,NaN
2025-08-14T12:00:00Z,0.0,-27.625,311.375,NaN
2025-08-14T12:00:00Z,0.0,-27.625,311.625,16.49
2025-08-14T12:00:00Z,0.0,-27.375,311.125,NaN
2025-08-14T12:00:00Z,0.0,-27.375,311.375,NaN
2025-08-14T12:00:00Z,0.0,-27.375,311.625,16.67
2025-08-15T12:00:00Z,0.0,-27.875,311.125,NaN
2025-08-15T12:00:00Z,0.0,-27.875,311.375,NaN
2025-08-15T12:00:00Z,0.0,-27.875,311.625,16.32
2025-08-15T12:00:00Z,0.0,-27.625,311.125,NaN
2025-08-15T12:00:00Z,0.0,-27.625,311.375,NaN
2025-08-15T12:00:00Z,0.0,-27.625,311.625,16.49
2025-08-15T12:00:00Z,0.0,-27.375,311.125,NaN
2025-08-15T12:00:00Z,0.0,-27.375,311.375,NaN
2025-08-15T12:00:00Z,0.0,-27.375,311.625,16.68
2025-08-16T12:00:00Z,0.0,-27.875,311.125,NaN
2025-08-16T12:00:00Z,0.0,-27.875,311.375,NaN
2025-08-16T12:00:00Z,0.0,-27.875,311.625,16.55
2025-08-16T12:00:00Z,0.0,-27.625,311.125,NaN
2025-08-16T12:00:00Z,0.0,-27.625,311.375,NaN
2025-08-16T12:00:00Z,0.0,-27.625,311.625,16.72
2025-08-16T12:00:00Z,0.0,-27.375,311.125,NaN
2025-08-16T12:00:00Z,0.0,-27.375,311.375,NaN
2025-08-16T12:00:00Z,0.0,-27.375,311.625,16.92
2025-08-17T12:00:00Z,0.0,-27.875,311.125,NaN
2025-08-17T12:00:00Z,0.0,-27.875,311.375,NaN
2025-08-17T12:00:00Z,0.0,-27.875,311.625,16.539999
2025-08-17T12:00:00Z,0.0,-27.625,311.125,NaN
2025-08-17T12:00:00Z,0.0,-27.625,311.375,NaN
2025-08-17T12:00:00Z,0.0,-27.625,311.625,16.71
2025-08-17T12:00:00Z,0.0,-27.375,311.125,NaN
2025-08-17T12:00:00Z,0.0,-27.375,311.375,NaN
2025-08-17T12:00:00Z,0.0,-27.375,311.625,16.89
2025-08-18T12:00:00Z,0.0,-27.875,311.125,NaN
2025-08-18T12:00:00Z,0.0,-27.875,311.375,NaN
2025-08-18T12:00:00Z,0.0,-27.875,311.625,16.56
2025-08-18T12:00:00Z,0.0,-27.625,311.125,NaN
2025-08-18T12:00:00Z,0.0,-27.625,311.375,NaN
2025-08-18T12:00:00Z,0.0,-27.625,311.625,16.72
2025-08-18T12:00:00Z,0.0,-27.375,311.125,NaN
2025-08-18T12:00:00Z,0.0,-27.375,311.375,NaN
2025-08-18T12:00:00Z,0.0,-27.375,311.625,16.9
2025-08-19T12:00:00Z,0.0,-27.875,311.125,NaN
2025-08-19T12:00:00Z,0.0,-27.875,311.375,NaN
2025-08-19T12:00:00Z,0.0,-27.875,311.625,16.359999
2025-08-19T12:00:00Z,0.0,-27.625,311.125,NaN
2025-08-19T12:00:00Z,0.0,-27.625,311.375,NaN
2025-08-19T12:00:00Z,0.0,-27.625,311.625,16.55
2025-08-19T12:00:00Z,0.0,-27.375,311.125,NaN
2025-08-19T12:00:00Z,0.0,-27.375,311.375,NaN
2025-08-19T12:00:00Z,0.0,-27.375,311.625,16.8
2025-08-20T12:00:00Z,0.0,-27.875,311.125,NaN
2025-08-20T12:00:00Z,0.0,-27.875,311.375,NaN
2025-08-20T12:00:00Z,0.0,-27.875,311.625,16.8
2025-08-20T12:00:00Z,0.0,-27.625,311.125,NaN
2025-08-20T12:00:00Z,0.0,-27.625,311.375,NaN
2025-08-20T12:00:00Z,0.0,-27.625,311.625,17.01
2025-08-20T12:00:00Z,0.0,-27.375,311.125,NaN
2025-08-20T12:00:00Z,0.0,-27.375,311.375,NaN
2025-08-20T12:00:00Z,0.0,-27.375,311.625,17.21
2025-08-21T12:00:00Z,0.0,-27.875,311.125,NaN
2025-08-21T12:00:00Z,0.0,-27.875,311.375,NaN
2025-08-21T12:00:00Z,0.0,-27.875,311.625,17.41
2025-08-21T12:00:00Z,0.0,-27.625,311.125,NaN
2025-08-21T12:00:00Z,0.0,-27.625,311.375,NaN
2025-08-21T12:00:00Z,0.0,-27.625,311.625,17.609999
2025-08-21T12:00:00Z,0.0,-27.375,311.125,NaN
2025-08-21T12:00:00Z,0.0,-27.375,311.375,NaN
2025-08-21T12:00:00Z,0.0,-27.375,311.625,17.77
2025-08-22T12:00:00Z,0.0,-27.875,311.125,NaN
2025-08-22T12:00:00Z,0.0,-27.875,311.375,NaN
2025-08-22T12:00:00Z,0.0,-27.875,311.625,17.58
2025-08-22T12:00:00Z,0.0,-27.625,311.125,NaN
2025-08-22T12:00:00Z,0.0,-27.625,311.375,NaN
2025-08-22T12:00:00Z,0.0,-27.625,311.625,17.779999
2025-08-22T12:00:00Z,0.0,-27.375,311.125,NaN
2025-08-22T12:00:00Z,0.0,-27.375,311.375,NaN
2025-08-22T12:00:00Z,0.0,-27.375,311.625,17.949999
2025-08-23T12:00:00Z,0.0,-27.875,311.125,NaN
2025-08-23T12:00:00Z,0.0,-27.875,311.375,NaN
2025-08-23T12:00:00Z,0.0,-27.875,311.625,17.52
2025-08-23T12:00:00Z,0.0,-27.625,311.125,NaN
2025-08-23T12:00:00Z,0.0,-27.625,311.375,NaN
2025-08-23T12:00:00Z,0.0,-27.625,311.625,17.76
2025-08-23T12:00:00Z,0.0,-27.375,311.125,NaN
2025-08-23T12:00:00Z,0.0,-27.375,311.375,NaN
2025-08-23T12:00:00Z,0.0,-27.375,311.625,18.06
2025-08-24T12:00:00Z,0.0,-27.875,311.125,NaN
2025-08-24T12:00:00Z,0.0,-27.875,311.375,NaN
2025-08-24T12:00:00Z,0.0,-27.875,311.625,17.34
2025-08-24T12:00:00Z,0.0,-27.625,311.125,NaN
2025-08-24T12:00:00Z,0.0,-27.625,311.375,NaN
2025-08-24T12:00:00Z,0.0,-27.625,311.625,17.56
2025-08-24T12:00:00Z,0.0,-27.375,311.125,NaN
2025-08-24T12:00:00Z,0.0,-27.375,311.375,NaN
2025-08-24T12:00:00Z,0.0,-27.375,311.625,17.85
2025-08-25T12:00:00Z,0.0,-27.875,311.125,NaN
2025-08-25T12:00:00Z,0.0,-27.875,311.375,NaN
2025-08-25T12:00:00Z,0.0,-27.875,311.625,17.15
2025-08-25T12:00:00Z,0.0,-27.625,311.125,NaN
2025-08-25T12:00:00Z,0.0,-27.625,311.375,NaN
2025-08-25T12:00:00Z,0.0,-27.625,311.625,17.3
2025-08-25T12:00:00Z,0.0,-27.375,311.125,NaN
2025-08-25T12:00:00Z,0.0,-27.375,311.375,NaN
2025-08-25T12:00:00Z,0.0,-27.375,311.625,17.56
2025-08-26T12:00:00Z,0.0,-27.875,311.125,NaN
2025-08-26T12:00:00Z,0.0,-27.875,311.375,NaN
2025-08-26T12:00:00Z,0.0,-27.875,311.625,17.84
2025-08-26T12:00:00Z,0.0,-27.625,311.125,NaN
2025-08-26T12:00:00Z,0.0,-27.625,311.375,NaN
2025-08-26T12:00:00Z,0.0,-27.625,311.625,18.01
2025-08-26T12:00:00Z,0.0,-27.375,311.125,NaN
2025-08-26T12:00:00Z,0.0,-27.375,311.375,NaN
2025-08-26T12:00:00Z,0.0,-27.375,311.625,18.24
2025-08-27T12:00:00Z,0.0,-27.875,311.125,NaN
2025-08-27T12:00:00Z,0.0,-27.875,311.375,NaN
2025-08-27T12:00:00Z,0.0,-27.875,311.625,17.779999
2025-08-27T12:00:00Z,0.0,-27.625,311.125,NaN
2025-08-27T12:00:00Z,0.0,-27.625,311.375,NaN
2025-08-27T12:00:00Z,0.0,-27.625,311.625,17.76
2025-08-27T12:00:00Z,0.0,-27.375,311.125,NaN
2025-08-27T12:00:00Z,0.0,-27.375,311.375,NaN
2025-08-27T12:00:00Z,0.0,-27.375,311.625,17.789999
2025-08-28T12:00:00Z,0.0,-27.875,311.125,NaN
2025-08-28T12:00:00Z,0.0,-27.875,311.375,NaN
2025-08-28T12:00:00Z,0.0,-27.875,311.625,17.779999
2025-08-28T12:00:00Z,0.0,-27.625,311.125,NaN
2025-08-28T12:00:00Z,0.0,-27.625,311.375,NaN
2025-08-28T12:00:00Z,0.0,-27.625,311.625,17.76
2025-08-28T12:00:00Z,0.0,-27.375,311.125,NaN
2025-08-28T12:00:00Z,0.0,-27.375,311.375,NaN
2025-08-28T12:00:00Z,0.0,-27.375,311.625,17.71
2025-08-29T12:00:00Z,0.0,-27.875,311.125,NaN
2025-08-29T12:00:00Z,0.0,-27.875,311.375,NaN
2025-08-29T12:00:00Z,0.0,-27.875,311.625,17.92
2025-08-29T12:00:00Z,0.0,-27.625,311.125,NaN
2025-08-29T12:00:00Z,0.0,-27.625,311.375,NaN
2025-08-29T12:00:00Z,0.0,-27.625,311.625,17.9
2025-08-29T12:00:00Z,0.0,-27.375,311.125,NaN
2025-08-29T12:00:00Z,0.0,-27.375,311.375,NaN
2025-08-29T12:00:00Z,0.0,-27.375,311.625,17.869999
2025-08-30T12:00:00Z,0.0,-27.875,311.125,NaN
2025-08-30T12:00:00Z,0.0,-27.875,311.375,NaN
2025-08-30T12:00:00Z,0.0,-27.875,311.625,17.949999
2025-08-30T12:00:00Z,0.0,-27.625,311.125,NaN
2025-08-30T12:00:00Z,0.0,-27.625,311.375,NaN
2025-08-30T12:00:00Z,0.0,-27.625,311.625,17.92
2025-08-30T12:00:00Z,0.0,-27.375,311.125,NaN
2025-08-30T12:00:00Z,0.0,-27.375,311.375,NaN
2025-08-30T12:00:00Z,0.0,-27.375,311.625,17.88
2025-08-31T12:00:00Z,0.0,-27.875,311.125,NaN
2025-08-31T12:00:00Z,0.0,-27.875,311.375,NaN
2025-08-31T12:00:00Z,0.0,-27.875,311.625,17.94
2025-08-31T12:00:00Z,0.0,-27.625,311.125,NaN
2025-08-31T12:00:00Z,0.0,-27.625,311.375,NaN
2025-08-31T12:00:00Z,0.0,-27.625,311.625,17.93
2025-08-31T12:00:00Z,0.0,-27.375,311.125,NaN
2025-08-31T12:00:00Z,0.0,-27.375,311.375,NaN
2025-08-31T12:00:00Z,0.0,-27.375,311.625,17.949999
2025-09-01T12:00:00Z,0.0,-27.875,311.125,NaN
2025-09-01T12:00:00Z,0.0,-27.875,311.375,NaN
2025-09-01T12:00:00Z,0.0,-27.875,311.625,17.97
2025-09-01T12:00:00Z,0.0,-27.625,311.125,NaN
2025-09-01T12:00:00Z,0.0,-27.625,311.375,NaN
2025-09-01T12:00:00Z,0.0,-27.625,311.625,18.0
2025-09-01T12:00:00Z,0.0,-27.375,311.125,NaN
2025-09-01T12:00:00Z,0.0,-27.375,311.375,NaN
2025-09-01T12:00:00Z,0.0,-27.375,311.625,18.07
2025-09-02T12:00:00Z,0.0,-27.875,311.125,NaN
2025-09-02T12:00:00Z,0.0,-27.875,311.375,NaN
2025-09-02T12:00:00Z,0.0,-27.875,311.625,18.01
2025-09-02T12:00:00Z,0.0,-27.625,311.125,NaN
2025-09-02T12:00:00Z,0.0,-27.625,311.375,NaN
2025-09-02T12:00:00Z,0.0,-27.625,311.625,18.08
2025-09-02T12:00:00Z,0.0,-27.375,311.125,NaN
2025-09-02T12:00:00Z,0.0,-27.375,311.375,NaN
2025-09-02T12:00:00Z,0.0,-27.375,311.625,18.18
2025-09-03T12:00:00Z,0.0,-27.875,311.125,NaN
2025-09-03T12:00:00Z,0.0,-27.875,311.375,NaN
2025-09-03T12:00:00Z,0.0,-27.875,311.625,17.98
2025-09-03T12:00:00Z,0.0,-27.625,311.125,NaN
2025-09-03T12:00:00Z,0.0,-27.625,311.375,NaN
2025-09-03T12:00:00Z,0.0,-27.625,311.625,18.02
2025-09-03T12:00:00Z,0.0,-27.375,311.125,NaN
2025-09-03T12:00:00Z,0.0,-27.375,311.375,NaN
2025-09-03T12:00:00Z,0.0,-27.375,311.625,18.08
2025-09-04T12:00:00Z,0.0,-27.875,311.125,NaN
2025-09-04T12:00:00Z,0.0,-27.875,311.375,NaN
2025-09-04T12:00:00Z,0.0,-27.875,311.625,18.029999
2025-09-04T12:00:00Z,0.0,-27.625,311.125,NaN
2025-09-04T12:00:00Z,0.0,-27.625,311.375,NaN
2025-09-04T12:00:00Z,0.0,-27.625,311.625,18.15
2025-09-04T12:00:00Z,0.0,-27.375,311.125,NaN
2025-09-04T12:00:00Z,0.0,-27.375,311.375,NaN
2025-09-04T12:00:00Z,0.0,-27.375,311.625,18.18
2025-09-05T12:00:00Z,0.0,-27.875,311.125,NaN
2025-09-05T12:00:00Z,0.0,-27.875,311.375,NaN
2025-09-05T12:00:00Z,0.0,-27.875,311.625,18.23
2025-09-05T12:00:00Z,0.0,-27.625,311.125,NaN
2025-09-05T12:00:00Z,0.0,-27.625,311.375,NaN
2025-09-05T12:00:00Z,0.0,-27.625,311.625,18.359999
2025-09-05T12:00:00Z,0.0,-27.375,311.125,NaN
2025-09-05T12:00:00Z,0.0,-27.375,311.375,NaN
2025-09-05T12:00:00Z,0.0,-27.375,311.625,18.42
2025-09-06T12:00:00Z,0.0,-27.875,311.125,NaN
2025-09-06T12:00:00Z,0.0,-27.875,311.375,NaN
2025-09-06T12:00:00Z,0.0,-27.875,311.625,18.17
2025-09-06T12:00:00Z,0.0,-27.625,311.125,NaN
2025-09-06T12:00:00Z,0.0,-27.625,311.375,NaN
2025-09-06T12:00:00Z,0.0,-27.625,311.625,18.3
2025-09-06T12:00:00Z,0.0,-27.375,311.125,NaN
2025-09-06T12:00:00Z,0.0,-27.375,311.375,NaN
2025-09-06T12:00:00Z,0.0,-27.375,311.625,18.44
2025-09-07T12:00:00Z,0.0,-27.875,311.125,NaN
2025-09-07T12:00:00Z,0.0,-27.875,311.375,NaN
2025-09-07T12:00:00Z,0.0,-27.875,311.625,18.1
2025-09-07T12:00:00Z,0.0,-27.625,311.125,NaN
2025-09-07T12:00:00Z,0.0,-27.625,311.375,NaN
2025-09-07T12:00:00Z,0.0,-27.625,311.625,18.25
2025-09-07T12:00:00Z,0.0,-27.375,311.125,NaN
2025-09-07T12:00:00Z,0.0,-27.375,311.375,NaN
2025-09-07T12:00:00Z,0.0,-27.375,311.625,18.41
2025-09-08T12:00:00Z,0.0,-27.875,311.125,NaN
2025-09-08T12:00:00Z,0.0,-27.875,311.375,NaN
2025-09-08T12:00:00Z,0.0,-27.875,311.625,18.18
2025-09-08T12:00:00Z,0.0,-27.625,311.125,NaN
2025-09-08T12:00:00Z,0.0,-27.625,311.375,NaN
2025-09-08T12:00:00Z,0.0,-27.625,311.625,18.31
2025-09-08T12:00:00Z,0.0,-27.375,311.125,NaN
2025-09-08T12:00:00Z,0.0,-27.375,311.375,NaN
2025-09-08T12:00:00Z,0.0,-27.375,311.625,18.47
2025-09-09T12:00:00Z,0.0,-27.875,311.125,NaN
2025-09-09T12:00:00Z,0.0,-27.875,311.375,NaN
2025-09-09T12:00:00Z,0.0,-27.875,311.625,18.07
2025-09-09T12:00:00Z,0.0,-27.625,311.125,NaN
2025-09-09T12:00:00Z,0.0,-27.625,311.375,NaN
2025-09-09T12:00:00Z,0.0,-27.625,311.625,18.17
2025-09-09T12:00:00Z,0.0,-27.375,311.125,NaN
2025-09-09T12:00:00Z,0.0,-27.375,311.375,NaN
2025-09-09T12:00:00Z,0.0,-27.375,311.625,18.26
2025-09-10T12:00:00Z,0.0,-27.875,311.125,NaN
2025-09-10T12:00:00Z,0.0,-27.875,311.375,NaN
2025-09-10T12:00:00Z,0.0,-27.875,311.625,18.01
2025-09-10T12:00:00Z,0.0,-27.625,311.125,NaN
2025-09-10T12:00:00Z,0.0,-27.625,311.375,NaN
2025-09-10T12:00:00Z,0.0,-27.625,311.625,17.98
2025-09-10T12:00:00Z,0.0,-27.375,311.125,NaN
2025-09-10T12:00:00Z,0.0,-27.375,311.375,NaN
2025-09-10T12:00:00Z,0.0,-27.375,311.625,18.01
2025-09-11T12:00:00Z,0.0,-27.875,311.125,NaN
2025-09-11T12:00:00Z,0.0,-27.875,311.375,NaN
2025-09-11T12:00:00Z,0.0,-27.875,311.625,18.029999
2025-09-11T12:00:00Z,0.0,-27.625,311.125,NaN
2025-09-11T12:00:00Z,0.0,-27.625,311.375,NaN
2025-09-11T12:00:00Z,0.0,-27.625,311.625,17.97
2025-09-11T12:00:00Z,0.0,-27.375,311.125,NaN
2025-09-11T12:00:00Z,0.0,-27.375,311.375,NaN
2025-09-11T12:00:00Z,0.0,-27.375,311.625,17.97
2025-09-12T12:00:00Z,0.0,-27.875,311.125,NaN
2025-09-12T12:00:00Z,0.0,-27.875,311.375,NaN
2025-09-12T12:00:00Z,0.0,-27.875,311.625,18.06
2025-09-12T12:00:00Z,0.0,-27.625,311.125,NaN
2025-09-12T12:00:00Z,0.0,-27.625,311.375,NaN
2025-09-12T12:00:00Z,0.0,-27.625,311.625,17.98
2025-09-12T12:00:00Z,0.0,-27.375,311.125,NaN
2025-09-12T12:00:00Z,0.0,-27.375,311.375,NaN
2025-09-12T12:00:00Z,0.0,-27.375,311.625,17.949999
2025-09-13T12:00:00Z,0.0,-27.875,311.125,NaN
2025-09-13T12:00:00Z,0.0,-27.875,311.375,NaN
2025-09-13T12:00:00Z,0.0,-27.875,311.625,18.26
2025-09-13T12:00:00Z,0.0,-27.625,311.125,NaN
2025-09-13T12:00:00Z,0.0,-27.625,311.375,NaN
2025-09-13T12:00:00Z,0.0,-27.625,311.625,18.17
2025-09-13T12:00:00Z,0.0,-27.375,311.125,NaN
2025-09-13T12:00:00Z,0.0,-27.375,311.375,NaN
2025-09-13T12:00:00Z,0.0,-27.375,311.625,18.14
2025-09-14T12:00:00Z,0.0,-27.875,311.125,NaN
2025-09-14T12:00:00Z,0.0,-27.875,311.375,NaN
2025-09-14T12:00:00Z,0.0,-27.875,311.625,18.4
2025-09-14T12:00:00Z,0.0,-27.625,311.125,NaN
2025-09-14T12:00:00Z,0.0,-27.625,311.375,NaN
2025-09-14T12:00:00Z,0.0,-27.625,311.625,18.369999
2025-09-14T12:00:00Z,0.0,-27.375,311.125,NaN
2025-09-14T12:00:00Z,0.0,-27.375,311.375,NaN
2025-09-14T12:00:00Z,0.0,-27.375,311.625,18.369999
2025-09-15T12:00:00Z,0.0,-27.875,311.125,NaN
2025-09-15T12:00:00Z,0.0,-27.875,311.375,NaN
2025-09-15T12:00:00Z,0.0,-27.875,311.625,18.55
2025-09-15T12:00:00Z,0.0,-27.625,311.125,NaN
2025-09-15T12:00:00Z,0.0,-27.625,311.375,NaN
2025-09-15T12:00:00Z,0.0,-27.625,311.625,18.619999
2025-09-15T12:00:00Z,0.0,-27.375,311.125,NaN
2025-09-15T12:00:00Z,0.0,-27.375,311.375,NaN
2025-09-15T12:00:00Z,0.0,-27.375,311.625,18.76
2025-09-16T12:00:00Z,0.0,-27.875,311.125,NaN
2025-09-16T12:00:00Z,0.0,-27.875,311.375,NaN
2025-09-16T12:00:00Z,0.0,-27.875,311.625,18.88
2025-09-16T12:00:00Z,0.0,-27.625,311.125,NaN
2025-09-16T12:00:00Z,0.0,-27.625,311.375,NaN
2025-09-16T12:00:00Z,0.0,-27.625,311.625,19.09
2025-09-16T12:00:00Z,0.0,-27.375,311.125,NaN
2025-09-16T12:00:00Z,0.0,-27.375,311.375,NaN
2025-09-16T12:00:00Z,0.0,-27.375,311.625,19.35
2025-09-17T12:00:00Z,0.0,-27.875,311.125,NaN
2025-09-17T12:00:00Z,0.0,-27.875,311.375,NaN
2025-09-17T12:00:00Z,0.0,-27.875,311.625,19.05
2025-09-17T12:00:00Z,0.0,-27.625,311.125,NaN
2025-09-17T12:00:00Z,0.0,-27.625,311.375,NaN
2025-09-17T12:00:00Z,0.0,-27.625,311.625,19.23
2025-09-17T12:00:00Z,0.0,-27.375,311.125,NaN
2025-09-17T12:00:00Z,0.0,-27.375,311.375,NaN
2025-09-17T12:00:00Z,0.0,-27.375,311.625,19.41
2025-09-18T12:00:00Z,0.0,-27.875,311.125,NaN
2025-09-18T12:00:00Z,0.0,-27.875,311.375,NaN
2025-09-18T12:00:00Z,0.0,-27.875,311.625,19.23
2025-09-18T12:00:00Z,0.0,-27.625,311.125,NaN
2025-09-18T12:00:00Z,0.0,-27.625,311.375,NaN
2025-09-18T12:00:00Z,0.0,-27.625,311.625,19.529999
2025-09-18T12:00:00Z,0.0,-27.375,311.125,NaN
2025-09-18T12:00:00Z,0.0,-27.375,311.375,NaN
2025-09-18T12:00:00Z,0.0,-27.375,311.625,19.77
2025-09-19T12:00:00Z,0.0,-27.875,311.125,NaN
2025-09-19T12:00:00Z,0.0,-27.875,311.375,NaN
2025-09-19T12:00:00Z,0.0,-27.875,311.625,19.59
2025-09-19T12:00:00Z,0.0,-27.625,311.125,NaN
2025-09-19T12:00:00Z,0.0,-27.625,311.375,NaN
2025-09-19T12:00:00Z,0.0,-27.625,311.625,19.91
2025-09-19T12:00:00Z,0.0,-27.375,311.125,NaN
2025-09-19T12:00:00Z,0.0,-27.375,311.375,NaN
2025-09-19T12:00:00Z,0.0,-27.375,311.625,20.16
2025-09-20T12:00:00Z,0.0,-27.875,311.125,NaN
2025-09-20T12:00:00Z,0.0,-27.875,311.375,NaN
2025-09-20T12:00:00Z,0.0,-27.875,311.625,19.949999
2025-09-20T12:00:00Z,0.0,-27.625,311.125,NaN
2025-09-20T12:00:00Z,0.0,-27.625,311.375,NaN
2025-09-20T12:00:00Z,0.0,-27.625,311.625,20.17
2025-09-20T12:00:00Z,0.0,-27.375,311.125,NaN
2025-09-20T12:00:00Z,0.0,-27.375,311.375,NaN
2025-09-20T12:00:00Z,0.0,-27.375,311.625,20.31
2025-09-21T12:00:00Z,0.0,-27.875,311.125,NaN
2025-09-21T12:00:00Z,0.0,-27.875,311.375,NaN
2025-09-21T12:00:00Z,0.0,-27.875,311.625,19.89
2025-09-21T12:00:00Z,0.0,-27.625,311.125,NaN
2025-09-21T12:00:00Z,0.0,-27.625,311.375,NaN
2025-09-21T12:00:00Z,0.0,-27.625,311.625,20.039999
2025-09-21T12:00:00Z,0.0,-27.375,311.125,NaN
2025-09-21T12:00:00Z,0.0,-27.375,311.375,NaN
2025-09-21T12:00:00Z,0.0,-27.375,311.625,20.13
2025-09-22T12:00:00Z,0.0,-27.875,311.125,NaN
2025-09-22T12:00:00Z,0.0,-27.875,311.375,NaN
2025-09-22T12:00:00Z,0.0,-27.875,311.625,19.619999
2025-09-22T12:00:00Z,0.0,-27.625,311.125,NaN
2025-09-22T12:00:00Z,0.0,-27.625,311.375,NaN
2025-09-22T12:00:00Z,0.0,-27.625,311.625,19.77
2025-09-22T12:00:00Z,0.0,-27.375,311.125,NaN
2025-09-22T12:00:00Z,0.0,-27.375,311.375,NaN
2025-09-22T12:00:00Z,0.0,-27.375,311.625,19.82
2025-09-23T12:00:00Z,0.0,-27.875,311.125,NaN
2025-09-23T12:00:00Z,0.0,-27.875,311.375,NaN
2025-09-23T12:00:00Z,0.0,-27.875,311.625,19.33
2025-09-23T12:00:00Z,0.0,-27.625,311.125,NaN
2025-09-23T12:00:00Z,0.0,-27.625,311.375,NaN
2025-09-23T12:00:00Z,0.0,-27.625,311.625,19.449999
2025-09-23T12:00:00Z,0.0,-27.375,311.125,NaN
2025-09-23T12:00:00Z,0.0,-27.375,311.375,NaN
2025-09-23T12:00:00Z,0.0,-27.375,311.625,19.51
2025-09-24T12:00:00Z,0.0,-27.875,311.125,NaN
2025-09-24T12:00:00Z,0.0,-27.875,311.375,NaN
2025-09-24T12:00:00Z,0.0,-27.875,311.625,19.14
2025-09-24T12:00:00Z,0.0,-27.625,311.125,NaN
2025-09-24T12:00:00Z,0.0,-27.625,311.375,NaN
2025-09-24T12:00:00Z,0.0,-27.625,311.625,19.27
2025-09-24T12:00:00Z,0.0,-27.375,311.125,NaN
2025-09-24T12:00:00Z,0.0,-27.375,311.375,NaN
2025-09-24T12:00:00Z,0.0,-27.375,311.625,19.359999
2025-09-25T12:00:00Z,0.0,-27.875,311.125,NaN
2025-09-25T12:00:00Z,0.0,-27.875,311.375,NaN
2025-09-25T12:00:00Z,0.0,-27.875,311.625,18.939999
2025-09-25T12:00:00Z,0.0,-27.625,311.125,NaN
2025-09-25T12:00:00Z,0.0,-27.625,311.375,NaN
2025-09-25T12:00:00Z,0.0,-27.625,311.625,19.029999
2025-09-25T12:00:00Z,0.0,-27.375,311.125,NaN
2025-09-25T12:00:00Z,0.0,-27.375,311.375,NaN
2025-09-25T12:00:00Z,0.0,-27.375,311.625,19.17
2025-09-26T12:00:00Z,0.0,-27.875,311.125,NaN
2025-09-26T12:00:00Z,0.0,-27.875,311.375,NaN
2025-09-26T12:00:00Z,0.0,-27.875,311.625,18.89
2025-09-26T12:00:00Z,0.0,-27.625,311.125,NaN
2025-09-26T12:00:00Z,0.0,-27.625,311.375,NaN
2025-09-26T12:00:00Z,0.0,-27.625,311.625,18.949999
2025-09-26T12:00:00Z,0.0,-27.375,311.125,NaN
2025-09-26T12:00:00Z,0.0,-27.375,311.375,NaN
2025-09-26T12:00:00Z,0.0,-27.375,311.625,19.02
2025-09-27T12:00:00Z,0.0,-27.875,311.125,NaN
2025-09-27T12:00:00Z,0.0,-27.875,311.375,NaN
2025-09-27T12:00:00Z,0.0,-27.875,311.625,18.9
2025-09-27T12:00:00Z,0.0,-27.625,311.125,NaN
2025-09-27T12:00:00Z,0.0,-27.625,311.375,NaN
2025-09-27T12:00:00Z,0.0,-27.625,311.625,18.939999
2025-09-27T12:00:00Z,0.0,-27.375,311.125,NaN
2025-09-27T12:00:00Z,0.0,-27.375,311.375,NaN
2025-09-27T12:00:00Z,0.0,-27.375,311.625,19.01
2025-09-28T12:00:00Z,0.0,-27.875,311.125,NaN
2025-09-28T12:00:00Z,0.0,-27.875,311.375,NaN
2025-09-28T12:00:00Z,0.0,-27.875,311.625,18.91
2025-09-28T12:00:00Z,0.0,-27.625,311.125,NaN
2025-09-28T12:00:00Z,0.0,-27.625,311.375,NaN
2025-09-28T12:00:00Z,0.0,-27.625,311.625,19.01
2025-09-28T12:00:00Z,0.0,-27.375,311.125,NaN
2025-09-28T12:00:00Z,0.0,-27.375,311.375,NaN
2025-09-28T12:00:00Z,0.0,-27.375,311.625,19.1
2025-09-29T12:00:00Z,0.0,-27.875,311.125,NaN
2025-09-29T12:00:00Z,0.0,-27.875,311.375,NaN
2025-09-29T12:00:00Z,0.0,-27.875,311.625,19.01
2025-09-29T12:00:00Z,0.0,-27.625,311.125,NaN
2025-09-29T12:00:00Z,0.0,-27.625,311.375,NaN
2025-09-29T12:00:00Z,0.0,-27.625,311.625,19.13
2025-09-29T12:00:00Z,0.0,-27.375,311.125,NaN
2025-09-29T12:00:00Z,0.0,-27.375,311.375,NaN
2025-09-29T12:00:00Z,0.0,-27.375,311.625,19.21
2025-09-30T12:00:00Z,0.0,-27.875,311.125,NaN
2025-09-30T12:00:00Z,0.0,-27.875,311.375,NaN
2025-09-30T12:00:00Z,0.0,-27.875,311.625,19.13
2025-09-30T12:00:00Z,0.0,-27.625,311.125,NaN
2025-09-30T12:00:00Z,0.0,-27.625,311.375,NaN
2025-09-30T12:00:00Z,0.0,-27.625,311.625,19.25
2025-09-30T12:00:00Z,0.0,-27.375,311.125,NaN
2025-09-30T12:00:00Z,0.0,-27.375,311.375,NaN
2025-09-30T12:00:00Z,0.0,-27.375,311.625,19.34
2025-10-01T12:00:00Z,0.0,-27.875,311.125,NaN
2025-10-01T12:00:00Z,0.0,-27.875,311.375,NaN
2025-10-01T12:00:00Z,0.0,-27.875,311.625,19.23
2025-10-01T12:00:00Z,0.0,-27.625,311.125,NaN
2025-10-01T12:00:00Z,0.0,-27.625,311.375,NaN
2025-10-01T12:00:00Z,0.0,-27.625,311.625,19.34
2025-10-01T12:00:00Z,0.0,-27.375,311.125,NaN
2025-10-01T12:00:00Z,0.0,-27.375,311.375,NaN
2025-10-01T12:00:00Z,0.0,-27.375,311.625,19.449999
2025-10-02T12:00:00Z,0.0,-27.875,311.125,NaN
2025-10-02T12:00:00Z,0.0,-27.875,311.375,NaN
2025-10-02T12:00:00Z,0.0,-27.875,311.625,19.33
2025-10-02T12:00:00Z,0.0,-27.625,311.125,NaN
2025-10-02T12:00:00Z,0.0,-27.625,311.375,NaN
2025-10-02T12:00:00Z,0.0,-27.625,311.625,19.43
2025-10-02T12:00:00Z,0.0,-27.375,311.125,NaN
2025-10-02T12:00:00Z,0.0,-27.375,311.375,NaN
2025-10-02T12:00:00Z,0.0,-27.375,311.625,19.449999
2025-10-03T12:00:00Z,0.0,-27.875,311.125,NaN
2025-10-03T12:00:00Z,0.0,-27.875,311.375,NaN
2025-10-03T12:00:00Z,0.0,-27.875,311.625,19.85
2025-10-03T12:00:00Z,0.0,-27.625,311.125,NaN
2025-10-03T12:00:00Z,0.0,-27.625,311.375,NaN
2025-10-03T12:00:00Z,0.0,-27.625,311.625,20.029999
2025-10-03T12:00:00Z,0.0,-27.375,311.125,NaN
2025-10-03T12:00:00Z,0.0,-27.375,311.375,NaN
2025-10-03T12:00:00Z,0.0,-27.375,311.625,20.16
2025-10-04T12:00:00Z,0.0,-27.875,311.125,NaN
2025-10-04T12:00:00Z,0.0,-27.875,311.375,NaN
2025-10-04T12:00:00Z,0.0,-27.875,311.625,19.82
2025-10-04T12:00:00Z,0.0,-27.625,311.125,NaN
2025-10-04T12:00:00Z,0.0,-27.625,311.375,NaN
2025-10-04T12:00:00Z,0.0,-27.625,311.625,20.029999
2025-10-04T12:00:00Z,0.0,-27.375,311.125,NaN
2025-10-04T12:00:00Z,0.0,-27.375,311.375,NaN
2025-10-04T12:00:00Z,0.0,-27.375,311.625,20.25
2025-10-05T12:00:00Z,0.0,-27.875,311.125,NaN
2025-10-05T12:00:00Z,0.0,-27.875,311.375,NaN
2025-10-05T12:00:00Z,0.0,-27.875,311.625,19.83
2025-10-05T12:00:00Z,0.0,-27.625,311.125,NaN
2025-10-05T12:00:00Z,0.0,-27.625,311.375,NaN
2025-10-05T12:00:00Z,0.0,-27.625,311.625,19.99
2025-10-05T12:00:00Z,0.0,-27.375,311.125,NaN
2025-10-05T12:00:00Z,0.0,-27.375,311.375,NaN
2025-10-05T12:00:00Z,0.0,-27.375,311.625,20.199999
2025-10-06T12:00:00Z,0.0,-27.875,311.125,NaN
2025-10-06T12:00:00Z,0.0,-27.875,311.375,NaN
2025-10-06T12:00:00Z,0.0,-27.875,311.625,19.859999
2025-10-06T12:00:00Z,0.0,-27.625,311.125,NaN
2025-10-06T12:00:00Z,0.0,-27.625,311.375,NaN
2025-10-06T12:00:00Z,0.0,-27.625,311.625,19.9
2025-10-06T12:00:00Z,0.0,-27.375,311.125,NaN
2025-10-06T12:00:00Z,0.0,-27.375,311.375,NaN
2025-10-06T12:00:00Z,0.0,-27.375,311.625,20.06
2025-10-07T12:00:00Z,0.0,-27.875,311.125,NaN
2025-10-07T12:00:00Z,0.0,-27.875,311.375,NaN
2025-10-07T12:00:00Z,0.0,-27.875,311.625,19.67
2025-10-07T12:00:00Z,0.0,-27.625,311.125,NaN
2025-10-07T12:00:00Z,0.0,-27.625,311.375,NaN
2025-10-07T12:00:00Z,0.0,-27.625,311.625,19.779999
2025-10-07T12:00:00Z,0.0,-27.375,311.125,NaN
2025-10-07T12:00:00Z,0.0,-27.375,311.375,NaN
2025-10-07T12:00:00Z,0.0,-27.375,311.625,19.97
2025-10-08T12:00:00Z,0.0,-27.875,311.125,NaN
2025-10-08T12:00:00Z,0.0,-27.875,311.375,NaN
2025-10-08T12:00:00Z,0.0,-27.875,311.625,19.63
2025-10-08T12:00:00Z,0.0,-27.625,311.125,NaN
2025-10-08T12:00:00Z,0.0,-27.625,311.375,NaN
2025-10-08T12:00:00Z,0.0,-27.625,311.625,19.77
2025-10-08T12:00:00Z,0.0,-27.375,311.125,NaN
2025-10-08T12:00:00Z,0.0,-27.375,311.375,NaN
2025-10-08T12:00:00Z,0.0,-27.375,311.625,19.97
2025-10-09T12:00:00Z,0.0,-27.875,311.125,NaN
2025-10-09T12:00:00Z,0.0,-27.875,311.375,NaN
2025-10-09T12:00:00Z,0.0,-27.875,311.625,19.75
2025-10-09T12:00:00Z,0.0,-27.625,311.125,NaN
2025-10-09T12:00:00Z,0.0,-27.625,311.375,NaN
2025-10-09T12:00:00Z,0.0,-27.625,311.625,19.82
2025-10-09T12:00:00Z,0.0,-27.375,311.125,NaN
2025-10-09T12:00:00Z,0.0,-27.375,311.375,NaN
2025-10-09T12:00:00Z,0.0,-27.375,311.625,19.98
2025-10-10T12:00:00Z,0.0,-27.875,311.125,NaN
2025-10-10T12:00:00Z,0.0,-27.875,311.375,NaN
2025-10-10T12:00:00Z,0.0,-27.875,311.625,19.869999
2025-10-10T12:00:00Z,0.0,-27.625,311.125,NaN
2025-10-10T12:00:00Z,0.0,-27.625,311.375,NaN
2025-10-10T12:00:00Z,0.0,-27.625,311.625,19.96
2025-10-10T12:00:00Z,0.0,-27.375,311.125,NaN
2025-10-10T12:00:00Z,0.0,-27.375,311.375,NaN
2025-10-10T12:00:00Z,0.0,-27.375,311.625,20.08
2025-10-11T12:00:00Z,0.0,-27.875,311.125,NaN
2025-10-11T12:00:00Z,0.0,-27.875,311.375,NaN
2025-10-11T12:00:00Z,0.0,-27.875,311.625,19.96
2025-10-11T12:00:00Z,0.0,-27.625,311.125,NaN
2025-10-11T12:00:00Z,0.0,-27.625,311.375,NaN
2025-10-11T12:00:00Z,0.0,-27.625,311.625,20.109999
2025-10-11T12:00:00Z,0.0,-27.375,311.125,NaN
2025-10-11T12:00:00Z,0.0,-27.375,311.375,NaN
2025-10-11T12:00:00Z,0.0,-27.375,311.625,20.26
2025-10-12T12:00:00Z,0.0,-27.875,311.125,NaN
2025-10-12T12:00:00Z,0.0,-27.875,311.375,NaN
2025-10-12T12:00:00Z,0.0,-27.875,311.625,20.17
2025-10-12T12:00:00Z,0.0,-27.625,311.125,NaN
2025-10-12T12:00:00Z,0.0,-27.625,311.375,NaN
2025-10-12T12:00:00Z,0.0,-27.625,311.625,20.43
2025-10-12T12:00:00Z,0.0,-27.375,311.125,NaN
2025-10-12T12:00:00Z,0.0,-27.375,311.375,NaN
2025-10-12T12:00:00Z,0.0,-27.375,311.625,20.689999
2025-10-13T12:00:00Z,0.0,-27.875,311.125,NaN
2025-10-13T12:00:00Z,0.0,-27.875,311.375,NaN
2025-10-13T12:00:00Z,0.0,-27.875,311.625,20.73
2025-10-13T12:00:00Z,0.0,-27.625,311.125,NaN
2025-10-13T12:00:00Z,0.0,-27.625,311.375,NaN
2025-10-13T12:00:00Z,0.0,-27.625,311.625,20.99
2025-10-13T12:00:00Z,0.0,-27.375,311.125,NaN
2025-10-13T12:00:00Z,0.0,-27.375,311.375,NaN
2025-10-13T12:00:00Z,0.0,-27.375,311.625,21.189999
2025-10-14T12:00:00Z,0.0,-27.875,311.125,NaN
2025-10-14T12:00:00Z,0.0,-27.875,311.375,NaN
2025-10-14T12:00:00Z,0.0,-27.875,311.625,20.84
2025-10-14T12:00:00Z,0.0,-27.625,311.125,NaN
2025-10-14T12:00:00Z,0.0,-27.625,311.375,NaN
2025-10-14T12:00:00Z,0.0,-27.625,311.625,21.1
2025-10-14T12:00:00Z,0.0,-27.375,311.125,NaN
2025-10-14T12:00:00Z,0.0,-27.375,311.375,NaN
2025-10-14T12:00:00Z,0.0,-27.375,311.625,21.289999
2025-10-15T12:00:00Z,0.0,-27.875,311.125,NaN
2025-10-15T12:00:00Z,0.0,-27.875,311.375,NaN
2025-10-15T12:00:00Z,0.0,-27.875,311.625,20.99
2025-10-15T12:00:00Z,0.0,-27.625,311.125,NaN
2025-10-15T12:00:00Z,0.0,-27.625,311.375,NaN
2025-10-15T12:00:00Z,0.0,-27.625,311.625,21.21
2025-10-15T12:00:00Z,0.0,-27.375,311.125,NaN
2025-10-15T12:00:00Z,0.0,-27.375,311.375,NaN
2025-10-15T12:00:00Z,0.0,-27.375,311.625,21.359999
2025-10-16T12:00:00Z,0.0,-27.875,311.125,NaN
2025-10-16T12:00:00Z,0.0,-27.875,311.375,NaN
2025-10-16T12:00:00Z,0.0,-27.875,311.625,21.06
2025-10-16T12:00:00Z,0.0,-27.625,311.125,NaN
2025-10-16T12:00:00Z,0.0,-27.625,311.375,NaN
2025-10-16T12:00:00Z,0.0,-27.625,311.625,21.25
2025-10-16T12:00:00Z,0.0,-27.375,311.125,NaN
2025-10-16T12:00:00Z,0.0,-27.375,311.375,NaN
2025-10-16T12:00:00Z,0.0,-27.375,311.625,21.35
2025-10-17T12:00:00Z,0.0,-27.875,311.125,NaN
2025-10-17T12:00:00Z,0.0,-27.875,311.375,NaN
2025-10-17T12:00:00Z,0.0,-27.875,311.625,21.32
2025-10-17T12:00:00Z,0.0,-27.625,311.125,NaN
2025-10-17T12:00:00Z,0.0,-27.625,311.375,NaN
2025-10-17T12:00:00Z,0.0,-27.625,311.625,21.48
2025-10-17T12:00:00Z,0.0,-27.375,311.125,NaN
2025-10-17T12:00:00Z,0.0,-27.375,311.375,NaN
2025-10-17T12:00:00Z,0.0,-27.375,311.625,21.57
2025-10-18T12:00:00Z,0.0,-27.875,311.125,NaN
2025-10-18T12:00:00Z,0.0,-27.875,311.375,NaN
2025-10-18T12:00:00Z,0.0,-27.875,311.625,21.52
2025-10-18T12:00:00Z,0.0,-27.625,311.125,NaN
2025-10-18T12:00:00Z,0.0,-27.625,311.375,NaN
2025-10-18T12:00:00Z,0.0,-27.625,311.625,21.609999
2025-10-18T12:00:00Z,0.0,-27.375,311.125,NaN
2025-10-18T12:00:00Z,0.0,-27.375,311.375,NaN
2025-10-18T12:00:00Z,0.0,-27.375,311.625,21.619999
2025-10-19T12:00:00Z,0.0,-27.875,311.125,NaN
2025-10-19T12:00:00Z,0.0,-27.875,311.375,NaN
2025-10-19T12:00:00Z,0.0,-27.875,311.625,21.59
2025-10-19T12:00:00Z,0.0,-27.625,311.125,NaN
2025-10-19T12:00:00Z,0.0,-27.625,311.375,NaN
2025-10-19T12:00:00Z,0.0,-27.625,311.625,21.59
2025-10-19T12:00:00Z,0.0,-27.375,311.125,NaN
2025-10-19T12:00:00Z,0.0,-27.375,311.375,NaN
2025-10-19T12:00:00Z,0.0,-27.375,311.625,21.529999
2025-10-20T12:00:00Z,0.0,-27.875,311.125,NaN
2025-10-20T12:00:00Z,0.0,-27.875,311.375,NaN
2025-10-20T12:00:00Z,0.0,-27.875,311.625,21.189999
2025-10-20T12:00:00Z,0.0,-27.625,311.125,NaN
2025-10-20T12:00:00Z,0.0,-27.625,311.375,NaN
2025-10-20T12:00:00Z,0.0,-27.625,311.625,21.21
2025-10-20T12:00:00Z,0.0,-27.375,311.125,NaN
2025-10-20T12:00:00Z,0.0,-27.375,311.375,NaN
2025-10-20T12:00:00Z,0.0,-27.375,311.625,21.14
2025-10-21T12:00:00Z,0.0,-27.875,311.125,NaN
2025-10-21T12:00:00Z,0.0,-27.875,311.375,NaN
2025-10-21T12:00:00Z,0.0,-27.875,311.625,20.81
2025-10-21T12:00:00Z,0.0,-27.625,311.125,NaN
2025-10-21T12:00:00Z,0.0,-27.625,311.375,NaN
2025-10-21T12:00:00Z,0.0,-27.625,311.625,20.85
2025-10-21T12:00:00Z,0.0,-27.375,311.125,NaN
2025-10-21T12:00:00Z,0.0,-27.375,311.375,NaN
2025-10-21T12:00:00Z,0.0,-27.375,311.625,20.83
2025-10-22T12:00:00Z,0.0,-27.875,311.125,NaN
2025-10-22T12:00:00Z,0.0,-27.875,311.375,NaN
2025-10-22T12:00:00Z,0.0,-27.875,311.625,20.57
2025-10-22T12:00:00Z,0.0,-27.625,311.125,NaN
2025-10-22T12:00:00Z,0.0,-27.625,311.375,NaN
2025-10-22T12:00:00Z,0.0,-27.625,311.625,20.63
2025-10-22T12:00:00Z,0.0,-27.375,311.125,NaN
2025-10-22T12:00:00Z,0.0,-27.375,311.375,NaN
2025-10-22T12:00:00Z,0.0,-27.375,311.625,20.65
2025-10-23T12:00:00Z,0.0,-27.875,311.125,NaN
2025-10-23T12:00:00Z,0.0,-27.875,311.375,NaN
2025-10-23T12:00:00Z,0.0,-27.875,311.625,20.51
2025-10-23T12:00:00Z,0.0,-27.625,311.125,NaN
2025-10-23T12:00:00Z,0.0,-27.625,311.375,NaN
2025-10-23T12:00:00Z,0.0,-27.625,311.625,20.619999
2025-10-23T12:00:00Z,0.0,-27.375,311.125,NaN
2025-10-23T12:00:00Z,0.0,-27.375,311.375,NaN
2025-10-23T12:00:00Z,0.0,-27.375,311.625,20.66
2025-10-24T12:00:00Z,0.0,-27.875,311.125,NaN
2025-10-24T12:00:00Z,0.0,-27.875,311.375,NaN
2025-10-24T12:00:00Z,0.0,-27.875,311.625,20.59
2025-10-24T12:00:00Z,0.0,-27.625,311.125,NaN
2025-10-24T12:00:00Z,0.0,-27.625,311.375,NaN
2025-10-24T12:00:00Z,0.0,-27.625,311.625,20.699999
2025-10-24T12:00:00Z,0.0,-27.375,311.125,NaN
2025-10-24T12:00:00Z,0.0,-27.375,311.375,NaN
2025-10-24T12:00:00Z,0.0,-27.375,311.625,20.74
2025-10-25T12:00:00Z,0.0,-27.875,311.125,NaN
2025-10-25T12:00:00Z,0.0,-27.875,311.375,NaN
2025-10-25T12:00:00Z,0.0,-27.875,311.625,20.68
2025-10-25T12:00:00Z,0.0,-27.625,311.125,NaN
2025-10-25T12:00:00Z,0.0,-27.625,311.375,NaN
2025-10-25T12:00:00Z,0.0,-27.625,311.625,20.779999
2025-10-25T12:00:00Z,0.0,-27.375,311.125,NaN
2025-10-25T12:00:00Z,0.0,-27.375,311.375,NaN
2025-10-25T12:00:00Z,0.0,-27.375,311.625,20.81
2025-10-26T12:00:00Z,0.0,-27.875,311.125,NaN
2025-10-26T12:00:00Z,0.0,-27.875,311.375,NaN
2025-10-26T12:00:00Z,0.0,-27.875,311.625,20.529999
2025-10-26T12:00:00Z,0.0,-27.625,311.125,NaN
2025-10-26T12:00:00Z,0.0,-27.625,311.375,NaN
2025-10-26T12:00:00Z,0.0,-27.625,311.625,20.65
2025-10-26T12:00:00Z,0.0,-27.375,311.125,NaN
2025-10-26T12:00:00Z,0.0,-27.375,311.375,NaN
2025-10-26T12:00:00Z,0.0,-27.375,311.625,20.64
2025-10-27T12:00:00Z,0.0,-27.875,311.125,NaN
2025-10-27T12:00:00Z,0.0,-27.875,311.375,NaN
2025-10-27T12:00:00Z,0.0,-27.875,311.625,20.529999
2025-10-27T12:00:00Z,0.0,-27.625,311.125,NaN
2025-10-27T12:00:00Z,0.0,-27.625,311.375,NaN
2025-10-27T12:00:00Z,0.0,-27.625,311.625,20.67
2025-10-27T12:00:00Z,0.0,-27.375,311.125,NaN
2025-10-27T12:00:00Z,0.0,-27.375,311.375,NaN
2025-10-27T12:00:00Z,0.0,-27.375,311.625,20.689999
2025-10-28T12:00:00Z,0.0,-27.875,311.125,NaN
2025-10-28T12:00:00Z,0.0,-27.875,311.375,NaN
2025-10-28T12:00:00Z,0.0,-27.875,311.625,20.57
2025-10-28T12:00:00Z,0.0,-27.625,311.125,NaN
2025-10-28T12:00:00Z,0.0,-27.625,311.375,NaN
2025-10-28T12:00:00Z,0.0,-27.625,311.625,20.75
2025-10-28T12:00:00Z,0.0,-27.375,311.125,NaN
2025-10-28T12:00:00Z,0.0,-27.375,311.375,NaN
2025-10-28T12:00:00Z,0.0,-27.375,311.625,20.77
2025-10-29T12:00:00Z,0.0,-27.875,311.125,NaN
2025-10-29T12:00:00Z,0.0,-27.875,311.375,NaN
2025-10-29T12:00:00Z,0.0,-27.875,311.625,20.66
2025-10-29T12:00:00Z,0.0,-27.625,311.125,NaN
2025-10-29T12:00:00Z,0.0,-27.625,311.375,NaN
2025-10-29T12:00:00Z,0.0,-27.625,311.625,20.74
2025-10-29T12:00:00Z,0.0,-27.375,311.125,NaN
2025-10-29T12:00:00Z,0.0,-27.375,311.375,NaN
2025-10-29T12:00:00Z,0.0,-27.375,311.625,20.76
2025-10-30T12:00:00Z,0.0,-27.875,311.125,NaN
2025-10-30T12:00:00Z,0.0,-27.875,311.375,NaN
2025-10-30T12:00:00Z,0.0,-27.875,311.625,20.68
2025-10-30T12:00:00Z,0.0,-27.625,311.125,NaN
2025-10-30T12:00:00Z,0.0,-27.625,311.375,NaN
2025-10-30T12:00:00Z,0.0,-27.625,311.625,20.73
2025-10-30T12:00:00Z,0.0,-27.375,311.125,NaN
2025-10-30T12:00:00Z,0.0,-27.375,311.375,NaN
2025-10-30T12:00:00Z,0.0,-27.375,311.625,20.74
2025-10-31T12:00:00Z,0.0,-27.875,311.125,NaN
2025-10-31T12:00:00Z,0.0,-27.875,311.375,NaN
2025-10-31T12:00:00Z,0.0,-27.875,311.625,20.51
2025-10-31T12:00:00Z,0.0,-27.625,311.125,NaN
2025-10-31T12:00:00Z,0.0,-27.625,311.375,NaN
2025-10-31T12:00:00Z,0.0,-27.625,311.625,20.6
2025-10-31T12:00:00Z,0.0,-27.375,311.125,NaN
2025-10-31T12:00:00Z,0.0,-27.375,311.375,NaN
2025-10-31T12:00:00Z,0.0,-27.375,311.625,20.64
2025-11-01T12:00:00Z,0.0,-27.875,311.125,NaN
2025-11-01T12:00:00Z,0.0,-27.875,311.375,NaN
2025-11-01T12:00:00Z,0.0,-27.875,311.625,20.369999
2025-11-01T12:00:00Z,0.0,-27.625,311.125,NaN
2025-11-01T12:00:00Z,0.0,-27.625,311.375,NaN
2025-11-01T12:00:00Z,0.0,-27.625,311.625,20.47
2025-11-01T12:00:00Z,0.0,-27.375,311.125,NaN
2025-11-01T12:00:00Z,0.0,-27.375,311.375,NaN
2025-11-01T12:00:00Z,0.0,-27.375,311.625,20.56
2025-11-02T12:00:00Z,0.0,-27.875,311.125,NaN
2025-11-02T12:00:00Z,0.0,-27.875,311.375,NaN
2025-11-02T12:00:00Z,0.0,-27.875,311.625,20.43
2025-11-02T12:00:00Z,0.0,-27.625,311.125,NaN
2025-11-02T12:00:00Z,0.0,-27.625,311.375,NaN
2025-11-02T12:00:00Z,0.0,-27.625,311.625,20.5
2025-11-02T12:00:00Z,0.0,-27.375,311.125,NaN
2025-11-02T12:00:00Z,0.0,-27.375,311.375,NaN
2025-11-02T12:00:00Z,0.0,-27.375,311.625,20.59
2025-11-03T12:00:00Z,0.0,-27.875,311.125,NaN
2025-11-03T12:00:00Z,0.0,-27.875,311.375,NaN
2025-11-03T12:00:00Z,0.0,-27.875,311.625,20.89
2025-11-03T12:00:00Z,0.0,-27.625,311.125,NaN
2025-11-03T12:00:00Z,0.0,-27.625,311.375,NaN
2025-11-03T12:00:00Z,0.0,-27.625,311.625,20.98
2025-11-03T12:00:00Z,0.0,-27.375,311.125,NaN
2025-11-03T12:00:00Z,0.0,-27.375,311.375,NaN
2025-11-03T12:00:00Z,0.0,-27.375,311.625,21.029999
2025-11-04T12:00:00Z,0.0,-27.875,311.125,NaN
2025-11-04T12:00:00Z,0.0,-27.875,311.375,NaN
2025-11-04T12:00:00Z,0.0,-27.875,311.625,21.14
2025-11-04T12:00:00Z,0.0,-27.625,311.125,NaN
2025-11-04T12:00:00Z,0.0,-27.625,311.375,NaN
2025-11-04T12:00:00Z,0.0,-27.625,311.625,21.24
2025-11-04T12:00:00Z,0.0,-27.375,311.125,NaN
2025-11-04T12:00:00Z,0.0,-27.375,311.375,NaN
2025-11-04T12:00:00Z,0.0,-27.375,311.625,21.35
2025-11-05T12:00:00Z,0.0,-27.875,311.125,NaN
2025-11-05T12:00:00Z,0.0,-27.875,311.375,NaN
2025-11-05T12:00:00Z,0.0,-27.875,311.625,21.26
2025-11-05T12:00:00Z,0.0,-27.625,311.125,NaN
2025-11-05T12:00:00Z,0.0,-27.625,311.375,NaN
2025-11-05T12:00:00Z,0.0,-27.625,311.625,21.32
2025-11-05T12:00:00Z,0.0,-27.375,311.125,NaN
2025-11-05T12:00:00Z,0.0,-27.375,311.375,NaN
2025-11-05T12:00:00Z,0.0,-27.375,311.625,21.38
2025-11-06T12:00:00Z,0.0,-27.875,311.125,NaN
2025-11-06T12:00:00Z,0.0,-27.875,311.375,NaN
2025-11-06T12:00:00Z,0.0,-27.875,311.625,21.24
2025-11-06T12:00:00Z,0.0,-27.625,311.125,NaN
2025-11-06T12:00:00Z,0.0,-27.625,311.375,NaN
2025-11-06T12:00:00Z,0.0,-27.625,311.625,21.24
2025-11-06T12:00:00Z,0.0,-27.375,311.125,NaN
2025-11-06T12:00:00Z,0.0,-27.375,311.375,NaN
2025-11-06T12:00:00Z,0.0,-27.375,311.625,21.24
2025-11-07T12:00:00Z,0.0,-27.875,311.125,NaN
2025-11-07T12:00:00Z,0.0,-27.875,311.375,NaN
2025-11-07T12:00:00Z,0.0,-27.875,311.625,21.189999
2025-11-07T12:00:00Z,0.0,-27.625,311.125,NaN
2025-11-07T12:00:00Z,0.0,-27.625,311.375,NaN
2025-11-07T12:00:00Z,0.0,-27.625,311.625,21.16
2025-11-07T12:00:00Z,0.0,-27.375,311.125,NaN
2025-11-07T12:00:00Z,0.0,-27.375,311.375,NaN
2025-11-07T12:00:00Z,0.0,-27.375,311.625,21.13
2025-11-08T12:00:00Z,0.0,-27.875,311.125,NaN
2025-11-08T12:00:00Z,0.0,-27.875,311.375,NaN
2025-11-08T12:00:00Z,0.0,-27.875,311.625,20.689999
2025-11-08T12:00:00Z,0.0,-27.625,311.125,NaN
2025-11-08T12:00:00Z,0.0,-27.625,311.375,NaN
2025-11-08T12:00:00Z,0.0,-27.625,311.625,20.76
2025-11-08T12:00:00Z,0.0,-27.375,311.125,NaN
2025-11-08T12:00:00Z,0.0,-27.375,311.375,NaN
2025-11-08T12:00:00Z,0.0,-27.375,311.625,20.85
2025-11-09T12:00:00Z,0.0,-27.875,311.125,NaN
2025-11-09T12:00:00Z,0.0,-27.875,311.375,NaN
2025-11-09T12:00:00Z,0.0,-27.875,311.625,20.8
2025-11-09T12:00:00Z,0.0,-27.625,311.125,NaN
2025-11-09T12:00:00Z,0.0,-27.625,311.375,NaN
2025-11-09T12:00:00Z,0.0,-27.625,311.625,20.91
2025-11-09T12:00:00Z,0.0,-27.375,311.125,NaN
2025-11-09T12:00:00Z,0.0,-27.375,311.375,NaN
2025-11-09T12:00:00Z,0.0,-27.375,311.625,20.99
2025-11-10T12:00:00Z,0.0,-27.875,311.125,NaN
2025-11-10T12:00:00Z,0.0,-27.875,311.375,NaN
2025-11-10T12:00:00Z,0.0,-27.875,311.625,21.0
2025-11-10T12:00:00Z,0.0,-27.625,311.125,NaN
2025-11-10T12:00:00Z,0.0,-27.625,311.375,NaN
2025-11-10T12:00:00Z,0.0,-27.625,311.625,21.07
2025-11-10T12:00:00Z,0.0,-27.375,311.125,NaN
2025-11-10T12:00:00Z,0.0,-27.375,311.375,NaN
2025-11-10T12:00:00Z,0.0,-27.375,311.625,21.109999
2025-11-11T12:00:00Z,0.0,-27.875,311.125,NaN
2025-11-11T12:00:00Z,0.0,-27.875,311.375,NaN
2025-11-11T12:00:00Z,0.0,-27.875,311.625,21.02
2025-11-11T12:00:00Z,0.0,-27.625,311.125,NaN
2025-11-11T12:00:00Z,0.0,-27.625,311.375,NaN
2025-11-11T12:00:00Z,0.0,-27.625,311.625,21.06
2025-11-11T12:00:00Z,0.0,-27.375,311.125,NaN
2025-11-11T12:00:00Z,0.0,-27.375,311.375,NaN
2025-11-11T12:00:00Z,0.0,-27.375,311.625,21.119999
2025-11-12T12:00:00Z,0.0,-27.875,311.125,NaN
2025-11-12T12:00:00Z,0.0,-27.875,311.375,NaN
2025-11-12T12:00:00Z,0.0,-27.875,311.625,20.96
2025-11-12T12:00:00Z,0.0,-27.625,311.125,NaN
2025-11-12T12:00:00Z,0.0,-27.625,311.375,NaN
2025-11-12T12:00:00Z,0.0,-27.625,311.625,21.01
2025-11-12T12:00:00Z,0.0,-27.375,311.125,NaN
2025-11-12T12:00:00Z,0.0,-27.375,311.375,NaN
2025-11-12T12:00:00Z,0.0,-27.375,311.625,21.09
2025-11-13T12:00:00Z,0.0,-27.875,311.125,NaN
2025-11-13T12:00:00Z,0.0,-27.875,311.375,NaN
2025-11-13T12:00:00Z,0.0,-27.875,311.625,20.949999
2025-11-13T12:00:00Z,0.0,-27.625,311.125,NaN
2025-11-13T12:00:00Z,0.0,-27.625,311.375,NaN
2025-11-13T12:00:00Z,0.0,-27.625,311.625,21.039999
2025-11-13T12:00:00Z,0.0,-27.375,311.125,NaN
2025-11-13T12:00:00Z,0.0,-27.375,311.375,NaN
2025-11-13T12:00:00Z,0.0,-27.375,311.625,21.14
2025-11-14T12:00:00Z,0.0,-27.875,311.125,NaN
2025-11-14T12:00:00Z,0.0,-27.875,311.375,NaN
2025-11-14T12:00:00Z,0.0,-27.875,311.625,20.83
2025-11-14T12:00:00Z,0.0,-27.625,311.125,NaN
2025-11-14T12:00:00Z,0.0,-27.625,311.375,NaN
2025-11-14T12:00:00Z,0.0,-27.625,311.625,21.0
2025-11-14T12:00:00Z,0.0,-27.375,311.125,NaN
2025-11-14T12:00:00Z,0.0,-27.375,311.375,NaN
2025-11-14T12:00:00Z,0.0,-27.375,311.625,21.189999
2025-11-15T12:00:00Z,0.0,-27.875,311.125,NaN
2025-11-15T12:00:00Z,0.0,-27.875,311.375,NaN
2025-11-15T12:00:00Z,0.0,-27.875,311.625,21.13
2025-11-15T12:00:00Z,0.0,-27.625,311.125,NaN
2025-11-15T12:00:00Z,0.0,-27.625,311.375,NaN
2025-11-15T12:00:00Z,0.0,-27.625,311.625,21.3
2025-11-15T12:00:00Z,0.0,-27.375,311.125,NaN
2025-11-15T12:00:00Z,0.0,-27.375,311.375,NaN
2025-11-15T12:00:00Z,0.0,-27.375,311.625,21.529999
2025-11-16T12:00:00Z,0.0,-27.875,311.125,NaN
2025-11-16T12:00:00Z,0.0,-27.875,311.375,NaN
2025-11-16T12:00:00Z,0.0,-27.875,311.625,21.08
2025-11-16T12:00:00Z,0.0,-27.625,311.125,NaN
2025-11-16T12:00:00Z,0.0,-27.625,311.375,NaN
2025-11-16T12:00:00Z,0.0,-27.625,311.625,21.289999
2025-11-16T12:00:00Z,0.0,-27.375,311.125,NaN
2025-11-16T12:00:00Z,0.0,-27.375,311.375,NaN
2025-11-16T12:00:00Z,0.0,-27.375,311.625,21.55
2025-11-17T12:00:00Z,0.0,-27.875,311.125,NaN
2025-11-17T12:00:00Z,0.0,-27.875,311.375,NaN
2025-11-17T12:00:00Z,0.0,-27.875,311.625,21.25
2025-11-17T12:00:00Z,0.0,-27.625,311.125,NaN
2025-11-17T12:00:00Z,0.0,-27.625,311.375,NaN
2025-11-17T12:00:00Z,0.0,-27.625,311.625,21.539999
2025-11-17T12:00:00Z,0.0,-27.375,311.125,NaN
2025-11-17T12:00:00Z,0.0,-27.375,311.375,NaN
2025-11-17T12:00:00Z,0.0,-27.375,311.625,21.82
2025-11-18T12:00:00Z,0.0,-27.875,311.125,NaN
2025-11-18T12:00:00Z,0.0,-27.875,311.375,NaN
2025-11-18T12:00:00Z,0.0,-27.875,311.625,21.109999
2025-11-18T12:00:00Z,0.0,-27.625,311.125,NaN
2025-11-18T12:00:00Z,0.0,-27.625,311.375,NaN
2025-11-18T12:00:00Z,0.0,-27.625,311.625,21.359999
2025-11-18T12:00:00Z,0.0,-27.375,311.125,NaN
2025-11-18T12:00:00Z,0.0,-27.375,311.375,NaN
2025-11-18T12:00:00Z,0.0,-27.375,311.625,21.63
2025-11-19T12:00:00Z,0.0,-27.875,311.125,NaN
2025-11-19T12:00:00Z,0.0,-27.875,311.375,NaN
2025-11-19T12:00:00Z,0.0,-27.875,311.625,20.97
2025-11-19T12:00:00Z,0.0,-27.625,311.125,NaN
2025-11-19T12:00:00Z,0.0,-27.625,311.375,NaN
2025-11-19T12:00:00Z,0.0,-27.625,311.625,21.23
2025-11-19T12:00:00Z,0.0,-27.375,311.125,NaN
2025-11-19T12:00:00Z,0.0,-27.375,311.375,NaN
2025-11-19T12:00:00Z,0.0,-27.375,311.625,21.51
2025-11-20T12:00:00Z,0.0,-27.875,311.125,NaN
2025-11-20T12:00:00Z,0.0,-27.875,311.375,NaN
2025-11-20T12:00:00Z,0.0,-27.875,311.625,20.8
2025-11-20T12:00:00Z,0.0,-27.625,311.125,NaN
2025-11-20T12:00:00Z,0.0,-27.625,311.375,NaN
2025-11-20T12:00:00Z,0.0,-27.625,311.625,21.05
2025-11-20T12:00:00Z,0.0,-27.375,311.125,NaN
2025-11-20T12:00:00Z,0.0,-27.375,311.375,NaN
2025-11-20T12:00:00Z,0.0,-27.375,311.625,21.35
2025-11-21T12:00:00Z,0.0,-27.875,311.125,NaN
2025-11-21T12:00:00Z,0.0,-27.875,311.375,NaN
2025-11-21T12:00:00Z,0.0,-27.875,311.625,20.65
2025-11-21T12:00:00Z,0.0,-27.625,311.125,NaN
2025-11-21T12:00:00Z,0.0,-27.625,311.375,NaN
2025-11-21T12:00:00Z,0.0,-27.625,311.625,20.869999
2025-11-21T12:00:00Z,0.0,-27.375,311.125,NaN
2025-11-21T12:00:00Z,0.0,-27.375,311.375,NaN
2025-11-21T12:00:00Z,0.0,-27.375,311.625,21.18
2025-11-22T12:00:00Z,0.0,-27.875,311.125,NaN
2025-11-22T12:00:00Z,0.0,-27.875,311.375,NaN
2025-11-22T12:00:00Z,0.0,-27.875,311.625,20.619999
2025-11-22T12:00:00Z,0.0,-27.625,311.125,NaN
2025-11-22T12:00:00Z,0.0,-27.625,311.375,NaN
2025-11-22T12:00:00Z,0.0,-27.625,311.625,20.869999
2025-11-22T12:00:00Z,0.0,-27.375,311.125,NaN
2025-11-22T12:00:00Z,0.0,-27.375,311.375,NaN
2025-11-22T12:00:00Z,0.0,-27.375,311.625,21.21
2025-11-23T12:00:00Z,0.0,-27.875,311.125,NaN
2025-11-23T12:00:00Z,0.0,-27.875,311.375,NaN
2025-11-23T12:00:00Z,0.0,-27.875,311.625,20.71
2025-11-23T12:00:00Z,0.0,-27.625,311.125,NaN
2025-11-23T12:00:00Z,0.0,-27.625,311.375,NaN
2025-11-23T12:00:00Z,0.0,-27.625,311.625,20.9
2025-11-23T12:00:00Z,0.0,-27.375,311.125,NaN
2025-11-23T12:00:00Z,0.0,-27.375,311.375,NaN
2025-11-23T12:00:00Z,0.0,-27.375,311.625,21.18
2025-11-24T12:00:00Z,0.0,-27.875,311.125,NaN
2025-11-24T12:00:00Z,0.0,-27.875,311.375,NaN
2025-11-24T12:00:00Z,0.0,-27.875,311.625,20.789999
2025-11-24T12:00:00Z,0.0,-27.625,311.125,NaN
2025-11-24T12:00:00Z,0.0,-27.625,311.375,NaN
2025-11-24T12:00:00Z,0.0,-27.625,311.625,20.93
2025-11-24T12:00:00Z,0.0,-27.375,311.125,NaN
2025-11-24T12:00:00Z,0.0,-27.375,311.375,NaN
2025-11-24T12:00:00Z,0.0,-27.375,311.625,21.17
2025-11-25T12:00:00Z,0.0,-27.875,311.125,NaN
2025-11-25T12:00:00Z,0.0,-27.875,311.375,NaN
2025-11-25T12:00:00Z,0.0,-27.875,311.625,20.77
2025-11-25T12:00:00Z,0.0,-27.625,311.125,NaN
2025-11-25T12:00:00Z,0.0,-27.625,311.375,NaN
2025-11-25T12:00:00Z,0.0,-27.625,311.625,20.91
2025-11-25T12:00:00Z,0.0,-27.375,311.125,NaN
2025-11-25T12:00:00Z,0.0,-27.375,311.375,NaN
2025-11-25T12:00:00Z,0.0,-27.375,311.625,21.15
2025-11-26T12:00:00Z,0.0,-27.875,311.125,NaN
2025-11-26T12:00:00Z,0.0,-27.875,311.375,NaN
2025-11-26T12:00:00Z,0.0,-27.875,311.625,20.9
2025-11-26T12:00:00Z,0.0,-27.625,311.125,NaN
2025-11-26T12:00:00Z,0.0,-27.625,311.375,NaN
2025-11-26T12:00:00Z,0.0,-27.625,311.625,21.029999
2025-11-26T12:00:00Z,0.0,-27.375,311.125,NaN
2025-11-26T12:00:00Z,0.0,-27.375,311.375,NaN
2025-11-26T12:00:00Z,0.0,-27.375,311.625,21.26
2025-11-27T12:00:00Z,0.0,-27.875,311.125,NaN
2025-11-27T12:00:00Z,0.0,-27.875,311.375,NaN
2025-11-27T12:00:00Z,0.0,-27.875,311.625,21.02
2025-11-27T12:00:00Z,0.0,-27.625,311.125,NaN
2025-11-27T12:00:00Z,0.0,-27.625,311.375,NaN
2025-11-27T12:00:00Z,0.0,-27.625,311.625,21.14
2025-11-27T12:00:00Z,0.0,-27.375,311.125,NaN
2025-11-27T12:00:00Z,0.0,-27.375,311.375,NaN
2025-11-27T12:00:00Z,0.0,-27.375,311.625,21.38
2025-11-28T12:00:00Z,0.0,-27.875,311.125,NaN
2025-11-28T12:00:00Z,0.0,-27.875,311.375,NaN
2025-11-28T12:00:00Z,0.0,-27.875,311.625,21.08
2025-11-28T12:00:00Z,0.0,-27.625,311.125,NaN
2025-11-28T12:00:00Z,0.0,-27.625,311.375,NaN
2025-11-28T12:00:00Z,0.0,-27.625,311.625,21.25
2025-11-28T12:00:00Z,0.0,-27.375,311.125,NaN
2025-11-28T12:00:00Z,0.0,-27.375,311.375,NaN
2025-11-28T12:00:00Z,0.0,-27.375,311.625,21.56
2025-11-29T12:00:00Z,0.0,-27.875,311.125,NaN
2025-11-29T12:00:00Z,0.0,-27.875,311.375,NaN
2025-11-29T12:00:00Z,0.0,-27.875,311.625,21.16
2025-11-29T12:00:00Z,0.0,-27.625,311.125,NaN
2025-11-29T12:00:00Z,0.0,-27.625,311.375,NaN
2025-11-29T12:00:00Z,0.0,-27.625,311.625,21.4
2025-11-29T12:00:00Z,0.0,-27.375,311.125,NaN
2025-11-29T12:00:00Z,0.0,-27.375,311.375,NaN
2025-11-29T12:00:00Z,0.0,-27.375,311.625,21.779999
2025-11-30T12:00:00Z,0.0,-27.875,311.125,NaN
2025-11-30T12:00:00Z,0.0,-27.875,311.375,NaN
2025-11-30T12:00:00Z,0.0,-27.875,311.625,21.3
2025-11-30T12:00:00Z,0.0,-27.625,311.125,NaN
2025-11-30T12:00:00Z,0.0,-27.625,311.375,NaN
2025-11-30T12:00:00Z,0.0,-27.625,311.625,21.539999
2025-11-30T12:00:00Z,0.0,-27.375,311.125,NaN
2025-11-30T12:00:00Z,0.0,-27.375,311.375,NaN
2025-11-30T12:00:00Z,0.0,-27.375,311.625,21.89
2025-12-01T12:00:00Z,0.0,-27.875,311.125,NaN
2025-12-01T12:00:00Z,0.0,-27.875,311.375,NaN
2025-12-01T12:00:00Z,0.0,-27.875,311.625,21.56
2025-12-01T12:00:00Z,0.0,-27.625,311.125,NaN
2025-12-01T12:00:00Z,0.0,-27.625,311.375,NaN
2025-12-01T12:00:00Z,0.0,-27.625,311.625,21.81
2025-12-01T12:00:00Z,0.0,-27.375,311.125,NaN
2025-12-01T12:00:00Z,0.0,-27.375,311.375,NaN
2025-12-01T12:00:00Z,0.0,-27.375,311.625,22.14
2025-12-02T12:00:00Z,0.0,-27.875,311.125,NaN
2025-12-02T12:00:00Z,0.0,-27.875,311.375,NaN
2025-12-02T12:00:00Z,0.0,-27.875,311.625,22.14
2025-12-02T12:00:00Z,0.0,-27.625,311.125,NaN
2025-12-02T12:00:00Z,0.0,-27.625,311.375,NaN
2025-12-02T12:00:00Z,0.0,-27.625,311.625,22.4
2025-12-02T12:00:00Z,0.0,-27.375,311.125,NaN
2025-12-02T12:00:00Z,0.0,-27.375,311.375,NaN
2025-12-02T12:00:00Z,0.0,-27.375,311.625,22.73
2025-12-03T12:00:00Z,0.0,-27.875,311.125,NaN
2025-12-03T12:00:00Z,0.0,-27.875,311.375,NaN
2025-12-03T12:00:00Z,0.0,-27.875,311.625,22.269999
2025-12-03T12:00:00Z,0.0,-27.625,311.125,NaN
2025-12-03T12:00:00Z,0.0,-27.625,311.375,NaN
2025-12-03T12:00:00Z,0.0,-27.625,311.625,22.5
2025-12-03T12:00:00Z,0.0,-27.375,311.125,NaN
2025-12-03T12:00:00Z,0.0,-27.375,311.375,NaN
2025-12-03T12:00:00Z,0.0,-27.375,311.625,22.779999
2025-12-04T12:00:00Z,0.0,-27.875,311.125,NaN
2025-12-04T12:00:00Z,0.0,-27.875,311.375,NaN
2025-12-04T12:00:00Z,0.0,-27.875,311.625,22.34
2025-12-04T12:00:00Z,0.0,-27.625,311.125,NaN
2025-12-04T12:00:00Z,0.0,-27.625,311.375,NaN
2025-12-04T12:00:00Z,0.0,-27.625,311.625,22.539999
2025-12-04T12:00:00Z,0.0,-27.375,311.125,NaN
2025-12-04T12:00:00Z,0.0,-27.375,311.375,NaN
2025-12-04T12:00:00Z,0.0,-27.375,311.625,22.8
2025-12-05T12:00:00Z,0.0,-27.875,311.125,NaN
2025-12-05T12:00:00Z,0.0,-27.875,311.375,NaN
2025-12-05T12:00:00Z,0.0,-27.875,311.625,22.46
2025-12-05T12:00:00Z,0.0,-27.625,311.125,NaN
2025-12-05T12:00:00Z,0.0,-27.625,311.375,NaN
2025-12-05T12:00:00Z,0.0,-27.625,311.625,22.65
2025-12-05T12:00:00Z,0.0,-27.375,311.125,NaN
2025-12-05T12:00:00Z,0.0,-27.375,311.375,NaN
2025-12-05T12:00:00Z,0.0,-27.375,311.625,22.92
2025-12-06T12:00:00Z,0.0,-27.875,311.125,NaN
2025-12-06T12:00:00Z,0.0,-27.875,311.375,NaN
2025-12-06T12:00:00Z,0.0,-27.875,311.625,22.56
2025-12-06T12:00:00Z,0.0,-27.625,311.125,NaN
2025-12-06T12:00:00Z,0.0,-27.625,311.375,NaN
2025-12-06T12:00:00Z,0.0,-27.625,311.625,22.779999
2025-12-06T12:00:00Z,0.0,-27.375,311.125,NaN
2025-12-06T12:00:00Z,0.0,-27.375,311.375,NaN
2025-12-06T12:00:00Z,0.0,-27.375,311.625,23.06
2025-12-07T12:00:00Z,0.0,-27.875,311.125,NaN
2025-12-07T12:00:00Z,0.0,-27.875,311.375,NaN
2025-12-07T12:00:00Z,0.0,-27.875,311.625,22.76
2025-12-07T12:00:00Z,0.0,-27.625,311.125,NaN
2025-12-07T12:00:00Z,0.0,-27.625,311.375,NaN
2025-12-07T12:00:00Z,0.0,-27.625,311.625,23.029999
2025-12-07T12:00:00Z,0.0,-27.375,311.125,NaN
2025-12-07T12:00:00Z,0.0,-27.375,311.375,NaN
2025-12-07T12:00:00Z,0.0,-27.375,311.625,23.359999
2025-12-08T12:00:00Z,0.0,-27.875,311.125,NaN
2025-12-08T12:00:00Z,0.0,-27.875,311.375,NaN
2025-12-08T12:00:00Z,0.0,-27.875,311.625,22.91
2025-12-08T12:00:00Z,0.0,-27.625,311.125,NaN
2025-12-08T12:00:00Z,0.0,-27.625,311.375,NaN
2025-12-08T12:00:00Z,0.0,-27.625,311.625,23.189999
2025-12-08T12:00:00Z,0.0,-27.375,311.125,NaN
2025-12-08T12:00:00Z,0.0,-27.375,311.375,NaN
2025-12-08T12:00:00Z,0.0,-27.375,311.625,23.55
2025-12-09T12:00:00Z,0.0,-27.875,311.125,NaN
2025-12-09T12:00:00Z,0.0,-27.875,311.375,NaN
2025-12-09T12:00:00Z,0.0,-27.875,311.625,23.33
2025-12-09T12:00:00Z,0.0,-27.625,311.125,NaN
2025-12-09T12:00:00Z,0.0,-27.625,311.375,NaN
2025-12-09T12:00:00Z,0.0,-27.625,311.625,23.6
2025-12-09T12:00:00Z,0.0,-27.375,311.125,NaN
2025-12-09T12:00:00Z,0.0,-27.375,311.375,NaN
2025-12-09T12:00:00Z,0.0,-27.375,311.625,23.9
2025-12-10T12:00:00Z,0.0,-27.875,311.125,NaN
2025-12-10T12:00:00Z,0.0,-27.875,311.375,NaN
2025-12-10T12:00:00Z,0.0,-27.875,311.625,23.609999
2025-12-10T12:00:00Z,0.0,-27.625,311.125,NaN
2025-12-10T12:00:00Z,0.0,-27.625,311.375,NaN
2025-12-10T12:00:00Z,0.0,-27.625,311.625,23.89
2025-12-10T12:00:00Z,0.0,-27.375,311.125,NaN
2025-12-10T12:00:00Z,0.0,-27.375,311.375,NaN
2025-12-10T12:00:00Z,0.0,-27.375,311.625,24.14
2025-12-11T12:00:00Z,0.0,-27.875,311.125,NaN
2025-12-11T12:00:00Z,0.0,-27.875,311.375,NaN
2025-12-11T12:00:00Z,0.0,-27.875,311.625,23.65
2025-12-11T12:00:00Z,0.0,-27.625,311.125,NaN
2025-12-11T12:00:00Z,0.0,-27.625,311.375,NaN
2025-12-11T12:00:00Z,0.0,-27.625,311.625,23.89
2025-12-11T12:00:00Z,0.0,-27.375,311.125,NaN
2025-12-11T12:00:00Z,0.0,-27.375,311.375,NaN
2025-12-11T12:00:00Z,0.0,-27.375,311.625,24.09
2025-12-12T12:00:00Z,0.0,-27.875,311.125,NaN
2025-12-12T12:00:00Z,0.0,-27.875,311.375,NaN
2025-12-12T12:00:00Z,0.0,-27.875,311.625,23.609999
2025-12-12T12:00:00Z,0.0,-27.625,311.125,NaN
2025-12-12T12:00:00Z,0.0,-27.625,311.375,NaN
2025-12-12T12:00:00Z,0.0,-27.625,311.625,23.82
2025-12-12T12:00:00Z,0.0,-27.375,311.125,NaN
2025-12-12T12:00:00Z,0.0,-27.375,311.375,NaN
2025-12-12T12:00:00Z,0.0,-27.375,311.625,23.98
2025-12-13T12:00:00Z,0.0,-27.875,311.125,NaN
2025-12-13T12:00:00Z,0.0,-27.875,311.375,NaN
2025-12-13T12:00:00Z,0.0,-27.875,311.625,23.65
2025-12-13T12:00:00Z,0.0,-27.625,311.125,NaN
2025-12-13T12:00:00Z,0.0,-27.625,311.375,NaN
2025-12-13T12:00:00Z,0.0,-27.625,311.625,23.85
2025-12-13T12:00:00Z,0.0,-27.375,311.125,NaN
2025-12-13T12:00:00Z,0.0,-27.375,311.375,NaN
2025-12-13T12:00:00Z,0.0,-27.375,311.625,24.019999
2025-12-14T12:00:00Z,0.0,-27.875,311.125,NaN
2025-12-14T12:00:00Z,0.0,-27.875,311.375,NaN
2025-12-14T12:00:00Z,0.0,-27.875,311.625,23.949999
2025-12-14T12:00:00Z,0.0,-27.625,311.125,NaN
2025-12-14T12:00:00Z,0.0,-27.625,311.375,NaN
2025-12-14T12:00:00Z,0.0,-27.625,311.625,24.14
2025-12-14T12:00:00Z,0.0,-27.375,311.125,NaN
2025-12-14T12:00:00Z,0.0,-27.375,311.375,NaN
2025-12-14T12:00:00Z,0.0,-27.375,311.625,24.3
2025-12-15T12:00:00Z,0.0,-27.875,311.125,NaN
2025-12-15T12:00:00Z,0.0,-27.875,311.375,NaN
2025-12-15T12:00:00Z,0.0,-27.875,311.625,24.279999
2025-12-15T12:00:00Z,0.0,-27.625,311.125,NaN
2025-12-15T12:00:00Z,0.0,-27.625,311.375,NaN
2025-12-15T12:00:00Z,0.0,-27.625,311.625,24.46
2025-12-15T12:00:00Z,0.0,-27.375,311.125,NaN
2025-12-15T12:00:00Z,0.0,-27.375,311.375,NaN
2025-12-15T12:00:00Z,0.0,-27.375,311.625,24.63
2025-12-16T12:00:00Z,0.0,-27.875,311.125,NaN
2025-12-16T12:00:00Z,0.0,-27.875,311.375,NaN
2025-12-16T12:00:00Z,0.0,-27.875,311.625,24.35
2025-12-16T12:00:00Z,0.0,-27.625,311.125,NaN
2025-12-16T12:00:00Z,0.0,-27.625,311.375,NaN
2025-12-16T12:00:00Z,0.0,-27.625,311.625,24.449999
2025-12-16T12:00:00Z,0.0,-27.375,311.125,NaN
2025-12-16T12:00:00Z,0.0,-27.375,311.375,NaN
2025-12-16T12:00:00Z,0.0,-27.375,311.625,24.57
2025-12-17T12:00:00Z,0.0,-27.875,311.125,NaN
2025-12-17T12:00:00Z,0.0,-27.875,311.375,NaN
2025-12-17T12:00:00Z,0.0,-27.875,311.625,24.05
2025-12-17T12:00:00Z,0.0,-27.625,311.125,NaN
2025-12-17T12:00:00Z,0.0,-27.625,311.375,NaN
2025-12-17T12:00:00Z,0.0,-27.625,311.625,24.109999
2025-12-17T12:00:00Z,0.0,-27.375,311.125,NaN
2025-12-17T12:00:00Z,0.0,-27.375,311.375,NaN
2025-12-17T12:00:00Z,0.0,-27.375,311.625,24.119999
2025-12-18T12:00:00Z,0.0,-27.875,311.125,NaN
2025-12-18T12:00:00Z,0.0,-27.875,311.375,NaN
2025-12-18T12:00:00Z,0.0,-27.875,311.625,23.699999
2025-12-18T12:00:00Z,0.0,-27.625,311.125,NaN
2025-12-18T12:00:00Z,0.0,-27.625,311.375,NaN
2025-12-18T12:00:00Z,0.0,-27.625,311.625,23.8
2025-12-18T12:00:00Z,0.0,-27.375,311.125,NaN
2025-12-18T12:00:00Z,0.0,-27.375,311.375,NaN
2025-12-18T12:00:00Z,0.0,-27.375,311.625,23.89
2025-12-19T12:00:00Z,0.0,-27.875,311.125,NaN
2025-12-19T12:00:00Z,0.0,-27.875,311.375,NaN
2025-12-19T12:00:00Z,0.0,-27.875,311.625,23.55
2025-12-19T12:00:00Z,0.0,-27.625,311.125,NaN
2025-12-19T12:00:00Z,0.0,-27.625,311.375,NaN
2025-12-19T12:00:00Z,0.0,-27.625,311.625,23.68
2025-12-19T12:00:00Z,0.0,-27.375,311.125,NaN
2025-12-19T12:00:00Z,0.0,-27.375,311.375,NaN
2025-12-19T12:00:00Z,0.0,-27.375,311.625,23.85
2025-12-20T12:00:00Z,0.0,-27.875,311.125,NaN
2025-12-20T12:00:00Z,0.0,-27.875,311.375,NaN
2025-12-20T12:00:00Z,0.0,-27.875,311.625,23.48
2025-12-20T12:00:00Z,0.0,-27.625,311.125,NaN
2025-12-20T12:00:00Z,0.0,-27.625,311.375,NaN
2025-12-20T12:00:00Z,0.0,-27.625,311.625,23.65
2025-12-20T12:00:00Z,0.0,-27.375,311.125,NaN
2025-12-20T12:00:00Z,0.0,-27.375,311.375,NaN
2025-12-20T12:00:00Z,0.0,-27.375,311.625,23.859999
2025-12-21T12:00:00Z,0.0,-27.875,311.125,NaN
2025-12-21T12:00:00Z,0.0,-27.875,311.375,NaN
2025-12-21T12:00:00Z,0.0,-27.875,311.625,23.67
2025-12-21T12:00:00Z,0.0,-27.625,311.125,NaN
2025-12-21T12:00:00Z,0.0,-27.625,311.375,NaN
2025-12-21T12:00:00Z,0.0,-27.625,311.625,23.869999
2025-12-21T12:00:00Z,0.0,-27.375,311.125,NaN
2025-12-21T12:00:00Z,0.0,-27.375,311.375,NaN
2025-12-21T12:00:00Z,0.0,-27.375,311.625,24.09
2025-12-22T12:00:00Z,0.0,-27.875,311.125,NaN
2025-12-22T12:00:00Z,0.0,-27.875,311.375,NaN
2025-12-22T12:00:00Z,0.0,-27.875,311.625,23.97
2025-12-22T12:00:00Z,0.0,-27.625,311.125,NaN
2025-12-22T12:00:00Z,0.0,-27.625,311.375,NaN
2025-12-22T12:00:00Z,0.0,-27.625,311.625,24.15
2025-12-22T12:00:00Z,0.0,-27.375,311.125,NaN
2025-12-22T12:00:00Z,0.0,-27.375,311.375,NaN
2025-12-22T12:00:00Z,0.0,-27.375,311.625,24.35
2025-12-23T12:00:00Z,0.0,-27.875,311.125,NaN
2025-12-23T12:00:00Z,0.0,-27.875,311.375,NaN
2025-12-23T12:00:00Z,0.0,-27.875,311.625,24.189999
2025-12-23T12:00:00Z,0.0,-27.625,311.125,NaN
2025-12-23T12:00:00Z,0.0,-27.625,311.375,NaN
2025-12-23T12:00:00Z,0.0,-27.625,311.625,24.34
2025-12-23T12:00:00Z,0.0,-27.375,311.125,NaN
2025-12-23T12:00:00Z,0.0,-27.375,311.375,NaN
2025-12-23T12:00:00Z,0.0,-27.375,311.625,24.5
2025-12-24T12:00:00Z,0.0,-27.875,311.125,NaN
2025-12-24T12:00:00Z,0.0,-27.875,311.375,NaN
2025-12-24T12:00:00Z,0.0,-27.875,311.625,24.85
2025-12-24T12:00:00Z,0.0,-27.625,311.125,NaN
2025-12-24T12:00:00Z,0.0,-27.625,311.375,NaN
2025-12-24T12:00:00Z,0.0,-27.625,311.625,25.07
2025-12-24T12:00:00Z,0.0,-27.375,311.125,NaN
2025-12-24T12:00:00Z,0.0,-27.375,311.375,NaN
2025-12-24T12:00:00Z,0.0,-27.375,311.625,25.3
2025-12-25T12:00:00Z,0.0,-27.875,311.125,NaN
2025-12-25T12:00:00Z,0.0,-27.875,311.375,NaN
2025-12-25T12:00:00Z,0.0,-27.875,311.625,25.5
2025-12-25T12:00:00Z,0.0,-27.625,311.125,NaN
2025-12-25T12:00:00Z,0.0,-27.625,311.375,NaN
2025-12-25T12:00:00Z,0.0,-27.625,311.625,25.609999
2025-12-25T12:00:00Z,0.0,-27.375,311.125,NaN
2025-12-25T12:00:00Z,0.0,-27.375,311.375,NaN
2025-12-25T12:00:00Z,0.0,-27.375,311.625,25.73
2025-12-26T12:00:00Z,0.0,-27.875,311.125,NaN
2025-12-26T12:00:00Z,0.0,-27.875,311.375,NaN
2025-12-26T12:00:00Z,0.0,-27.875,311.625,25.439999
2025-12-26T12:00:00Z,0.0,-27.625,311.125,NaN
2025-12-26T12:00:00Z,0.0,-27.625,311.375,NaN
2025-12-26T12:00:00Z,0.0,-27.625,311.625,25.519999
2025-12-26T12:00:00Z,0.0,-27.375,311.125,NaN
2025-12-26T12:00:00Z,0.0,-27.375,311.375,NaN
2025-12-26T12:00:00Z,0.0,-27.375,311.625,25.63
2025-12-27T12:00:00Z,0.0,-27.875,311.125,NaN
2025-12-27T12:00:00Z,0.0,-27.875,311.375,NaN
2025-12-27T12:00:00Z,0.0,-27.875,311.625,25.75
2025-12-27T12:00:00Z,0.0,-27.625,311.125,NaN
2025-12-27T12:00:00Z,0.0,-27.625,311.375,NaN
2025-12-27T12:00:00Z,0.0,-27.625,311.625,25.9
2025-12-27T12:00:00Z,0.0,-27.375,311.125,NaN
2025-12-27T12:00:00Z,0.0,-27.375,311.375,NaN
2025-12-27T12:00:00Z,0.0,-27.375,311.625,26.07
2025-12-28T12:00:00Z,0.0,-27.875,311.125,NaN
2025-12-28T12:00:00Z,0.0,-27.875,311.375,NaN
2025-12-28T12:00:00Z,0.0,-27.875,311.625,25.93
2025-12-28T12:00:00Z,0.0,-27.625,311.125,NaN
2025-12-28T12:00:00Z,0.0,-27.625,311.375,NaN
2025-12-28T12:00:00Z,0.0,-27.625,311.625,26.13
2025-12-28T12:00:00Z,0.0,-27.375,311.125,NaN
2025-12-28T12:00:00Z,0.0,-27.375,311.375,NaN
2025-12-28T12:00:00Z,0.0,-27.375,311.625,26.33
2025-12-29T12:00:00Z,0.0,-27.875,311.125,NaN
2025-12-29T12:00:00Z,0.0,-27.875,311.375,NaN
2025-12-29T12:00:00Z,0.0,-27.875,311.625,25.949999
2025-12-29T12:00:00Z,0.0,-27.625,311.125,NaN
2025-12-29T12:00:00Z,0.0,-27.625,311.375,NaN
2025-12-29T12:00:00Z,0.0,-27.625,311.625,26.119999
2025-12-29T12:00:00Z,0.0,-27.375,311.125,NaN
2025-12-29T12:00:00Z,0.0,-27.375,311.375,NaN
2025-12-29T12:00:00Z,0.0,-27.375,311.625,26.33
2025-12-30T12:00:00Z,0.0,-27.875,311.125,NaN
2025-12-30T12:00:00Z,0.0,-27.875,311.375,NaN
2025-12-30T12:00:00Z,0.0,-27.875,311.625,26.349998
2025-12-30T12:00:00Z,0.0,-27.625,311.125,NaN
2025-12-30T12:00:00Z,0.0,-27.625,311.375,NaN
2025-12-30T12:00:00Z,0.0,-27.625,311.625,26.47
2025-12-30T12:00:00Z,0.0,-27.375,311.125,NaN
2025-12-30T12:00:00Z,0.0,-27.375,311.375,NaN
2025-12-30T12:00:00Z,0.0,-27.375,311.625,26.58
2025-12-31T12:00:00Z,0.0,-27.875,311.125,NaN
2025-12-31T12:00:00Z,0.0,-27.875,311.375,NaN
2025-12-31T12:00:00Z,0.0,-27.875,311.625,26.55
2025-12-31T12:00:00Z,0.0,-27.625,311.125,NaN
2025-12-31T12:00:00Z,0.0,-27.625,311.375,NaN
2025-12-31T12:00:00Z,0.0,-27.625,311.625,26.619999
2025-12-31T12:00:00Z,0.0,-27.375,311.125,NaN
2025-12-31T12:00:00Z,0.0,-27.375,311.375,NaN
2025-12-31T12:00:00Z,0.0,-27.375,311.625,26.71
2026-01-01T12:00:00Z,0.0,-27.875,311.125,NaN
2026-01-01T12:00:00Z,0.0,-27.875,311.375,NaN
2026-01-01T12:00:00Z,0.0,-27.875,311.625,26.5
2026-01-01T12:00:00Z,0.0,-27.625,311.125,NaN
2026-01-01T12:00:00Z,0.0,-27.625,311.375,NaN
2026-01-01T12:00:00Z,0.0,-27.625,311.625,26.51
2026-01-01T12:00:00Z,0.0,-27.375,311.125,NaN
2026-01-01T12:00:00Z,0.0,-27.375,311.375,NaN
2026-01-01T12:00:00Z,0.0,-27.375,311.625,26.599998
2026-01-02T12:00:00Z,0.0,-27.875,311.125,NaN
2026-01-02T12:00:00Z,0.0,-27.875,311.375,NaN
2026-01-02T12:00:00Z,0.0,-27.875,311.625,26.349998
2026-01-02T12:00:00Z,0.0,-27.625,311.125,NaN
2026-01-02T12:00:00Z,0.0,-27.625,311.375,NaN
2026-01-02T12:00:00Z,0.0,-27.625,311.625,26.43
2026-01-02T12:00:00Z,0.0,-27.375,311.125,NaN
2026-01-02T12:00:00Z,0.0,-27.375,311.375,NaN
2026-01-02T12:00:00Z,0.0,-27.375,311.625,26.59
2026-01-03T12:00:00Z,0.0,-27.875,311.125,NaN
2026-01-03T12:00:00Z,0.0,-27.875,311.375,NaN
2026-01-03T12:00:00Z,0.0,-27.875,311.625,26.279999
2026-01-03T12:00:00Z,0.0,-27.625,311.125,NaN
2026-01-03T12:00:00Z,0.0,-27.625,311.375,NaN
2026-01-03T12:00:00Z,0.0,-27.625,311.625,26.42
2026-01-03T12:00:00Z,0.0,-27.375,311.125,NaN
2026-01-03T12:00:00Z,0.0,-27.375,311.375,NaN
2026-01-03T12:00:00Z,0.0,-27.375,311.625,26.619999
2026-01-04T12:00:00Z,0.0,-27.875,311.125,NaN
2026-01-04T12:00:00Z,0.0,-27.875,311.375,NaN
2026-01-04T12:00:00Z,0.0,-27.875,311.625,25.519999
2026-01-04T12:00:00Z,0.0,-27.625,311.125,NaN
2026-01-04T12:00:00Z,0.0,-27.625,311.375,NaN
2026-01-04T12:00:00Z,0.0,-27.625,311.625,25.64
2026-01-04T12:00:00Z,0.0,-27.375,311.125,NaN
2026-01-04T12:00:00Z,0.0,-27.375,311.375,NaN
2026-01-04T12:00:00Z,0.0,-27.375,311.625,25.859999
2026-01-05T12:00:00Z,0.0,-27.875,311.125,NaN
2026-01-05T12:00:00Z,0.0,-27.875,311.375,NaN
2026-01-05T12:00:00Z,0.0,-27.875,311.625,24.73
2026-01-05T12:00:00Z,0.0,-27.625,311.125,NaN
2026-01-05T12:00:00Z,0.0,-27.625,311.375,NaN
2026-01-05T12:00:00Z,0.0,-27.625,311.625,24.83
2026-01-05T12:00:00Z,0.0,-27.375,311.125,NaN
2026-01-05T12:00:00Z,0.0,-27.375,311.375,NaN
2026-01-05T12:00:00Z,0.0,-27.375,311.625,24.92
2026-01-06T12:00:00Z,0.0,-27.875,311.125,NaN
2026-01-06T12:00:00Z,0.0,-27.875,311.375,NaN
2026-01-06T12:00:00Z,0.0,-27.875,311.625,24.57
2026-01-06T12:00:00Z,0.0,-27.625,311.125,NaN
2026-01-06T12:00:00Z,0.0,-27.625,311.375,NaN
2026-01-06T12:00:00Z,0.0,-27.625,311.625,24.779999
2026-01-06T12:00:00Z,0.0,-27.375,311.125,NaN
2026-01-06T12:00:00Z,0.0,-27.375,311.375,NaN
2026-01-06T12:00:00Z,0.0,-27.375,311.625,25.019999
2026-01-07T12:00:00Z,0.0,-27.875,311.125,NaN
2026-01-07T12:00:00Z,0.0,-27.875,311.375,NaN
2026-01-07T12:00:00Z,0.0,-27.875,311.625,24.58
2026-01-07T12:00:00Z,0.0,-27.625,311.125,NaN
2026-01-07T12:00:00Z,0.0,-27.625,311.375,NaN
2026-01-07T12:00:00Z,0.0,-27.625,311.625,24.789999
2026-01-07T12:00:00Z,0.0,-27.375,311.125,NaN
2026-01-07T12:00:00Z,0.0,-27.375,311.375,NaN
2026-01-07T12:00:00Z,0.0,-27.375,311.625,25.019999
2026-01-08T12:00:00Z,0.0,-27.875,311.125,NaN
2026-01-08T12:00:00Z,0.0,-27.875,311.375,NaN
2026-01-08T12:00:00Z,0.0,-27.875,311.625,24.68
2026-01-08T12:00:00Z,0.0,-27.625,311.125,NaN
2026-01-08T12:00:00Z,0.0,-27.625,311.375,NaN
2026-01-08T12:00:00Z,0.0,-27.625,311.625,24.859999
2026-01-08T12:00:00Z,0.0,-27.375,311.125,NaN
2026-01-08T12:00:00Z,0.0,-27.375,311.375,NaN
2026-01-08T12:00:00Z,0.0,-27.375,311.625,25.06
2026-01-09T12:00:00Z,0.0,-27.875,311.125,NaN
2026-01-09T12:00:00Z,0.0,-27.875,311.375,NaN
2026-01-09T12:00:00Z,0.0,-27.875,311.625,24.74
2026-01-09T12:00:00Z,0.0,-27.625,311.125,NaN
2026-01-09T12:00:00Z,0.0,-27.625,311.375,NaN
2026-01-09T12:00:00Z,0.0,-27.625,311.625,24.9
2026-01-09T12:00:00Z,0.0,-27.375,311.125,NaN
2026-01-09T12:00:00Z,0.0,-27.375,311.375,NaN
2026-01-09T12:00:00Z,0.0,-27.375,311.625,25.039999
2026-01-10T12:00:00Z,0.0,-27.875,311.125,NaN
2026-01-10T12:00:00Z,0.0,-27.875,311.375,NaN
2026-01-10T12:00:00Z,0.0,-27.875,311.625,24.89
2026-01-10T12:00:00Z,0.0,-27.625,311.125,NaN
2026-01-10T12:00:00Z,0.0,-27.625,311.375,NaN
2026-01-10T12:00:00Z,0.0,-27.625,311.625,25.1
2026-01-10T12:00:00Z,0.0,-27.375,311.125,NaN
2026-01-10T12:00:00Z,0.0,-27.375,311.375,NaN
2026-01-10T12:00:00Z,0.0,-27.375,311.625,25.26
2026-01-11T12:00:00Z,0.0,-27.875,311.125,NaN
2026-01-11T12:00:00Z,0.0,-27.875,311.375,NaN
2026-01-11T12:00:00Z,0.0,-27.875,311.625,25.1
2026-01-11T12:00:00Z,0.0,-27.625,311.125,NaN
2026-01-11T12:00:00Z,0.0,-27.625,311.375,NaN
2026-01-11T12:00:00Z,0.0,-27.625,311.625,25.3
2026-01-11T12:00:00Z,0.0,-27.375,311.125,NaN
2026-01-11T12:00:00Z,0.0,-27.375,311.375,NaN
2026-01-11T12:00:00Z,0.0,-27.375,311.625,25.5
2026-01-12T12:00:00Z,0.0,-27.875,311.125,NaN
2026-01-12T12:00:00Z,0.0,-27.875,311.375,NaN
2026-01-12T12:00:00Z,0.0,-27.875,311.625,25.09
2026-01-12T12:00:00Z,0.0,-27.625,311.125,NaN
2026-01-12T12:00:00Z,0.0,-27.625,311.375,NaN
2026-01-12T12:00:00Z,0.0,-27.625,311.625,25.26
2026-01-12T12:00:00Z,0.0,-27.375,311.125,NaN
2026-01-12T12:00:00Z,0.0,-27.375,311.375,NaN
2026-01-12T12:00:00Z,0.0,-27.375,311.625,25.439999
2026-01-13T12:00:00Z,0.0,-27.875,311.125,NaN
2026-01-13T12:00:00Z,0.0,-27.875,311.375,NaN
2026-01-13T12:00:00Z,0.0,-27.875,311.625,25.16
2026-01-13T12:00:00Z,0.0,-27.625,311.125,NaN
2026-01-13T12:00:00Z,0.0,-27.625,311.375,NaN
2026-01-13T12:00:00Z,0.0,-27.625,311.625,25.31
2026-01-13T12:00:00Z,0.0,-27.375,311.125,NaN
2026-01-13T12:00:00Z,0.0,-27.375,311.375,NaN
2026-01-13T12:00:00Z,0.0,-27.375,311.625,25.49
2026-01-14T12:00:00Z,0.0,-27.875,311.125,NaN
2026-01-14T12:00:00Z,0.0,-27.875,311.375,NaN
2026-01-14T12:00:00Z,0.0,-27.875,311.625,25.34
2026-01-14T12:00:00Z,0.0,-27.625,311.125,NaN
2026-01-14T12:00:00Z,0.0,-27.625,311.375,NaN
2026-01-14T12:00:00Z,0.0,-27.625,311.625,25.51
2026-01-14T12:00:00Z,0.0,-27.375,311.125,NaN
2026-01-14T12:00:00Z,0.0,-27.375,311.375,NaN
2026-01-14T12:00:00Z,0.0,-27.375,311.625,25.71
2026-01-15T12:00:00Z,0.0,-27.875,311.125,NaN
2026-01-15T12:00:00Z,0.0,-27.875,311.375,NaN
2026-01-15T12:00:00Z,0.0,-27.875,311.625,25.47
2026-01-15T12:00:00Z,0.0,-27.625,311.125,NaN
2026-01-15T12:00:00Z,0.0,-27.625,311.375,NaN
2026-01-15T12:00:00Z,0.0,-27.625,311.625,25.67
2026-01-15T12:00:00Z,0.0,-27.375,311.125,NaN
2026-01-15T12:00:00Z,0.0,-27.375,311.375,NaN
2026-01-15T12:00:00Z,0.0,-27.375,311.625,25.88
2026-01-16T12:00:00Z,0.0,-27.875,311.125,NaN
2026-01-16T12:00:00Z,0.0,-27.875,311.375,NaN
2026-01-16T12:00:00Z,0.0,-27.875,311.625,25.59
2026-01-16T12:00:00Z,0.0,-27.625,311.125,NaN
2026-01-16T12:00:00Z,0.0,-27.625,311.375,NaN
2026-01-16T12:00:00Z,0.0,-27.625,311.625,25.8
2026-01-16T12:00:00Z,0.0,-27.375,311.125,NaN
2026-01-16T12:00:00Z,0.0,-27.375,311.375,NaN
2026-01-16T12:00:00Z,0.0,-27.375,311.625,25.99
2026-01-17T12:00:00Z,0.0,-27.875,311.125,NaN
2026-01-17T12:00:00Z,0.0,-27.875,311.375,NaN
2026-01-17T12:00:00Z,0.0,-27.875,311.625,25.81
2026-01-17T12:00:00Z,0.0,-27.625,311.125,NaN
2026-01-17T12:00:00Z,0.0,-27.625,311.375,NaN
2026-01-17T12:00:00Z,0.0,-27.625,311.625,26.01
2026-01-17T12:00:00Z,0.0,-27.375,311.125,NaN
2026-01-17T12:00:00Z,0.0,-27.375,311.375,NaN
2026-01-17T12:00:00Z,0.0,-27.375,311.625,26.22
2026-01-18T12:00:00Z,0.0,-27.875,311.125,NaN
2026-01-18T12:00:00Z,0.0,-27.875,311.375,NaN
2026-01-18T12:00:00Z,0.0,-27.875,311.625,26.019999
2026-01-18T12:00:00Z,0.0,-27.625,311.125,NaN
2026-01-18T12:00:00Z,0.0,-27.625,311.375,NaN
2026-01-18T12:00:00Z,0.0,-27.625,311.625,26.23
2026-01-18T12:00:00Z,0.0,-27.375,311.125,NaN
2026-01-18T12:00:00Z,0.0,-27.375,311.375,NaN
2026-01-18T12:00:00Z,0.0,-27.375,311.625,26.4
2026-01-19T12:00:00Z,0.0,-27.875,311.125,NaN
2026-01-19T12:00:00Z,0.0,-27.875,311.375,NaN
2026-01-19T12:00:00Z,0.0,-27.875,311.625,25.8
2026-01-19T12:00:00Z,0.0,-27.625,311.125,NaN
2026-01-19T12:00:00Z,0.0,-27.625,311.375,NaN
2026-01-19T12:00:00Z,0.0,-27.625,311.625,25.97
2026-01-19T12:00:00Z,0.0,-27.375,311.125,NaN
2026-01-19T12:00:00Z,0.0,-27.375,311.375,NaN
2026-01-19T12:00:00Z,0.0,-27.375,311.625,26.13
2026-01-20T12:00:00Z,0.0,-27.875,311.125,NaN
2026-01-20T12:00:00Z,0.0,-27.875,311.375,NaN
2026-01-20T12:00:00Z,0.0,-27.875,311.625,25.46
2026-01-20T12:00:00Z,0.0,-27.625,311.125,NaN
2026-01-20T12:00:00Z,0.0,-27.625,311.375,NaN
2026-01-20T12:00:00Z,0.0,-27.625,311.625,25.529999
2026-01-20T12:00:00Z,0.0,-27.375,311.125,NaN
2026-01-20T12:00:00Z,0.0,-27.375,311.375,NaN
2026-01-20T12:00:00Z,0.0,-27.375,311.625,25.66
2026-01-21T12:00:00Z,0.0,-27.875,311.125,NaN
2026-01-21T12:00:00Z,0.0,-27.875,311.375,NaN
2026-01-21T12:00:00Z,0.0,-27.875,311.625,25.46
2026-01-21T12:00:00Z,0.0,-27.625,311.125,NaN
2026-01-21T12:00:00Z,0.0,-27.625,311.375,NaN
2026-01-21T12:00:00Z,0.0,-27.625,311.625,25.48
2026-01-21T12:00:00Z,0.0,-27.375,311.125,NaN
2026-01-21T12:00:00Z,0.0,-27.375,311.375,NaN
2026-01-21T12:00:00Z,0.0,-27.375,311.625,25.599998
2026-01-22T12:00:00Z,0.0,-27.875,311.125,NaN
2026-01-22T12:00:00Z,0.0,-27.875,311.375,NaN
2026-01-22T12:00:00Z,0.0,-27.875,311.625,25.34
2026-01-22T12:00:00Z,0.0,-27.625,311.125,NaN
2026-01-22T12:00:00Z,0.0,-27.625,311.375,NaN
2026-01-22T12:00:00Z,0.0,-27.625,311.625,25.39
2026-01-22T12:00:00Z,0.0,-27.375,311.125,NaN
2026-01-22T12:00:00Z,0.0,-27.375,311.375,NaN
2026-01-22T12:00:00Z,0.0,-27.375,311.625,25.5
2026-01-23T12:00:00Z,0.0,-27.875,311.125,NaN
2026-01-23T12:00:00Z,0.0,-27.875,311.375,NaN
2026-01-23T12:00:00Z,0.0,-27.875,311.625,25.24
2026-01-23T12:00:00Z,0.0,-27.625,311.125,NaN
2026-01-23T12:00:00Z,0.0,-27.625,311.375,NaN
2026-01-23T12:00:00Z,0.0,-27.625,311.625,25.269999
2026-01-23T12:00:00Z,0.0,-27.375,311.125,NaN
2026-01-23T12:00:00Z,0.0,-27.375,311.375,NaN
2026-01-23T12:00:00Z,0.0,-27.375,311.625,25.369999
2026-01-24T12:00:00Z,0.0,-27.875,311.125,NaN
2026-01-24T12:00:00Z,0.0,-27.875,311.375,NaN
2026-01-24T12:00:00Z,0.0,-27.875,311.625,25.26
2026-01-24T12:00:00Z,0.0,-27.625,311.125,NaN
2026-01-24T12:00:00Z,0.0,-27.625,311.375,NaN
2026-01-24T12:00:00Z,0.0,-27.625,311.625,25.289999
2026-01-24T12:00:00Z,0.0,-27.375,311.125,NaN
2026-01-24T12:00:00Z,0.0,-27.375,311.375,NaN
2026-01-24T12:00:00Z,0.0,-27.375,311.625,25.38
2026-01-25T12:00:00Z,0.0,-27.875,311.125,NaN
2026-01-25T12:00:00Z,0.0,-27.875,311.375,NaN
2026-01-25T12:00:00Z,0.0,-27.875,311.625,25.47
2026-01-25T12:00:00Z,0.0,-27.625,311.125,NaN
2026-01-25T12:00:00Z,0.0,-27.625,311.375,NaN
2026-01-25T12:00:00Z,0.0,-27.625,311.625,25.5
2026-01-25T12:00:00Z,0.0,-27.375,311.125,NaN
2026-01-25T12:00:00Z,0.0,-27.375,311.375,NaN
2026-01-25T12:00:00Z,0.0,-27.375,311.625,25.58
2026-01-26T12:00:00Z,0.0,-27.875,311.125,NaN
2026-01-26T12:00:00Z,0.0,-27.875,311.375,NaN
2026-01-26T12:00:00Z,0.0,-27.875,311.625,25.81
2026-01-26T12:00:00Z,0.0,-27.625,311.125,NaN
2026-01-26T12:00:00Z,0.0,-27.625,311.375,NaN
2026-01-26T12:00:00Z,0.0,-27.625,311.625,25.849998
2026-01-26T12:00:00Z,0.0,-27.375,311.125,NaN
2026-01-26T12:00:00Z,0.0,-27.375,311.375,NaN
2026-01-26T12:00:00Z,0.0,-27.375,311.625,25.9
2026-01-27T12:00:00Z,0.0,-27.875,311.125,NaN
2026-01-27T12:00:00Z,0.0,-27.875,311.375,NaN
2026-01-27T12:00:00Z,0.0,-27.875,311.625,26.08
2026-01-27T12:00:00Z,0.0,-27.625,311.125,NaN
2026-01-27T12:00:00Z,0.0,-27.625,311.375,NaN
2026-01-27T12:00:00Z,0.0,-27.625,311.625,26.14
2026-01-27T12:00:00Z,0.0,-27.375,311.125,NaN
2026-01-27T12:00:00Z,0.0,-27.375,311.375,NaN
2026-01-27T12:00:00Z,0.0,-27.375,311.625,26.22
2026-01-28T12:00:00Z,0.0,-27.875,311.125,NaN
2026-01-28T12:00:00Z,0.0,-27.875,311.375,NaN
2026-01-28T12:00:00Z,0.0,-27.875,311.625,26.25
2026-01-28T12:00:00Z,0.0,-27.625,311.125,NaN
2026-01-28T12:00:00Z,0.0,-27.625,311.375,NaN
2026-01-28T12:00:00Z,0.0,-27.625,311.625,26.32
2026-01-28T12:00:00Z,0.0,-27.375,311.125,NaN
2026-01-28T12:00:00Z,0.0,-27.375,311.375,NaN
2026-01-28T12:00:00Z,0.0,-27.375,311.625,26.41
2026-01-29T12:00:00Z,0.0,-27.875,311.125,NaN
2026-01-29T12:00:00Z,0.0,-27.875,311.375,NaN
2026-01-29T12:00:00Z,0.0,-27.875,311.625,26.21
2026-01-29T12:00:00Z,0.0,-27.625,311.125,NaN
2026-01-29T12:00:00Z,0.0,-27.625,311.375,NaN
2026-01-29T12:00:00Z,0.0,-27.625,311.625,26.32
2026-01-29T12:00:00Z,0.0,-27.375,311.125,NaN
2026-01-29T12:00:00Z,0.0,-27.375,311.375,NaN
2026-01-29T12:00:00Z,0.0,-27.375,311.625,26.439999
2026-01-30T12:00:00Z,0.0,-27.875,311.125,NaN
2026-01-30T12:00:00Z,0.0,-27.875,311.375,NaN
2026-01-30T12:00:00Z,0.0,-27.875,311.625,26.199999
2026-01-30T12:00:00Z,0.0,-27.625,311.125,NaN
2026-01-30T12:00:00Z,0.0,-27.625,311.375,NaN
2026-01-30T12:00:00Z,0.0,-27.625,311.625,26.269999
2026-01-30T12:00:00Z,0.0,-27.375,311.125,NaN
2026-01-30T12:00:00Z,0.0,-27.375,311.375,NaN
2026-01-30T12:00:00Z,0.0,-27.375,311.625,26.33
2026-01-31T12:00:00Z,0.0,-27.875,311.125,NaN
2026-01-31T12:00:00Z,0.0,-27.875,311.375,NaN
2026-01-31T12:00:00Z,0.0,-27.875,311.625,26.3
2026-01-31T12:00:00Z,0.0,-27.625,311.125,NaN
2026-01-31T12:00:00Z,0.0,-27.625,311.375,NaN
2026-01-31T12:00:00Z,0.0,-27.625,311.625,26.32
2026-01-31T12:00:00Z,0.0,-27.375,311.125,NaN
2026-01-31T12:00:00Z,0.0,-27.375,311.375,NaN
2026-01-31T12:00:00Z,0.0,-27.375,311.625,26.349998
2026-02-01T12:00:00Z,0.0,-27.875,311.125,NaN
2026-02-01T12:00:00Z,0.0,-27.875,311.375,NaN
2026-02-01T12:00:00Z,0.0,-27.875,311.625,26.48
2026-02-01T12:00:00Z,0.0,-27.625,311.125,NaN
2026-02-01T12:00:00Z,0.0,-27.625,311.375,NaN
2026-02-01T12:00:00Z,0.0,-27.625,311.625,26.46
2026-02-01T12:00:00Z,0.0,-27.375,311.125,NaN
2026-02-01T12:00:00Z,0.0,-27.375,311.375,NaN
2026-02-01T12:00:00Z,0.0,-27.375,311.625,26.48
2026-02-02T12:00:00Z,0.0,-27.875,311.125,NaN
2026-02-02T12:00:00Z,0.0,-27.875,311.375,NaN
2026-02-02T12:00:00Z,0.0,-27.875,311.625,26.539999
2026-02-02T12:00:00Z,0.0,-27.625,311.125,NaN
2026-02-02T12:00:00Z,0.0,-27.625,311.375,NaN
2026-02-02T12:00:00Z,0.0,-27.625,311.625,26.539999
2026-02-02T12:00:00Z,0.0,-27.375,311.125,NaN
2026-02-02T12:00:00Z,0.0,-27.375,311.375,NaN
2026-02-02T12:00:00Z,0.0,-27.375,311.625,26.59
2026-02-03T12:00:00Z,0.0,-27.875,311.125,NaN
2026-02-03T12:00:00Z,0.0,-27.875,311.375,NaN
2026-02-03T12:00:00Z,0.0,-27.875,311.625,26.63
2026-02-03T12:00:00Z,0.0,-27.625,311.125,NaN
2026-02-03T12:00:00Z,0.0,-27.625,311.375,NaN
2026-02-03T12:00:00Z,0.0,-27.625,311.625,26.65
2026-02-03T12:00:00Z,0.0,-27.375,311.125,NaN
2026-02-03T12:00:00Z,0.0,-27.375,311.375,NaN
2026-02-03T12:00:00Z,0.0,-27.375,311.625,26.71
2026-02-04T12:00:00Z,0.0,-27.875,311.125,NaN
2026-02-04T12:00:00Z,0.0,-27.875,311.375,NaN
2026-02-04T12:00:00Z,0.0,-27.875,311.625,26.88
2026-02-04T12:00:00Z,0.0,-27.625,311.125,NaN
2026-02-04T12:00:00Z,0.0,-27.625,311.375,NaN
2026-02-04T12:00:00Z,0.0,-27.625,311.625,26.88
2026-02-04T12:00:00Z,0.0,-27.375,311.125,NaN
2026-02-04T12:00:00Z,0.0,-27.375,311.375,NaN
2026-02-04T12:00:00Z,0.0,-27.375,311.625,26.92
2026-02-05T12:00:00Z,0.0,-27.875,311.125,NaN
2026-02-05T12:00:00Z,0.0,-27.875,311.375,NaN
2026-02-05T12:00:00Z,0.0,-27.875,311.625,27.0
2026-02-05T12:00:00Z,0.0,-27.625,311.125,NaN
2026-02-05T12:00:00Z,0.0,-27.625,311.375,NaN
2026-02-05T12:00:00Z,0.0,-27.625,311.625,26.98
2026-02-05T12:00:00Z,0.0,-27.375,311.125,NaN
2026-02-05T12:00:00Z,0.0,-27.375,311.375,NaN
2026-02-05T12:00:00Z,0.0,-27.375,311.625,27.0
2026-02-06T12:00:00Z,0.0,-27.875,311.125,NaN
2026-02-06T12:00:00Z,0.0,-27.875,311.375,NaN
2026-02-06T12:00:00Z,0.0,-27.875,311.625,27.25
2026-02-06T12:00:00Z,0.0,-27.625,311.125,NaN
2026-02-06T12:00:00Z,0.0,-27.625,311.375,NaN
2026-02-06T12:00:00Z,0.0,-27.625,311.625,27.25
2026-02-06T12:00:00Z,0.0,-27.375,311.125,NaN
2026-02-06T12:00:00Z,0.0,-27.375,311.375,NaN
2026-02-06T12:00:00Z,0.0,-27.375,311.625,27.279999
2026-02-07T12:00:00Z,0.0,-27.875,311.125,NaN
2026-02-07T12:00:00Z,0.0,-27.875,311.375,NaN
2026-02-07T12:00:00Z,0.0,-27.875,311.625,27.39
2026-02-07T12:00:00Z,0.0,-27.625,311.125,NaN
2026-02-07T12:00:00Z,0.0,-27.625,311.375,NaN
2026-02-07T12:00:00Z,0.0,-27.625,311.625,27.439999
2026-02-07T12:00:00Z,0.0,-27.375,311.125,NaN
2026-02-07T12:00:00Z,0.0,-27.375,311.375,NaN
2026-02-07T12:00:00Z,0.0,-27.375,311.625,27.5
2026-02-08T12:00:00Z,0.0,-27.875,311.125,NaN
2026-02-08T12:00:00Z,0.0,-27.875,311.375,NaN
2026-02-08T12:00:00Z,0.0,-27.875,311.625,27.16
2026-02-08T12:00:00Z,0.0,-27.625,311.125,NaN
2026-02-08T12:00:00Z,0.0,-27.625,311.375,NaN
2026-02-08T12:00:00Z,0.0,-27.625,311.625,27.24
2026-02-08T12:00:00Z,0.0,-27.375,311.125,NaN
2026-02-08T12:00:00Z,0.0,-27.375,311.375,NaN
2026-02-08T12:00:00Z,0.0,-27.375,311.625,27.32
2026-02-09T12:00:00Z,0.0,-27.875,311.125,NaN
2026-02-09T12:00:00Z,0.0,-27.875,311.375,NaN
2026-02-09T12:00:00Z,0.0,-27.875,311.625,27.07
2026-02-09T12:00:00Z,0.0,-27.625,311.125,NaN
2026-02-09T12:00:00Z,0.0,-27.625,311.375,NaN
2026-02-09T12:00:00Z,0.0,-27.625,311.625,27.15
2026-02-09T12:00:00Z,0.0,-27.375,311.125,NaN
2026-02-09T12:00:00Z,0.0,-27.375,311.375,NaN
2026-02-09T12:00:00Z,0.0,-27.375,311.625,27.22
2026-02-10T12:00:00Z,0.0,-27.875,311.125,NaN
2026-02-10T12:00:00Z,0.0,-27.875,311.375,NaN
2026-02-10T12:00:00Z,0.0,-27.875,311.625,27.039999
2026-02-10T12:00:00Z,0.0,-27.625,311.125,NaN
2026-02-10T12:00:00Z,0.0,-27.625,311.375,NaN
2026-02-10T12:00:00Z,0.0,-27.625,311.625,27.15
2026-02-10T12:00:00Z,0.0,-27.375,311.125,NaN
2026-02-10T12:00:00Z,0.0,-27.375,311.375,NaN
2026-02-10T12:00:00Z,0.0,-27.375,311.625,27.25
2026-02-11T12:00:00Z,0.0,-27.875,311.125,NaN
2026-02-11T12:00:00Z,0.0,-27.875,311.375,NaN
2026-02-11T12:00:00Z,0.0,-27.875,311.625,27.15
2026-02-11T12:00:00Z,0.0,-27.625,311.125,NaN
2026-02-11T12:00:00Z,0.0,-27.625,311.375,NaN
2026-02-11T12:00:00Z,0.0,-27.625,311.625,27.3
2026-02-11T12:00:00Z,0.0,-27.375,311.125,NaN
2026-02-11T12:00:00Z,0.0,-27.375,311.375,NaN
2026-02-11T12:00:00Z,0.0,-27.375,311.625,27.439999
2026-02-12T12:00:00Z,0.0,-27.875,311.125,NaN
2026-02-12T12:00:00Z,0.0,-27.875,311.375,NaN
2026-02-12T12:00:00Z,0.0,-27.875,311.625,27.33
2026-02-12T12:00:00Z,0.0,-27.625,311.125,NaN
2026-02-12T12:00:00Z,0.0,-27.625,311.375,NaN
2026-02-12T12:00:00Z,0.0,-27.625,311.625,27.5
2026-02-12T12:00:00Z,0.0,-27.375,311.125,NaN
2026-02-12T12:00:00Z,0.0,-27.375,311.375,NaN
2026-02-12T12:00:00Z,0.0,-27.375,311.625,27.68
2026-02-13T12:00:00Z,0.0,-27.875,311.125,NaN
2026-02-13T12:00:00Z,0.0,-27.875,311.375,NaN
2026-02-13T12:00:00Z,0.0,-27.875,311.625,27.46
2026-02-13T12:00:00Z,0.0,-27.625,311.125,NaN
2026-02-13T12:00:00Z,0.0,-27.625,311.375,NaN
2026-02-13T12:00:00Z,0.0,-27.625,311.625,27.65
2026-02-13T12:00:00Z,0.0,-27.375,311.125,NaN
2026-02-13T12:00:00Z,0.0,-27.375,311.375,NaN
2026-02-13T12:00:00Z,0.0,-27.375,311.625,27.869999
2026-02-14T12:00:00Z,0.0,-27.875,311.125,NaN
2026-02-14T12:00:00Z,0.0,-27.875,311.375,NaN
2026-02-14T12:00:00Z,0.0,-27.875,311.625,27.449999
2026-02-14T12:00:00Z,0.0,-27.625,311.125,NaN
2026-02-14T12:00:00Z,0.0,-27.625,311.375,NaN
2026-02-14T12:00:00Z,0.0,-27.625,311.625,27.64
2026-02-14T12:00:00Z,0.0,-27.375,311.125,NaN
2026-02-14T12:00:00Z,0.0,-27.375,311.375,NaN
2026-02-14T12:00:00Z,0.0,-27.375,311.625,27.88
2026-02-15T12:00:00Z,0.0,-27.875,311.125,NaN
2026-02-15T12:00:00Z,0.0,-27.875,311.375,NaN
2026-02-15T12:00:00Z,0.0,-27.875,311.625,27.4
2026-02-15T12:00:00Z,0.0,-27.625,311.125,NaN
2026-02-15T12:00:00Z,0.0,-27.625,311.375,NaN
2026-02-15T12:00:00Z,0.0,-27.625,311.625,27.55
2026-02-15T12:00:00Z,0.0,-27.375,311.125,NaN
2026-02-15T12:00:00Z,0.0,-27.375,311.375,NaN
2026-02-15T12:00:00Z,0.0,-27.375,311.625,27.789999
2026-02-16T12:00:00Z,0.0,-27.875,311.125,NaN
2026-02-16T12:00:00Z,0.0,-27.875,311.375,NaN
2026-02-16T12:00:00Z,0.0,-27.875,311.625,27.529999
2026-02-16T12:00:00Z,0.0,-27.625,311.125,NaN
2026-02-16T12:00:00Z,0.0,-27.625,311.375,NaN
2026-02-16T12:00:00Z,0.0,-27.625,311.625,27.689999
2026-02-16T12:00:00Z,0.0,-27.375,311.125,NaN
2026-02-16T12:00:00Z,0.0,-27.375,311.375,NaN
2026-02-16T12:00:00Z,0.0,-27.375,311.625,27.93
2026-02-17T12:00:00Z,0.0,-27.875,311.125,NaN
2026-02-17T12:00:00Z,0.0,-27.875,311.375,NaN
2026-02-17T12:00:00Z,0.0,-27.875,311.625,27.65
2026-02-17T12:00:00Z,0.0,-27.625,311.125,NaN
2026-02-17T12:00:00Z,0.0,-27.625,311.375,NaN
2026-02-17T12:00:00Z,0.0,-27.625,311.625,27.84
2026-02-17T12:00:00Z,0.0,-27.375,311.125,NaN
2026-02-17T12:00:00Z,0.0,-27.375,311.375,NaN
2026-02-17T12:00:00Z,0.0,-27.375,311.625,28.07
2026-02-18T12:00:00Z,0.0,-27.875,311.125,NaN
2026-02-18T12:00:00Z,0.0,-27.875,311.375,NaN
2026-02-18T12:00:00Z,0.0,-27.875,311.625,27.57
2026-02-18T12:00:00Z,0.0,-27.625,311.125,NaN
2026-02-18T12:00:00Z,0.0,-27.625,311.375,NaN
2026-02-18T12:00:00Z,0.0,-27.625,311.625,27.75
2026-02-18T12:00:00Z,0.0,-27.375,311.125,NaN
2026-02-18T12:00:00Z,0.0,-27.375,311.375,NaN
2026-02-18T12:00:00Z,0.0,-27.375,311.625,27.949999
2026-02-19T12:00:00Z,0.0,-27.875,311.125,NaN
2026-02-19T12:00:00Z,0.0,-27.875,311.375,NaN
2026-02-19T12:00:00Z,0.0,-27.875,311.625,27.39
2026-02-19T12:00:00Z,0.0,-27.625,311.125,NaN
2026-02-19T12:00:00Z,0.0,-27.625,311.375,NaN
2026-02-19T12:00:00Z,0.0,-27.625,311.625,27.57
2026-02-19T12:00:00Z,0.0,-27.375,311.125,NaN
2026-02-19T12:00:00Z,0.0,-27.375,311.375,NaN
2026-02-19T12:00:00Z,0.0,-27.375,311.625,27.789999
2026-02-20T12:00:00Z,0.0,-27.875,311.125,NaN
2026-02-20T12:00:00Z,0.0,-27.875,311.375,NaN
2026-02-20T12:00:00Z,0.0,-27.875,311.625,27.119999
2026-02-20T12:00:00Z,0.0,-27.625,311.125,NaN
2026-02-20T12:00:00Z,0.0,-27.625,311.375,NaN
2026-02-20T12:00:00Z,0.0,-27.625,311.625,27.32
2026-02-20T12:00:00Z,0.0,-27.375,311.125,NaN
2026-02-20T12:00:00Z,0.0,-27.375,311.375,NaN
2026-02-20T12:00:00Z,0.0,-27.375,311.625,27.599998
2026-02-21T12:00:00Z,0.0,-27.875,311.125,NaN
2026-02-21T12:00:00Z,0.0,-27.875,311.375,NaN
2026-02-21T12:00:00Z,0.0,-27.875,311.625,26.81
2026-02-21T12:00:00Z,0.0,-27.625,311.125,NaN
2026-02-21T12:00:00Z,0.0,-27.625,311.375,NaN
2026-02-21T12:00:00Z,0.0,-27.625,311.625,26.949999
2026-02-21T12:00:00Z,0.0,-27.375,311.125,NaN
2026-02-21T12:00:00Z,0.0,-27.375,311.375,NaN
2026-02-21T12:00:00Z,0.0,-27.375,311.625,27.14
2026-02-22T12:00:00Z,0.0,-27.875,311.125,NaN
2026-02-22T12:00:00Z,0.0,-27.875,311.375,NaN
2026-02-22T12:00:00Z,0.0,-27.875,311.625,26.65
2026-02-22T12:00:00Z,0.0,-27.625,311.125,NaN
2026-02-22T12:00:00Z,0.0,-27.625,311.375,NaN
2026-02-22T12:00:00Z,0.0,-27.625,311.625,26.8
2026-02-22T12:00:00Z,0.0,-27.375,311.125,NaN
2026-02-22T12:00:00Z,0.0,-27.375,311.375,NaN
2026-02-22T12:00:00Z,0.0,-27.375,311.625,26.97
2026-02-23T12:00:00Z,0.0,-27.875,311.125,NaN
2026-02-23T12:00:00Z,0.0,-27.875,311.375,NaN
2026-02-23T12:00:00Z,0.0,-27.875,311.625,26.529999
2026-02-23T12:00:00Z,0.0,-27.625,311.125,NaN
2026-02-23T12:00:00Z,0.0,-27.625,311.375,NaN
2026-02-23T12:00:00Z,0.0,-27.625,311.625,26.63
2026-02-23T12:00:00Z,0.0,-27.375,311.125,NaN
2026-02-23T12:00:00Z,0.0,-27.375,311.375,NaN
2026-02-23T12:00:00Z,0.0,-27.375,311.625,26.789999
2026-02-24T12:00:00Z,0.0,-27.875,311.125,NaN
2026-02-24T12:00:00Z,0.0,-27.875,311.375,NaN
2026-02-24T12:00:00Z,0.0,-27.875,311.625,26.48
2026-02-24T12:00:00Z,0.0,-27.625,311.125,NaN
2026-02-24T12:00:00Z,0.0,-27.625,311.375,NaN
2026-02-24T12:00:00Z,0.0,-27.625,311.625,26.58
2026-02-24T12:00:00Z,0.0,-27.375,311.125,NaN
2026-02-24T12:00:00Z,0.0,-27.375,311.375,NaN
2026-02-24T12:00:00Z,0.0,-27.375,311.625,26.789999
2026-02-25T12:00:00Z,0.0,-27.875,311.125,NaN
2026-02-25T12:00:00Z,0.0,-27.875,311.375,NaN
2026-02-25T12:00:00Z,0.0,-27.875,311.625,26.46
2026-02-25T12:00:00Z,0.0,-27.625,311.125,NaN
2026-02-25T12:00:00Z,0.0,-27.625,311.375,NaN
2026-02-25T12:00:00Z,0.0,-27.625,311.625,26.599998
2026-02-25T12:00:00Z,0.0,-27.375,311.125,NaN
2026-02-25T12:00:00Z,0.0,-27.375,311.375,NaN
2026-02-25T12:00:00Z,0.0,-27.375,311.625,26.84
2026-02-26T12:00:00Z,0.0,-27.875,311.125,NaN
2026-02-26T12:00:00Z,0.0,-27.875,311.375,NaN
2026-02-26T12:00:00Z,0.0,-27.875,311.625,26.23
2026-02-26T12:00:00Z,0.0,-27.625,311.125,NaN
2026-02-26T12:00:00Z,0.0,-27.625,311.375,NaN
2026-02-26T12:00:00Z,0.0,-27.625,311.625,26.279999
2026-02-26T12:00:00Z,0.0,-27.375,311.125,NaN
2026-02-26T12:00:00Z,0.0,-27.375,311.375,NaN
2026-02-26T12:00:00Z,0.0,-27.375,311.625,26.43
2026-02-27T12:00:00Z,0.0,-27.875,311.125,NaN
2026-02-27T12:00:00Z,0.0,-27.875,311.375,NaN
2026-02-27T12:00:00Z,0.0,-27.875,311.625,26.09
2026-02-27T12:00:00Z,0.0,-27.625,311.125,NaN
2026-02-27T12:00:00Z,0.0,-27.625,311.375,NaN
2026-02-27T12:00:00Z,0.0,-27.625,311.625,26.109999
2026-02-27T12:00:00Z,0.0,-27.375,311.125,NaN
2026-02-27T12:00:00Z,0.0,-27.375,311.375,NaN
2026-02-27T12:00:00Z,0.0,-27.375,311.625,26.21
2026-02-28T12:00:00Z,0.0,-27.875,311.125,NaN
2026-02-28T12:00:00Z,0.0,-27.875,311.375,NaN
2026-02-28T12:00:00Z,0.0,-27.875,311.625,26.019999
2026-02-28T12:00:00Z,0.0,-27.625,311.125,NaN
2026-02-28T12:00:00Z,0.0,-27.625,311.375,NaN
2026-02-28T12:00:00Z,0.0,-27.625,311.625,26.05
2026-02-28T12:00:00Z,0.0,-27.375,311.125,NaN
2026-02-28T12:00:00Z,0.0,-27.375,311.375,NaN
2026-02-28T12:00:00Z,0.0,-27.375,311.625,26.16
2026-03-01T12:00:00Z,0.0,-27.875,311.125,NaN
2026-03-01T12:00:00Z,0.0,-27.875,311.375,NaN
2026-03-01T12:00:00Z,0.0,-27.875,311.625,25.97
2026-03-01T12:00:00Z,0.0,-27.625,311.125,NaN
2026-03-01T12:00:00Z,0.0,-27.625,311.375,NaN
2026-03-01T12:00:00Z,0.0,-27.625,311.625,25.98
2026-03-01T12:00:00Z,0.0,-27.375,311.125,NaN
2026-03-01T12:00:00Z,0.0,-27.375,311.375,NaN
2026-03-01T12:00:00Z,0.0,-27.375,311.625,26.06
2026-03-02T12:00:00Z,0.0,-27.875,311.125,NaN
2026-03-02T12:00:00Z,0.0,-27.875,311.375,NaN
2026-03-02T12:00:00Z,0.0,-27.875,311.625,25.939999
2026-03-02T12:00:00Z,0.0,-27.625,311.125,NaN
2026-03-02T12:00:00Z,0.0,-27.625,311.375,NaN
2026-03-02T12:00:00Z,0.0,-27.625,311.625,25.99
2026-03-02T12:00:00Z,0.0,-27.375,311.125,NaN
2026-03-02T12:00:00Z,0.0,-27.375,311.375,NaN
2026-03-02T12:00:00Z,0.0,-27.375,311.625,26.099998
2026-03-03T12:00:00Z,0.0,-27.875,311.125,NaN
2026-03-03T12:00:00Z,0.0,-27.875,311.375,NaN
2026-03-03T12:00:00Z,0.0,-27.875,311.625,25.93
2026-03-03T12:00:00Z,0.0,-27.625,311.125,NaN
2026-03-03T12:00:00Z,0.0,-27.625,311.375,NaN
2026-03-03T12:00:00Z,0.0,-27.625,311.625,26.01
2026-03-03T12:00:00Z,0.0,-27.375,311.125,NaN
2026-03-03T12:00:00Z,0.0,-27.375,311.375,NaN
2026-03-03T12:00:00Z,0.0,-27.375,311.625,26.13
2026-03-04T12:00:00Z,0.0,-27.875,311.125,NaN
2026-03-04T12:00:00Z,0.0,-27.875,311.375,NaN
2026-03-04T12:00:00Z,0.0,-27.875,311.625,25.869999
2026-03-04T12:00:00Z,0.0,-27.625,311.125,NaN
2026-03-04T12:00:00Z,0.0,-27.625,311.375,NaN
2026-03-04T12:00:00Z,0.0,-27.625,311.625,25.949999
2026-03-04T12:00:00Z,0.0,-27.375,311.125,NaN
2026-03-04T12:00:00Z,0.0,-27.375,311.375,NaN
2026-03-04T12:00:00Z,0.0,-27.375,311.625,26.08
2026-03-05T12:00:00Z,0.0,-27.875,311.125,NaN
2026-03-05T12:00:00Z,0.0,-27.875,311.375,NaN
2026-03-05T12:00:00Z,0.0,-27.875,311.625,25.89
2026-03-05T12:00:00Z,0.0,-27.625,311.125,NaN
2026-03-05T12:00:00Z,0.0,-27.625,311.375,NaN
2026-03-05T12:00:00Z,0.0,-27.625,311.625,25.98
2026-03-05T12:00:00Z,0.0,-27.375,311.125,NaN
2026-03-05T12:00:00Z,0.0,-27.375,311.375,NaN
2026-03-05T12:00:00Z,0.0,-27.375,311.625,26.119999
2026-03-06T12:00:00Z,0.0,-27.875,311.125,NaN
2026-03-06T12:00:00Z,0.0,-27.875,311.375,NaN
2026-03-06T12:00:00Z,0.0,-27.875,311.625,25.949999
2026-03-06T12:00:00Z,0.0,-27.625,311.125,NaN
2026-03-06T12:00:00Z,0.0,-27.625,311.375,NaN
2026-03-06T12:00:00Z,0.0,-27.625,311.625,26.07
2026-03-06T12:00:00Z,0.0,-27.375,311.125,NaN
2026-03-06T12:00:00Z,0.0,-27.375,311.375,NaN
2026-03-06T12:00:00Z,0.0,-27.375,311.625,26.22
2026-03-07T12:00:00Z,0.0,-27.875,311.125,NaN
2026-03-07T12:00:00Z,0.0,-27.875,311.375,NaN
2026-03-07T12:00:00Z,0.0,-27.875,311.625,26.01
2026-03-07T12:00:00Z,0.0,-27.625,311.125,NaN
2026-03-07T12:00:00Z,0.0,-27.625,311.375,NaN
2026-03-07T12:00:00Z,0.0,-27.625,311.625,26.13
2026-03-07T12:00:00Z,0.0,-27.375,311.125,NaN
2026-03-07T12:00:00Z,0.0,-27.375,311.375,NaN
2026-03-07T12:00:00Z,0.0,-27.375,311.625,26.279999
2026-03-08T12:00:00Z,0.0,-27.875,311.125,NaN
2026-03-08T12:00:00Z,0.0,-27.875,311.375,NaN
2026-03-08T12:00:00Z,0.0,-27.875,311.625,25.9
2026-03-08T12:00:00Z,0.0,-27.625,311.125,NaN
2026-03-08T12:00:00Z,0.0,-27.625,311.375,NaN
2026-03-08T12:00:00Z,0.0,-27.625,311.625,26.039999
2026-03-08T12:00:00Z,0.0,-27.375,311.125,NaN
2026-03-08T12:00:00Z,0.0,-27.375,311.375,NaN
2026-03-08T12:00:00Z,0.0,-27.375,311.625,26.22
2026-03-09T12:00:00Z,0.0,-27.875,311.125,NaN
2026-03-09T12:00:00Z,0.0,-27.875,311.375,NaN
2026-03-09T12:00:00Z,0.0,-27.875,311.625,26.029999
2026-03-09T12:00:00Z,0.0,-27.625,311.125,NaN
2026-03-09T12:00:00Z,0.0,-27.625,311.375,NaN
2026-03-09T12:00:00Z,0.0,-27.625,311.625,26.109999
2026-03-09T12:00:00Z,0.0,-27.375,311.125,NaN
2026-03-09T12:00:00Z,0.0,-27.375,311.375,NaN
2026-03-09T12:00:00Z,0.0,-27.375,311.625,26.24
2026-03-10T12:00:00Z,0.0,-27.875,311.125,NaN
2026-03-10T12:00:00Z,0.0,-27.875,311.375,NaN
2026-03-10T12:00:00Z,0.0,-27.875,311.625,26.109999
2026-03-10T12:00:00Z,0.0,-27.625,311.125,NaN
2026-03-10T12:00:00Z,0.0,-27.625,311.375,NaN
2026-03-10T12:00:00Z,0.0,-27.625,311.625,26.08
2026-03-10T12:00:00Z,0.0,-27.375,311.125,NaN
2026-03-10T12:00:00Z,0.0,-27.375,311.375,NaN
2026-03-10T12:00:00Z,0.0,-27.375,311.625,26.029999
2026-03-11T12:00:00Z,0.0,-27.875,311.125,NaN
2026-03-11T12:00:00Z,0.0,-27.875,311.375,NaN
2026-03-11T12:00:00Z,0.0,-27.875,311.625,26.26
2026-03-11T12:00:00Z,0.0,-27.625,311.125,NaN
2026-03-11T12:00:00Z,0.0,-27.625,311.375,NaN
2026-03-11T12:00:00Z,0.0,-27.625,311.625,26.119999
2026-03-11T12:00:00Z,0.0,-27.375,311.125,NaN
2026-03-11T12:00:00Z,0.0,-27.375,311.375,NaN
2026-03-11T12:00:00Z,0.0,-27.375,311.625,26.01
2026-03-12T12:00:00Z,0.0,-27.875,311.125,NaN
2026-03-12T12:00:00Z,0.0,-27.875,311.375,NaN
2026-03-12T12:00:00Z,0.0,-27.875,311.625,26.039999
2026-03-12T12:00:00Z,0.0,-27.625,311.125,NaN
2026-03-12T12:00:00Z,0.0,-27.625,311.375,NaN
2026-03-12T12:00:00Z,0.0,-27.625,311.625,26.07
2026-03-12T12:00:00Z,0.0,-27.375,311.125,NaN
2026-03-12T12:00:00Z,0.0,-27.375,311.375,NaN
2026-03-12T12:00:00Z,0.0,-27.375,311.625,26.06
2026-03-13T12:00:00Z,0.0,-27.875,311.125,NaN
2026-03-13T12:00:00Z,0.0,-27.875,311.375,NaN
2026-03-13T12:00:00Z,0.0,-27.875,311.625,26.01
2026-03-13T12:00:00Z,0.0,-27.625,311.125,NaN
2026-03-13T12:00:00Z,0.0,-27.625,311.375,NaN
2026-03-13T12:00:00Z,0.0,-27.625,311.625,26.09
2026-03-13T12:00:00Z,0.0,-27.375,311.125,NaN
2026-03-13T12:00:00Z,0.0,-27.375,311.375,NaN
2026-03-13T12:00:00Z,0.0,-27.375,311.625,26.14
2026-03-14T12:00:00Z,0.0,-27.875,311.125,NaN
2026-03-14T12:00:00Z,0.0,-27.875,311.375,NaN
2026-03-14T12:00:00Z,0.0,-27.875,311.625,26.119999
2026-03-14T12:00:00Z,0.0,-27.625,311.125,NaN
2026-03-14T12:00:00Z,0.0,-27.625,311.375,NaN
2026-03-14T12:00:00Z,0.0,-27.625,311.625,26.18
2026-03-14T12:00:00Z,0.0,-27.375,311.125,NaN
2026-03-14T12:00:00Z,0.0,-27.375,311.375,NaN
2026-03-14T12:00:00Z,0.0,-27.375,311.625,26.24
2026-03-15T12:00:00Z,0.0,-27.875,311.125,NaN
2026-03-15T12:00:00Z,0.0,-27.875,311.375,NaN
2026-03-15T12:00:00Z,0.0,-27.875,311.625,26.349998
2026-03-15T12:00:00Z,0.0,-27.625,311.125,NaN
2026-03-15T12:00:00Z,0.0,-27.625,311.375,NaN
2026-03-15T12:00:00Z,0.0,-27.625,311.625,26.38
2026-03-15T12:00:00Z,0.0,-27.375,311.125,NaN
2026-03-15T12:00:00Z,0.0,-27.375,311.375,NaN
2026-03-15T12:00:00Z,0.0,-27.375,311.625,26.42
2026-03-16T12:00:00Z,0.0,-27.875,311.125,NaN
2026-03-16T12:00:00Z,0.0,-27.875,311.375,NaN
2026-03-16T12:00:00Z,0.0,-27.875,311.625,26.519999
2026-03-16T12:00:00Z,0.0,-27.625,311.125,NaN
2026-03-16T12:00:00Z,0.0,-27.625,311.375,NaN
2026-03-16T12:00:00Z,0.0,-27.625,311.625,26.599998
2026-03-16T12:00:00Z,0.0,-27.375,311.125,NaN
2026-03-16T12:00:00Z,0.0,-27.375,311.375,NaN
2026-03-16T12:00:00Z,0.0,-27.375,311.625,26.67
2026-03-17T12:00:00Z,0.0,-27.875,311.125,NaN
2026-03-17T12:00:00Z,0.0,-27.875,311.375,NaN
2026-03-17T12:00:00Z,0.0,-27.875,311.625,26.68
2026-03-17T12:00:00Z,0.0,-27.625,311.125,NaN
2026-03-17T12:00:00Z,0.0,-27.625,311.375,NaN
2026-03-17T12:00:00Z,0.0,-27.625,311.625,26.789999
2026-03-17T12:00:00Z,0.0,-27.375,311.125,NaN
2026-03-17T12:00:00Z,0.0,-27.375,311.375,NaN
2026-03-17T12:00:00Z,0.0,-27.375,311.625,26.869999
2026-03-18T12:00:00Z,0.0,-27.875,311.125,NaN
2026-03-18T12:00:00Z,0.0,-27.875,311.375,NaN
2026-03-18T12:00:00Z,0.0,-27.875,311.625,26.84
2026-03-18T12:00:00Z,0.0,-27.625,311.125,NaN
2026-03-18T12:00:00Z,0.0,-27.625,311.375,NaN
2026-03-18T12:00:00Z,0.0,-27.625,311.625,26.949999
2026-03-18T12:00:00Z,0.0,-27.375,311.125,NaN
2026-03-18T12:00:00Z,0.0,-27.375,311.375,NaN
2026-03-18T12:00:00Z,0.0,-27.375,311.625,27.039999
2026-03-19T12:00:00Z,0.0,-27.875,311.125,NaN
2026-03-19T12:00:00Z,0.0,-27.875,311.375,NaN
2026-03-19T12:00:00Z,0.0,-27.875,311.625,26.859999
2026-03-19T12:00:00Z,0.0,-27.625,311.125,NaN
2026-03-19T12:00:00Z,0.0,-27.625,311.375,NaN
2026-03-19T12:00:00Z,0.0,-27.625,311.625,26.97
2026-03-19T12:00:00Z,0.0,-27.375,311.125,NaN
2026-03-19T12:00:00Z,0.0,-27.375,311.375,NaN
2026-03-19T12:00:00Z,0.0,-27.375,311.625,27.06
2026-03-20T12:00:00Z,0.0,-27.875,311.125,NaN
2026-03-20T12:00:00Z,0.0,-27.875,311.375,NaN
2026-03-20T12:00:00Z,0.0,-27.875,311.625,26.9
2026-03-20T12:00:00Z,0.0,-27.625,311.125,NaN
2026-03-20T12:00:00Z,0.0,-27.625,311.375,NaN
2026-03-20T12:00:00Z,0.0,-27.625,311.625,27.029999
2026-03-20T12:00:00Z,0.0,-27.375,311.125,NaN
2026-03-20T12:00:00Z,0.0,-27.375,311.375,NaN
2026-03-20T12:00:00Z,0.0,-27.375,311.625,27.14
2026-03-21T12:00:00Z,0.0,-27.875,311.125,NaN
2026-03-21T12:00:00Z,0.0,-27.875,311.375,NaN
2026-03-21T12:00:00Z,0.0,-27.875,311.625,26.92
2026-03-21T12:00:00Z,0.0,-27.625,311.125,NaN
2026-03-21T12:00:00Z,0.0,-27.625,311.375,NaN
2026-03-21T12:00:00Z,0.0,-27.625,311.625,27.109999
2026-03-21T12:00:00Z,0.0,-27.375,311.125,NaN
2026-03-21T12:00:00Z,0.0,-27.375,311.375,NaN
2026-03-21T12:00:00Z,0.0,-27.375,311.625,27.22
2026-03-22T12:00:00Z,0.0,-27.875,311.125,NaN
2026-03-22T12:00:00Z,0.0,-27.875,311.375,NaN
2026-03-22T12:00:00Z,0.0,-27.875,311.625,27.07
2026-03-22T12:00:00Z,0.0,-27.625,311.125,NaN
2026-03-22T12:00:00Z,0.0,-27.625,311.375,NaN
2026-03-22T12:00:00Z,0.0,-27.625,311.625,27.32
2026-03-22T12:00:00Z,0.0,-27.375,311.125,NaN
2026-03-22T12:00:00Z,0.0,-27.375,311.375,NaN
2026-03-22T12:00:00Z,0.0,-27.375,311.625,27.439999
2026-03-23T12:00:00Z,0.0,-27.875,311.125,NaN
2026-03-23T12:00:00Z,0.0,-27.875,311.375,NaN
2026-03-23T12:00:00Z,0.0,-27.875,311.625,27.23
2026-03-23T12:00:00Z,0.0,-27.625,311.125,NaN
2026-03-23T12:00:00Z,0.0,-27.625,311.375,NaN
2026-03-23T12:00:00Z,0.0,-27.625,311.625,27.41
2026-03-23T12:00:00Z,0.0,-27.375,311.125,NaN
2026-03-23T12:00:00Z,0.0,-27.375,311.375,NaN
2026-03-23T12:00:00Z,0.0,-27.375,311.625,27.51
2026-03-24T12:00:00Z,0.0,-27.875,311.125,NaN
2026-03-24T12:00:00Z,0.0,-27.875,311.375,NaN
2026-03-24T12:00:00Z,0.0,-27.875,311.625,27.279999
2026-03-24T12:00:00Z,0.0,-27.625,311.125,NaN
2026-03-24T12:00:00Z,0.0,-27.625,311.375,NaN
2026-03-24T12:00:00Z,0.0,-27.625,311.625,27.41
2026-03-24T12:00:00Z,0.0,-27.375,311.125,NaN
2026-03-24T12:00:00Z,0.0,-27.375,311.375,NaN
2026-03-24T12:00:00Z,0.0,-27.375,311.625,27.46
2026-03-25T12:00:00Z,0.0,-27.875,311.125,NaN
2026-03-25T12:00:00Z,0.0,-27.875,311.375,NaN
2026-03-25T12:00:00Z,0.0,-27.875,311.625,26.84
2026-03-25T12:00:00Z,0.0,-27.625,311.125,NaN
2026-03-25T12:00:00Z,0.0,-27.625,311.375,NaN
2026-03-25T12:00:00Z,0.0,-27.625,311.625,27.119999
2026-03-25T12:00:00Z,0.0,-27.375,311.125,NaN
2026-03-25T12:00:00Z,0.0,-27.375,311.375,NaN
2026-03-25T12:00:00Z,0.0,-27.375,311.625,27.289999
2026-03-26T12:00:00Z,0.0,-27.875,311.125,NaN
2026-03-26T12:00:00Z,0.0,-27.875,311.375,NaN
2026-03-26T12:00:00Z,0.0,-27.875,311.625,26.57
2026-03-26T12:00:00Z,0.0,-27.625,311.125,NaN
2026-03-26T12:00:00Z,0.0,-27.625,311.375,NaN
2026-03-26T12:00:00Z,0.0,-27.625,311.625,26.99
2026-03-26T12:00:00Z,0.0,-27.375,311.125,NaN
2026-03-26T12:00:00Z,0.0,-27.375,311.375,NaN
2026-03-26T12:00:00Z,0.0,-27.375,311.625,27.279999
2026-03-27T12:00:00Z,0.0,-27.875,311.125,NaN
2026-03-27T12:00:00Z,0.0,-27.875,311.375,NaN
2026-03-27T12:00:00Z,0.0,-27.875,311.625,26.25
2026-03-27T12:00:00Z,0.0,-27.625,311.125,NaN
2026-03-27T12:00:00Z,0.0,-27.625,311.375,NaN
2026-03-27T12:00:00Z,0.0,-27.625,311.625,26.779999
2026-03-27T12:00:00Z,0.0,-27.375,311.125,NaN
2026-03-27T12:00:00Z,0.0,-27.375,311.375,NaN
2026-03-27T12:00:00Z,0.0,-27.375,311.625,27.22
2026-03-28T12:00:00Z,0.0,-27.875,311.125,NaN
2026-03-28T12:00:00Z,0.0,-27.875,311.375,NaN
2026-03-28T12:00:00Z,0.0,-27.875,311.625,25.83
2026-03-28T12:00:00Z,0.0,-27.625,311.125,NaN
2026-03-28T12:00:00Z,0.0,-27.625,311.375,NaN
2026-03-28T12:00:00Z,0.0,-27.625,311.625,26.449999
2026-03-28T12:00:00Z,0.0,-27.375,311.125,NaN
2026-03-28T12:00:00Z,0.0,-27.375,311.375,NaN
2026-03-28T12:00:00Z,0.0,-27.375,311.625,27.039999
2026-03-29T12:00:00Z,0.0,-27.875,311.125,NaN
2026-03-29T12:00:00Z,0.0,-27.875,311.375,NaN
2026-03-29T12:00:00Z,0.0,-27.875,311.625,25.63
2026-03-29T12:00:00Z,0.0,-27.625,311.125,NaN
2026-03-29T12:00:00Z,0.0,-27.625,311.375,NaN
2026-03-29T12:00:00Z,0.0,-27.625,311.625,26.289999
2026-03-29T12:00:00Z,0.0,-27.375,311.125,NaN
2026-03-29T12:00:00Z,0.0,-27.375,311.375,NaN
2026-03-29T12:00:00Z,0.0,-27.375,311.625,26.93
2026-03-30T12:00:00Z,0.0,-27.875,311.125,NaN
2026-03-30T12:00:00Z,0.0,-27.875,311.375,NaN
2026-03-30T12:00:00Z,0.0,-27.875,311.625,25.67
2026-03-30T12:00:00Z,0.0,-27.625,311.125,NaN
2026-03-30T12:00:00Z,0.0,-27.625,311.375,NaN
2026-03-30T12:00:00Z,0.0,-27.625,311.625,26.41
2026-03-30T12:00:00Z,0.0,-27.375,311.125,NaN
2026-03-30T12:00:00Z,0.0,-27.375,311.375,NaN
2026-03-30T12:00:00Z,0.0,-27.375,311.625,27.05
2026-03-31T12:00:00Z,0.0,-27.875,311.125,NaN
2026-03-31T12:00:00Z,0.0,-27.875,311.375,NaN
2026-03-31T12:00:00Z,0.0,-27.875,311.625,24.699999
2026-03-31T12:00:00Z,0.0,-27.625,311.125,NaN
2026-03-31T12:00:00Z,0.0,-27.625,311.375,NaN
2026-03-31T12:00:00Z,0.0,-27.625,311.625,25.539999
2026-03-31T12:00:00Z,0.0,-27.375,311.125,NaN
2026-03-31T12:00:00Z,0.0,-27.375,311.375,NaN
2026-03-31T12:00:00Z,0.0,-27.375,311.625,26.31
2026-04-01T12:00:00Z,0.0,-27.875,311.125,NaN
2026-04-01T12:00:00Z,0.0,-27.875,311.375,NaN
2026-04-01T12:00:00Z,0.0,-27.875,311.625,25.18
2026-04-01T12:00:00Z,0.0,-27.625,311.125,NaN
2026-04-01T12:00:00Z,0.0,-27.625,311.375,NaN
2026-04-01T12:00:00Z,0.0,-27.625,311.625,25.97
2026-04-01T12:00:00Z,0.0,-27.375,311.125,NaN
2026-04-01T12:00:00Z,0.0,-27.375,311.375,NaN
2026-04-01T12:00:00Z,0.0,-27.375,311.625,26.58
2026-04-02T12:00:00Z,0.0,-27.875,311.125,NaN
2026-04-02T12:00:00Z,0.0,-27.875,311.375,NaN
2026-04-02T12:00:00Z,0.0,-27.875,311.625,25.33
2026-04-02T12:00:00Z,0.0,-27.625,311.125,NaN
2026-04-02T12:00:00Z,0.0,-27.625,311.375,NaN
2026-04-02T12:00:00Z,0.0,-27.625,311.625,26.01
2026-04-02T12:00:00Z,0.0,-27.375,311.125,NaN
2026-04-02T12:00:00Z,0.0,-27.375,311.375,NaN
2026-04-02T12:00:00Z,0.0,-27.375,311.625,26.48
2026-04-03T12:00:00Z,0.0,-27.875,311.125,NaN
2026-04-03T12:00:00Z,0.0,-27.875,311.375,NaN
2026-04-03T12:00:00Z,0.0,-27.875,311.625,24.85
2026-04-03T12:00:00Z,0.0,-27.625,311.125,NaN
2026-04-03T12:00:00Z,0.0,-27.625,311.375,NaN
2026-04-03T12:00:00Z,0.0,-27.625,311.625,25.5
2026-04-03T12:00:00Z,0.0,-27.375,311.125,NaN
2026-04-03T12:00:00Z,0.0,-27.375,311.375,NaN
2026-04-03T12:00:00Z,0.0,-27.375,311.625,26.07
2026-04-04T12:00:00Z,0.0,-27.875,311.125,NaN
2026-04-04T12:00:00Z,0.0,-27.875,311.375,NaN
2026-04-04T12:00:00Z,0.0,-27.875,311.625,24.789999
2026-04-04T12:00:00Z,0.0,-27.625,311.125,NaN
2026-04-04T12:00:00Z,0.0,-27.625,311.375,NaN
2026-04-04T12:00:00Z,0.0,-27.625,311.625,25.38
2026-04-04T12:00:00Z,0.0,-27.375,311.125,NaN
2026-04-04T12:00:00Z,0.0,-27.375,311.375,NaN
2026-04-04T12:00:00Z,0.0,-27.375,311.625,25.96
2026-04-05T12:00:00Z,0.0,-27.875,311.125,NaN
2026-04-05T12:00:00Z,0.0,-27.875,311.375,NaN
2026-04-05T12:00:00Z,0.0,-27.875,311.625,24.64
2026-04-05T12:00:00Z,0.0,-27.625,311.125,NaN
2026-04-05T12:00:00Z,0.0,-27.625,311.375,NaN
2026-04-05T12:00:00Z,0.0,-27.625,311.625,25.14
2026-04-05T12:00:00Z,0.0,-27.375,311.125,NaN
2026-04-05T12:00:00Z,0.0,-27.375,311.375,NaN
2026-04-05T12:00:00Z,0.0,-27.375,311.625,25.74
2026-04-06T12:00:00Z,0.0,-27.875,311.125,NaN
2026-04-06T12:00:00Z,0.0,-27.875,311.375,NaN
2026-04-06T12:00:00Z,0.0,-27.875,311.625,24.58
2026-04-06T12:00:00Z,0.0,-27.625,311.125,NaN
2026-04-06T12:00:00Z,0.0,-27.625,311.375,NaN
2026-04-06T12:00:00Z,0.0,-27.625,311.625,25.08
2026-04-06T12:00:00Z,0.0,-27.375,311.125,NaN
2026-04-06T12:00:00Z,0.0,-27.375,311.375,NaN
2026-04-06T12:00:00Z,0.0,-27.375,311.625,25.65
2026-04-07T12:00:00Z,0.0,-27.875,311.125,NaN
2026-04-07T12:00:00Z,0.0,-27.875,311.375,NaN
2026-04-07T12:00:00Z,0.0,-27.875,311.625,24.449999
2026-04-07T12:00:00Z,0.0,-27.625,311.125,NaN
2026-04-07T12:00:00Z,0.0,-27.625,311.375,NaN
2026-04-07T12:00:00Z,0.0,-27.625,311.625,24.85
2026-04-07T12:00:00Z,0.0,-27.375,311.125,NaN
2026-04-07T12:00:00Z,0.0,-27.375,311.375,NaN
2026-04-07T12:00:00Z,0.0,-27.375,311.625,25.48
2026-04-08T12:00:00Z,0.0,-27.875,311.125,NaN
2026-04-08T12:00:00Z,0.0,-27.875,311.375,NaN
2026-04-08T12:00:00Z,0.0,-27.875,311.625,24.22
2026-04-08T12:00:00Z,0.0,-27.625,311.125,NaN
2026-04-08T12:00:00Z,0.0,-27.625,311.375,NaN
2026-04-08T12:00:00Z,0.0,-27.625,311.625,24.539999
2026-04-08T12:00:00Z,0.0,-27.375,311.125,NaN
2026-04-08T12:00:00Z,0.0,-27.375,311.375,NaN
2026-04-08T12:00:00Z,0.0,-27.375,311.625,25.13
2026-04-09T12:00:00Z,0.0,-27.875,311.125,NaN
2026-04-09T12:00:00Z,0.0,-27.875,311.375,NaN
2026-04-09T12:00:00Z,0.0,-27.875,311.625,24.029999
2026-04-09T12:00:00Z,0.0,-27.625,311.125,NaN
2026-04-09T12:00:00Z,0.0,-27.625,311.375,NaN
2026-04-09T12:00:00Z,0.0,-27.625,311.625,24.26
2026-04-09T12:00:00Z,0.0,-27.375,311.125,NaN
2026-04-09T12:00:00Z,0.0,-27.375,311.375,NaN
2026-04-09T12:00:00Z,0.0,-27.375,311.625,24.789999
2026-04-10T12:00:00Z,0.0,-27.875,311.125,NaN
2026-04-10T12:00:00Z,0.0,-27.875,311.375,NaN
2026-04-10T12:00:00Z,0.0,-27.875,311.625,23.949999
2026-04-10T12:00:00Z,0.0,-27.625,311.125,NaN
2026-04-10T12:00:00Z,0.0,-27.625,311.375,NaN
2026-04-10T12:00:00Z,0.0,-27.625,311.625,24.14
2026-04-10T12:00:00Z,0.0,-27.375,311.125,NaN
2026-04-10T12:00:00Z,0.0,-27.375,311.375,NaN
2026-04-10T12:00:00Z,0.0,-27.375,311.625,24.619999
2026-04-11T12:00:00Z,0.0,-27.875,311.125,NaN
2026-04-11T12:00:00Z,0.0,-27.875,311.375,NaN
2026-04-11T12:00:00Z,0.0,-27.875,311.625,23.869999
2026-04-11T12:00:00Z,0.0,-27.625,311.125,NaN
2026-04-11T12:00:00Z,0.0,-27.625,311.375,NaN
2026-04-11T12:00:00Z,0.0,-27.625,311.625,24.07
2026-04-11T12:00:00Z,0.0,-27.375,311.125,NaN
2026-04-11T12:00:00Z,0.0,-27.375,311.375,NaN
2026-04-11T12:00:00Z,0.0,-27.375,311.625,24.51
2026-04-12T12:00:00Z,0.0,-27.875,311.125,NaN
2026-04-12T12:00:00Z,0.0,-27.875,311.375,NaN
2026-04-12T12:00:00Z,0.0,-27.875,311.625,23.699999
2026-04-12T12:00:00Z,0.0,-27.625,311.125,NaN
2026-04-12T12:00:00Z,0.0,-27.625,311.375,NaN
2026-04-12T12:00:00Z,0.0,-27.625,311.625,23.92
2026-04-12T12:00:00Z,0.0,-27.375,311.125,NaN
2026-04-12T12:00:00Z,0.0,-27.375,311.375,NaN
2026-04-12T12:00:00Z,0.0,-27.375,311.625,24.38
2026-04-13T12:00:00Z,0.0,-27.875,311.125,NaN
2026-04-13T12:00:00Z,0.0,-27.875,311.375,NaN
2026-04-13T12:00:00Z,0.0,-27.875,311.625,23.75
2026-04-13T12:00:00Z,0.0,-27.625,311.125,NaN
2026-04-13T12:00:00Z,0.0,-27.625,311.375,NaN
2026-04-13T12:00:00Z,0.0,-27.625,311.625,23.9
2026-04-13T12:00:00Z,0.0,-27.375,311.125,NaN
2026-04-13T12:00:00Z,0.0,-27.375,311.375,NaN
2026-04-13T12:00:00Z,0.0,-27.375,311.625,24.279999
2026-04-14T12:00:00Z,0.0,-27.875,311.125,NaN
2026-04-14T12:00:00Z,0.0,-27.875,311.375,NaN
2026-04-14T12:00:00Z,0.0,-27.875,311.625,23.82
2026-04-14T12:00:00Z,0.0,-27.625,311.125,NaN
2026-04-14T12:00:00Z,0.0,-27.625,311.375,NaN
2026-04-14T12:00:00Z,0.0,-27.625,311.625,23.949999
2026-04-14T12:00:00Z,0.0,-27.375,311.125,NaN
2026-04-14T12:00:00Z,0.0,-27.375,311.375,NaN
2026-04-14T12:00:00Z,0.0,-27.375,311.625,24.33
2026-04-15T12:00:00Z,0.0,-27.875,311.125,NaN
2026-04-15T12:00:00Z,0.0,-27.875,311.375,NaN
2026-04-15T12:00:00Z,0.0,-27.875,311.625,24.06
2026-04-15T12:00:00Z,0.0,-27.625,311.125,NaN
2026-04-15T12:00:00Z,0.0,-27.625,311.375,NaN
2026-04-15T12:00:00Z,0.0,-27.625,311.625,24.17
2026-04-15T12:00:00Z,0.0,-27.375,311.125,NaN
2026-04-15T12:00:00Z,0.0,-27.375,311.375,NaN
2026-04-15T12:00:00Z,0.0,-27.375,311.625,24.51
2026-04-16T12:00:00Z,0.0,-27.875,311.125,NaN
2026-04-16T12:00:00Z,0.0,-27.875,311.375,NaN
2026-04-16T12:00:00Z,0.0,-27.875,311.625,24.369999
2026-04-16T12:00:00Z,0.0,-27.625,311.125,NaN
2026-04-16T12:00:00Z,0.0,-27.625,311.375,NaN
2026-04-16T12:00:00Z,0.0,-27.625,311.625,24.519999
2026-04-16T12:00:00Z,0.0,-27.375,311.125,NaN
2026-04-16T12:00:00Z,0.0,-27.375,311.375,NaN
2026-04-16T12:00:00Z,0.0,-27.375,311.625,24.82
2026-04-17T12:00:00Z,0.0,-27.875,311.125,NaN
2026-04-17T12:00:00Z,0.0,-27.875,311.375,NaN
2026-04-17T12:00:00Z,0.0,-27.875,311.625,24.439999
2026-04-17T12:00:00Z,0.0,-27.625,311.125,NaN
2026-04-17T12:00:00Z,0.0,-27.625,311.375,NaN
2026-04-17T12:00:00Z,0.0,-27.625,311.625,24.539999
2026-04-17T12:00:00Z,0.0,-27.375,311.125,NaN
2026-04-17T12:00:00Z,0.0,-27.375,311.375,NaN
2026-04-17T12:00:00Z,0.0,-27.375,311.625,24.81
2026-04-18T12:00:00Z,0.0,-27.875,311.125,NaN
2026-04-18T12:00:00Z,0.0,-27.875,311.375,NaN
2026-04-18T12:00:00Z,0.0,-27.875,311.625,24.519999
2026-04-18T12:00:00Z,0.0,-27.625,311.125,NaN
2026-04-18T12:00:00Z,0.0,-27.625,311.375,NaN
2026-04-18T12:00:00Z,0.0,-27.625,311.625,24.58
2026-04-18T12:00:00Z,0.0,-27.375,311.125,NaN
2026-04-18T12:00:00Z,0.0,-27.375,311.375,NaN
2026-04-18T12:00:00Z,0.0,-27.375,311.625,24.82
2026-04-19T12:00:00Z,0.0,-27.875,311.125,NaN
2026-04-19T12:00:00Z,0.0,-27.875,311.375,NaN
2026-04-19T12:00:00Z,0.0,-27.875,311.625,24.67
2026-04-19T12:00:00Z,0.0,-27.625,311.125,NaN
2026-04-19T12:00:00Z,0.0,-27.625,311.375,NaN
2026-04-19T12:00:00Z,0.0,-27.625,311.625,24.67
2026-04-19T12:00:00Z,0.0,-27.375,311.125,NaN
2026-04-19T12:00:00Z,0.0,-27.375,311.375,NaN
2026-04-19T12:00:00Z,0.0,-27.375,311.625,24.85
2026-04-20T12:00:00Z,0.0,-27.875,311.125,NaN
2026-04-20T12:00:00Z,0.0,-27.875,311.375,NaN
2026-04-20T12:00:00Z,0.0,-27.875,311.625,24.73
2026-04-20T12:00:00Z,0.0,-27.625,311.125,NaN
2026-04-20T12:00:00Z,0.0,-27.625,311.375,NaN
2026-04-20T12:00:00Z,0.0,-27.625,311.625,24.68
2026-04-20T12:00:00Z,0.0,-27.375,311.125,NaN
2026-04-20T12:00:00Z,0.0,-27.375,311.375,NaN
2026-04-20T12:00:00Z,0.0,-27.375,311.625,24.83
2026-04-21T12:00:00Z,0.0,-27.875,311.125,NaN
2026-04-21T12:00:00Z,0.0,-27.875,311.375,NaN
2026-04-21T12:00:00Z,0.0,-27.875,311.625,24.63
2026-04-21T12:00:00Z,0.0,-27.625,311.125,NaN
2026-04-21T12:00:00Z,0.0,-27.625,311.375,NaN
2026-04-21T12:00:00Z,0.0,-27.625,311.625,24.57
2026-04-21T12:00:00Z,0.0,-27.375,311.125,NaN
2026-04-21T12:00:00Z,0.0,-27.375,311.375,NaN
2026-04-21T12:00:00Z,0.0,-27.375,311.625,24.71
2026-04-22T12:00:00Z,0.0,-27.875,311.125,NaN
2026-04-22T12:00:00Z,0.0,-27.875,311.375,NaN
2026-04-22T12:00:00Z,0.0,-27.875,311.625,24.59
2026-04-22T12:00:00Z,0.0,-27.625,311.125,NaN
2026-04-22T12:00:00Z,0.0,-27.625,311.375,NaN
2026-04-22T12:00:00Z,0.0,-27.625,311.625,24.51
2026-04-22T12:00:00Z,0.0,-27.375,311.125,NaN
2026-04-22T12:00:00Z,0.0,-27.375,311.375,NaN
2026-04-22T12:00:00Z,0.0,-27.375,311.625,24.63
2026-04-23T12:00:00Z,0.0,-27.875,311.125,NaN
2026-04-23T12:00:00Z,0.0,-27.875,311.375,NaN
2026-04-23T12:00:00Z,0.0,-27.875,311.625,24.689999
2026-04-23T12:00:00Z,0.0,-27.625,311.125,NaN
2026-04-23T12:00:00Z,0.0,-27.625,311.375,NaN
2026-04-23T12:00:00Z,0.0,-27.625,311.625,24.63
2026-04-23T12:00:00Z,0.0,-27.375,311.125,NaN
2026-04-23T12:00:00Z,0.0,-27.375,311.375,NaN
2026-04-23T12:00:00Z,0.0,-27.375,311.625,24.73
2026-04-24T12:00:00Z,0.0,-27.875,311.125,NaN
2026-04-24T12:00:00Z,0.0,-27.875,311.375,NaN
2026-04-24T12:00:00Z,0.0,-27.875,311.625,24.949999
2026-04-24T12:00:00Z,0.0,-27.625,311.125,NaN
2026-04-24T12:00:00Z,0.0,-27.625,311.375,NaN
2026-04-24T12:00:00Z,0.0,-27.625,311.625,24.869999
2026-04-24T12:00:00Z,0.0,-27.375,311.125,NaN
2026-04-24T12:00:00Z,0.0,-27.375,311.375,NaN
2026-04-24T12:00:00Z,0.0,-27.375,311.625,24.949999
2026-04-25T12:00:00Z,0.0,-27.875,311.125,NaN
2026-04-25T12:00:00Z,0.0,-27.875,311.375,NaN
2026-04-25T12:00:00Z,0.0,-27.875,311.625,25.109999
2026-04-25T12:00:00Z,0.0,-27.625,311.125,NaN
2026-04-25T12:00:00Z,0.0,-27.625,311.375,NaN
2026-04-25T12:00:00Z,0.0,-27.625,311.625,25.07
2026-04-25T12:00:00Z,0.0,-27.375,311.125,NaN
2026-04-25T12:00:00Z,0.0,-27.375,311.375,NaN
2026-04-25T12:00:00Z,0.0,-27.375,311.625,25.14
2026-04-26T12:00:00Z,0.0,-27.875,311.125,NaN
2026-04-26T12:00:00Z,0.0,-27.875,311.375,NaN
2026-04-26T12:00:00Z,0.0,-27.875,311.625,25.289999
2026-04-26T12:00:00Z,0.0,-27.625,311.125,NaN
2026-04-26T12:00:00Z,0.0,-27.625,311.375,NaN
2026-04-26T12:00:00Z,0.0,-27.625,311.625,25.21
2026-04-26T12:00:00Z,0.0,-27.375,311.125,NaN
2026-04-26T12:00:00Z,0.0,-27.375,311.375,NaN
2026-04-26T12:00:00Z,0.0,-27.375,311.625,25.23
2026-04-27T12:00:00Z,0.0,-27.875,311.125,NaN
2026-04-27T12:00:00Z,0.0,-27.875,311.375,NaN
2026-04-27T12:00:00Z,0.0,-27.875,311.625,25.17
2026-04-27T12:00:00Z,0.0,-27.625,311.125,NaN
2026-04-27T12:00:00Z,0.0,-27.625,311.375,NaN
2026-04-27T12:00:00Z,0.0,-27.625,311.625,25.109999
2026-04-27T12:00:00Z,0.0,-27.375,311.125,NaN
2026-04-27T12:00:00Z,0.0,-27.375,311.375,NaN
2026-04-27T12:00:00Z,0.0,-27.375,311.625,25.08
2026-04-28T12:00:00Z,0.0,-27.875,311.125,NaN
2026-04-28T12:00:00Z,0.0,-27.875,311.375,NaN
2026-04-28T12:00:00Z,0.0,-27.875,311.625,25.029999
2026-04-28T12:00:00Z,0.0,-27.625,311.125,NaN
2026-04-28T12:00:00Z,0.0,-27.625,311.375,NaN
2026-04-28T12:00:00Z,0.0,-27.625,311.625,24.98
2026-04-28T12:00:00Z,0.0,-27.375,311.125,NaN
2026-04-28T12:00:00Z,0.0,-27.375,311.375,NaN
2026-04-28T12:00:00Z,0.0,-27.375,311.625,24.949999
2026-04-29T12:00:00Z,0.0,-27.875,311.125,NaN
2026-04-29T12:00:00Z,0.0,-27.875,311.375,NaN
2026-04-29T12:00:00Z,0.0,-27.875,311.625,24.779999
2026-04-29T12:00:00Z,0.0,-27.625,311.125,NaN
2026-04-29T12:00:00Z,0.0,-27.625,311.375,NaN
2026-04-29T12:00:00Z,0.0,-27.625,311.625,24.73
2026-04-29T12:00:00Z,0.0,-27.375,311.125,NaN
2026-04-29T12:00:00Z,0.0,-27.375,311.375,NaN
2026-04-29T12:00:00Z,0.0,-27.375,311.625,24.65
2026-04-30T12:00:00Z,0.0,-27.875,311.125,NaN
2026-04-30T12:00:00Z,0.0,-27.875,311.375,NaN
2026-04-30T12:00:00Z,0.0,-27.875,311.625,24.619999
2026-04-30T12:00:00Z,0.0,-27.625,311.125,NaN
2026-04-30T12:00:00Z,0.0,-27.625,311.375,NaN
2026-04-30T12:00:00Z,0.0,-27.625,311.625,24.6
2026-04-30T12:00:00Z,0.0,-27.375,311.125,NaN
2026-04-30T12:00:00Z,0.0,-27.375,311.375,NaN
2026-04-30T12:00:00Z,0.0,-27.375,311.625,24.55
2026-05-01T12:00:00Z,0.0,-27.875,311.125,NaN
2026-05-01T12:00:00Z,0.0,-27.875,311.375,NaN
2026-05-01T12:00:00Z,0.0,-27.875,311.625,24.609999
2026-05-01T12:00:00Z,0.0,-27.625,311.125,NaN
2026-05-01T12:00:00Z,0.0,-27.625,311.375,NaN
2026-05-01T12:00:00Z,0.0,-27.625,311.625,24.6
2026-05-01T12:00:00Z,0.0,-27.375,311.125,NaN
2026-05-01T12:00:00Z,0.0,-27.375,311.375,NaN
2026-05-01T12:00:00Z,0.0,-27.375,311.625,24.57
2026-05-02T12:00:00Z,0.0,-27.875,311.125,NaN
2026-05-02T12:00:00Z,0.0,-27.875,311.375,NaN
2026-05-02T12:00:00Z,0.0,-27.875,311.625,24.46
2026-05-02T12:00:00Z,0.0,-27.625,311.125,NaN
2026-05-02T12:00:00Z,0.0,-27.625,311.375,NaN
2026-05-02T12:00:00Z,0.0,-27.625,311.625,24.46
2026-05-02T12:00:00Z,0.0,-27.375,311.125,NaN
2026-05-02T12:00:00Z,0.0,-27.375,311.375,NaN
2026-05-02T12:00:00Z,0.0,-27.375,311.625,24.439999
2026-05-03T12:00:00Z,0.0,-27.875,311.125,NaN
2026-05-03T12:00:00Z,0.0,-27.875,311.375,NaN
2026-05-03T12:00:00Z,0.0,-27.875,311.625,24.109999
2026-05-03T12:00:00Z,0.0,-27.625,311.125,NaN
2026-05-03T12:00:00Z,0.0,-27.625,311.375,NaN
2026-05-03T12:00:00Z,0.0,-27.625,311.625,24.15
2026-05-03T12:00:00Z,0.0,-27.375,311.125,NaN
2026-05-03T12:00:00Z,0.0,-27.375,311.375,NaN
2026-05-03T12:00:00Z,0.0,-27.375,311.625,24.15
2026-05-04T12:00:00Z,0.0,-27.875,311.125,NaN
2026-05-04T12:00:00Z,0.0,-27.875,311.375,NaN
2026-05-04T12:00:00Z,0.0,-27.875,311.625,23.81
2026-05-04T12:00:00Z,0.0,-27.625,311.125,NaN
2026-05-04T12:00:00Z,0.0,-27.625,311.375,NaN
2026-05-04T12:00:00Z,0.0,-27.625,311.625,23.89
2026-05-04T12:00:00Z,0.0,-27.375,311.125,NaN
2026-05-04T12:00:00Z,0.0,-27.375,311.375,NaN
2026-05-04T12:00:00Z,0.0,-27.375,311.625,23.93
2026-05-05T12:00:00Z,0.0,-27.875,311.125,NaN
2026-05-05T12:00:00Z,0.0,-27.875,311.375,NaN
2026-05-05T12:00:00Z,0.0,-27.875,311.625,23.74
2026-05-05T12:00:00Z,0.0,-27.625,311.125,NaN
2026-05-05T12:00:00Z,0.0,-27.625,311.375,NaN
2026-05-05T12:00:00Z,0.0,-27.625,311.625,23.81
2026-05-05T12:00:00Z,0.0,-27.375,311.125,NaN
2026-05-05T12:00:00Z,0.0,-27.375,311.375,NaN
2026-05-05T12:00:00Z,0.0,-27.375,311.625,23.88
2026-05-06T12:00:00Z,0.0,-27.875,311.125,NaN
2026-05-06T12:00:00Z,0.0,-27.875,311.375,NaN
2026-05-06T12:00:00Z,0.0,-27.875,311.625,23.67
2026-05-06T12:00:00Z,0.0,-27.625,311.125,NaN
2026-05-06T12:00:00Z,0.0,-27.625,311.375,NaN
2026-05-06T12:00:00Z,0.0,-27.625,311.625,23.75
2026-05-06T12:00:00Z,0.0,-27.375,311.125,NaN
2026-05-06T12:00:00Z,0.0,-27.375,311.375,NaN
2026-05-06T12:00:00Z,0.0,-27.375,311.625,23.84
2026-05-07T12:00:00Z,0.0,-27.875,311.125,NaN
2026-05-07T12:00:00Z,0.0,-27.875,311.375,NaN
2026-05-07T12:00:00Z,0.0,-27.875,311.625,23.68
2026-05-07T12:00:00Z,0.0,-27.625,311.125,NaN
2026-05-07T12:00:00Z,0.0,-27.625,311.375,NaN
2026-05-07T12:00:00Z,0.0,-27.625,311.625,23.779999
2026-05-07T12:00:00Z,0.0,-27.375,311.125,NaN
2026-05-07T12:00:00Z,0.0,-27.375,311.375,NaN
2026-05-07T12:00:00Z,0.0,-27.375,311.625,23.89
2026-05-08T12:00:00Z,0.0,-27.875,311.125,NaN
2026-05-08T12:00:00Z,0.0,-27.875,311.375,NaN
2026-05-08T12:00:00Z,0.0,-27.875,311.625,23.65
2026-05-08T12:00:00Z,0.0,-27.625,311.125,NaN
2026-05-08T12:00:00Z,0.0,-27.625,311.375,NaN
2026-05-08T12:00:00Z,0.0,-27.625,311.625,23.75
2026-05-08T12:00:00Z,0.0,-27.375,311.125,NaN
2026-05-08T12:00:00Z,0.0,-27.375,311.375,NaN
2026-05-08T12:00:00Z,0.0,-27.375,311.625,23.89
2026-05-09T12:00:00Z,0.0,-27.875,311.125,NaN
2026-05-09T12:00:00Z,0.0,-27.875,311.375,NaN
2026-05-09T12:00:00Z,0.0,-27.875,311.625,22.88
2026-05-09T12:00:00Z,0.0,-27.625,311.125,NaN
2026-05-09T12:00:00Z,0.0,-27.625,311.375,NaN
2026-05-09T12:00:00Z,0.0,-27.625,311.625,23.15
2026-05-09T12:00:00Z,0.0,-27.375,311.125,NaN
2026-05-09T12:00:00Z,0.0,-27.375,311.375,NaN
2026-05-09T12:00:00Z,0.0,-27.375,311.625,23.43
2026-05-10T12:00:00Z,0.0,-27.875,311.125,NaN
2026-05-10T12:00:00Z,0.0,-27.875,311.375,NaN
2026-05-10T12:00:00Z,0.0,-27.875,311.625,22.6
2026-05-10T12:00:00Z,0.0,-27.625,311.125,NaN
2026-05-10T12:00:00Z,0.0,-27.625,311.375,NaN
2026-05-10T12:00:00Z,0.0,-27.625,311.625,22.76
2026-05-10T12:00:00Z,0.0,-27.375,311.125,NaN
2026-05-10T12:00:00Z,0.0,-27.375,311.375,NaN
2026-05-10T12:00:00Z,0.0,-27.375,311.625,22.939999
2026-05-11T12:00:00Z,0.0,-27.875,311.125,NaN
2026-05-11T12:00:00Z,0.0,-27.875,311.375,NaN
2026-05-11T12:00:00Z,0.0,-27.875,311.625,22.34
2026-05-11T12:00:00Z,0.0,-27.625,311.125,NaN
2026-05-11T12:00:00Z,0.0,-27.625,311.375,NaN
2026-05-11T12:00:00Z,0.0,-27.625,311.625,22.51
2026-05-11T12:00:00Z,0.0,-27.375,311.125,NaN
2026-05-11T12:00:00Z,0.0,-27.375,311.375,NaN
2026-05-11T12:00:00Z,0.0,-27.375,311.625,22.699999
2026-05-12T12:00:00Z,0.0,-27.875,311.125,NaN
2026-05-12T12:00:00Z,0.0,-27.875,311.375,NaN
2026-05-12T12:00:00Z,0.0,-27.875,311.625,21.99
2026-05-12T12:00:00Z,0.0,-27.625,311.125,NaN
2026-05-12T12:00:00Z,0.0,-27.625,311.375,NaN
2026-05-12T12:00:00Z,0.0,-27.625,311.625,22.15
2026-05-12T12:00:00Z,0.0,-27.375,311.125,NaN
2026-05-12T12:00:00Z,0.0,-27.375,311.375,NaN
2026-05-12T12:00:00Z,0.0,-27.375,311.625,22.359999
2026-05-13T12:00:00Z,0.0,-27.875,311.125,NaN
2026-05-13T12:00:00Z,0.0,-27.875,311.375,NaN
2026-05-13T12:00:00Z,0.0,-27.875,311.625,21.72
2026-05-13T12:00:00Z,0.0,-27.625,311.125,NaN
2026-05-13T12:00:00Z,0.0,-27.625,311.375,NaN
2026-05-13T12:00:00Z,0.0,-27.625,311.625,21.9
2026-05-13T12:00:00Z,0.0,-27.375,311.125,NaN
2026-05-13T12:00:00Z,0.0,-27.375,311.375,NaN
2026-05-13T12:00:00Z,0.0,-27.375,311.625,22.119999
2026-05-14T12:00:00Z,0.0,-27.875,311.125,NaN
2026-05-14T12:00:00Z,0.0,-27.875,311.375,NaN
2026-05-14T12:00:00Z,0.0,-27.875,311.625,21.43
2026-05-14T12:00:00Z,0.0,-27.625,311.125,NaN
2026-05-14T12:00:00Z,0.0,-27.625,311.375,NaN
2026-05-14T12:00:00Z,0.0,-27.625,311.625,21.619999
2026-05-14T12:00:00Z,0.0,-27.375,311.125,NaN
2026-05-14T12:00:00Z,0.0,-27.375,311.375,NaN
2026-05-14T12:00:00Z,0.0,-27.375,311.625,21.84
2026-05-15T12:00:00Z,0.0,-27.875,311.125,NaN
2026-05-15T12:00:00Z,0.0,-27.875,311.375,NaN
2026-05-15T12:00:00Z,0.0,-27.875,311.625,21.33
2026-05-15T12:00:00Z,0.0,-27.625,311.125,NaN
2026-05-15T12:00:00Z,0.0,-27.625,311.375,NaN
2026-05-15T12:00:00Z,0.0,-27.625,311.625,21.529999
2026-05-15T12:00:00Z,0.0,-27.375,311.125,NaN
2026-05-15T12:00:00Z,0.0,-27.375,311.375,NaN
2026-05-15T12:00:00Z,0.0,-27.375,311.625,21.75
2026-05-16T12:00:00Z,0.0,-27.875,311.125,NaN
2026-05-16T12:00:00Z,0.0,-27.875,311.375,NaN
2026-05-16T12:00:00Z,0.0,-27.875,311.625,21.039999
2026-05-16T12:00:00Z,0.0,-27.625,311.125,NaN
2026-05-16T12:00:00Z,0.0,-27.625,311.375,NaN
2026-05-16T12:00:00Z,0.0,-27.625,311.625,21.23
2026-05-16T12:00:00Z,0.0,-27.375,311.125,NaN
2026-05-16T12:00:00Z,0.0,-27.375,311.375,NaN
2026-05-16T12:00:00Z,0.0,-27.375,311.625,21.48
2026-05-17T12:00:00Z,0.0,-27.875,311.125,NaN
2026-05-17T12:00:00Z,0.0,-27.875,311.375,NaN
2026-05-17T12:00:00Z,0.0,-27.875,311.625,20.71
2026-05-17T12:00:00Z,0.0,-27.625,311.125,NaN
2026-05-17T12:00:00Z,0.0,-27.625,311.375,NaN
2026-05-17T12:00:00Z,0.0,-27.625,311.625,20.91
2026-05-17T12:00:00Z,0.0,-27.375,311.125,NaN
2026-05-17T12:00:00Z,0.0,-27.375,311.375,NaN
2026-05-17T12:00:00Z,0.0,-27.375,311.625,21.17
2026-05-18T12:00:00Z,0.0,-27.875,311.125,NaN
2026-05-18T12:00:00Z,0.0,-27.875,311.375,NaN
2026-05-18T12:00:00Z,0.0,-27.875,311.625,20.48
2026-05-18T12:00:00Z,0.0,-27.625,311.125,NaN
2026-05-18T12:00:00Z,0.0,-27.625,311.375,NaN
2026-05-18T12:00:00Z,0.0,-27.625,311.625,20.63
2026-05-18T12:00:00Z,0.0,-27.375,311.125,NaN
2026-05-18T12:00:00Z,0.0,-27.375,311.375,NaN
2026-05-18T12:00:00Z,0.0,-27.375,311.625,20.869999
2026-05-19T12:00:00Z,0.0,-27.875,311.125,NaN
2026-05-19T12:00:00Z,0.0,-27.875,311.375,NaN
2026-05-19T12:00:00Z,0.0,-27.875,311.625,19.92
2026-05-19T12:00:00Z,0.0,-27.625,311.125,NaN
2026-05-19T12:00:00Z,0.0,-27.625,311.375,NaN
2026-05-19T12:00:00Z,0.0,-27.625,311.625,20.07
2026-05-19T12:00:00Z,0.0,-27.375,311.125,NaN
2026-05-19T12:00:00Z,0.0,-27.375,311.375,NaN
2026-05-19T12:00:00Z,0.0,-27.375,311.625,20.289999
2026-05-20T12:00:00Z,0.0,-27.875,311.125,NaN
2026-05-20T12:00:00Z,0.0,-27.875,311.375,NaN
2026-05-20T12:00:00Z,0.0,-27.875,311.625,19.52
2026-05-20T12:00:00Z,0.0,-27.625,311.125,NaN
2026-05-20T12:00:00Z,0.0,-27.625,311.375,NaN
2026-05-20T12:00:00Z,0.0,-27.625,311.625,19.71
2026-05-20T12:00:00Z,0.0,-27.375,311.125,NaN
2026-05-20T12:00:00Z,0.0,-27.375,311.375,NaN
2026-05-20T12:00:00Z,0.0,-27.375,311.625,19.98
2026-05-21T12:00:00Z,0.0,-27.875,311.125,NaN
2026-05-21T12:00:00Z,0.0,-27.875,311.375,NaN
2026-05-21T12:00:00Z,0.0,-27.875,311.625,19.23
2026-05-21T12:00:00Z,0.0,-27.625,311.125,NaN
2026-05-21T12:00:00Z,0.0,-27.625,311.375,NaN
2026-05-21T12:00:00Z,0.0,-27.625,311.625,19.439999
2026-05-21T12:00:00Z,0.0,-27.375,311.125,NaN
2026-05-21T12:00:00Z,0.0,-27.375,311.375,NaN
2026-05-21T12:00:00Z,0.0,-27.375,311.625,19.74
2026-05-22T12:00:00Z,0.0,-27.875,311.125,NaN
2026-05-22T12:00:00Z,0.0,-27.875,311.375,NaN
2026-05-22T12:00:00Z,0.0,-27.875,311.625,19.01
2026-05-22T12:00:00Z,0.0,-27.625,311.125,NaN
2026-05-22T12:00:00Z,0.0,-27.625,311.375,NaN
2026-05-22T12:00:00Z,0.0,-27.625,311.625,19.23
2026-05-22T12:00:00Z,0.0,-27.375,311.125,NaN
2026-05-22T12:00:00Z,0.0,-27.375,311.375,NaN
2026-05-22T12:00:00Z,0.0,-27.375,311.625,19.539999
2026-05-23T12:00:00Z,0.0,-27.875,311.125,NaN
2026-05-23T12:00:00Z,0.0,-27.875,311.375,NaN
2026-05-23T12:00:00Z,0.0,-27.875,311.625,18.71
2026-05-23T12:00:00Z,0.0,-27.625,311.125,NaN
2026-05-23T12:00:00Z,0.0,-27.625,311.375,NaN
2026-05-23T12:00:00Z,0.0,-27.625,311.625,18.96
2026-05-23T12:00:00Z,0.0,-27.375,311.125,NaN
2026-05-23T12:00:00Z,0.0,-27.375,311.375,NaN
2026-05-23T12:00:00Z,0.0,-27.375,311.625,19.32
2026-05-24T12:00:00Z,0.0,-27.875,311.125,NaN
2026-05-24T12:00:00Z,0.0,-27.875,311.375,NaN
2026-05-24T12:00:00Z,0.0,-27.875,311.625,18.33
2026-05-24T12:00:00Z,0.0,-27.625,311.125,NaN
2026-05-24T12:00:00Z,0.0,-27.625,311.375,NaN
2026-05-24T12:00:00Z,0.0,-27.625,311.625,18.66
2026-05-24T12:00:00Z,0.0,-27.375,311.125,NaN
2026-05-24T12:00:00Z,0.0,-27.375,311.375,NaN
2026-05-24T12:00:00Z,0.0,-27.375,311.625,19.029999
2026-05-25T12:00:00Z,0.0,-27.875,311.125,NaN
2026-05-25T12:00:00Z,0.0,-27.875,311.375,NaN
2026-05-25T12:00:00Z,0.0,-27.875,311.625,18.26
2026-05-25T12:00:00Z,0.0,-27.625,311.125,NaN
2026-05-25T12:00:00Z,0.0,-27.625,311.375,NaN
2026-05-25T12:00:00Z,0.0,-27.625,311.625,18.57
2026-05-25T12:00:00Z,0.0,-27.375,311.125,NaN
2026-05-25T12:00:00Z,0.0,-27.375,311.375,NaN
2026-05-25T12:00:00Z,0.0,-27.375,311.625,19.01
2026-05-26T12:00:00Z,0.0,-27.875,311.125,NaN
2026-05-26T12:00:00Z,0.0,-27.875,311.375,NaN
2026-05-26T12:00:00Z,0.0,-27.875,311.625,18.3
2026-05-26T12:00:00Z,0.0,-27.625,311.125,NaN
2026-05-26T12:00:00Z,0.0,-27.625,311.375,NaN
2026-05-26T12:00:00Z,0.0,-27.625,311.625,18.55
2026-05-26T12:00:00Z,0.0,-27.375,311.125,NaN
2026-05-26T12:00:00Z,0.0,-27.375,311.375,NaN
2026-05-26T12:00:00Z,0.0,-27.375,311.625,18.939999
2026-05-27T12:00:00Z,0.0,-27.875,311.125,NaN
2026-05-27T12:00:00Z,0.0,-27.875,311.375,NaN
2026-05-27T12:00:00Z,0.0,-27.875,311.625,18.35
2026-05-27T12:00:00Z,0.0,-27.625,311.125,NaN
2026-05-27T12:00:00Z,0.0,-27.625,311.375,NaN
2026-05-27T12:00:00Z,0.0,-27.625,311.625,18.55
2026-05-27T12:00:00Z,0.0,-27.375,311.125,NaN
2026-05-27T12:00:00Z,0.0,-27.375,311.375,NaN
2026-05-27T12:00:00Z,0.0,-27.375,311.625,18.92
2026-05-28T12:00:00Z,0.0,-27.875,311.125,NaN
2026-05-28T12:00:00Z,0.0,-27.875,311.375,NaN
2026-05-28T12:00:00Z,0.0,-27.875,311.625,18.43
2026-05-28T12:00:00Z,0.0,-27.625,311.125,NaN
2026-05-28T12:00:00Z,0.0,-27.625,311.375,NaN
2026-05-28T12:00:00Z,0.0,-27.625,311.625,18.619999
2026-05-28T12:00:00Z,0.0,-27.375,311.125,NaN
2026-05-28T12:00:00Z,0.0,-27.375,311.375,NaN
2026-05-28T12:00:00Z,0.0,-27.375,311.625,18.97
2026-05-29T12:00:00Z,0.0,-27.875,311.125,NaN
2026-05-29T12:00:00Z,0.0,-27.875,311.375,NaN
2026-05-29T12:00:00Z,0.0,-27.875,311.625,18.5
2026-05-29T12:00:00Z,0.0,-27.625,311.125,NaN
2026-05-29T12:00:00Z,0.0,-27.625,311.375,NaN
2026-05-29T12:00:00Z,0.0,-27.625,311.625,18.68
2026-05-29T12:00:00Z,0.0,-27.375,311.125,NaN
2026-05-29T12:00:00Z,0.0,-27.375,311.375,NaN
2026-05-29T12:00:00Z,0.0,-27.375,311.625,18.99
2026-05-30T12:00:00Z,0.0,-27.875,311.125,NaN
2026-05-30T12:00:00Z,0.0,-27.875,311.375,NaN
2026-05-30T12:00:00Z,0.0,-27.875,311.625,18.699999
2026-05-30T12:00:00Z,0.0,-27.625,311.125,NaN
2026-05-30T12:00:00Z,0.0,-27.625,311.375,NaN
2026-05-30T12:00:00Z,0.0,-27.625,311.625,18.81
2026-05-30T12:00:00Z,0.0,-27.375,311.125,NaN
2026-05-30T12:00:00Z,0.0,-27.375,311.375,NaN
2026-05-30T12:00:00Z,0.0,-27.375,311.625,19.17
2026-05-31T12:00:00Z,0.0,-27.875,311.125,NaN
2026-05-31T12:00:00Z,0.0,-27.875,311.375,NaN
2026-05-31T12:00:00Z,0.0,-27.875,311.625,18.699999
2026-05-31T12:00:00Z,0.0,-27.625,311.125,NaN
2026-05-31T12:00:00Z,0.0,-27.625,311.375,NaN
2026-05-31T12:00:00Z,0.0,-27.625,311.625,18.869999
2026-05-31T12:00:00Z,0.0,-27.375,311.125,NaN
2026-05-31T12:00:00Z,0.0,-27.375,311.375,NaN
2026-05-31T12:00:00Z,0.0,-27.375,311.625,19.16
2026-06-01T12:00:00Z,0.0,-27.875,311.125,NaN
2026-06-01T12:00:00Z,0.0,-27.875,311.375,NaN
2026-06-01T12:00:00Z,0.0,-27.875,311.625,18.699999
2026-06-01T12:00:00Z,0.0,-27.625,311.125,NaN
2026-06-01T12:00:00Z,0.0,-27.625,311.375,NaN
2026-06-01T12:00:00Z,0.0,-27.625,311.625,18.93
2026-06-01T12:00:00Z,0.0,-27.375,311.125,NaN
2026-06-01T12:00:00Z,0.0,-27.375,311.375,NaN
2026-06-01T12:00:00Z,0.0,-27.375,311.625,19.21
2026-06-02T12:00:00Z,0.0,-27.875,311.125,NaN
2026-06-02T12:00:00Z,0.0,-27.875,311.375,NaN
2026-06-02T12:00:00Z,0.0,-27.875,311.625,18.74
2026-06-02T12:00:00Z,0.0,-27.625,311.125,NaN
2026-06-02T12:00:00Z,0.0,-27.625,311.375,NaN
2026-06-02T12:00:00Z,0.0,-27.625,311.625,18.99
2026-06-02T12:00:00Z,0.0,-27.375,311.125,NaN
2026-06-02T12:00:00Z,0.0,-27.375,311.375,NaN
2026-06-02T12:00:00Z,0.0,-27.375,311.625,19.23
2026-06-03T12:00:00Z,0.0,-27.875,311.125,NaN
2026-06-03T12:00:00Z,0.0,-27.875,311.375,NaN
2026-06-03T12:00:00Z,0.0,-27.875,311.625,18.73
2026-06-03T12:00:00Z,0.0,-27.625,311.125,NaN
2026-06-03T12:00:00Z,0.0,-27.625,311.375,NaN
2026-06-03T12:00:00Z,0.0,-27.625,311.625,19.039999
2026-06-03T12:00:00Z,0.0,-27.375,311.125,NaN
2026-06-03T12:00:00Z,0.0,-27.375,311.375,NaN
2026-06-03T12:00:00Z,0.0,-27.375,311.625,19.25
2026-06-04T12:00:00Z,0.0,-27.875,311.125,NaN
2026-06-04T12:00:00Z,0.0,-27.875,311.375,NaN
2026-06-04T12:00:00Z,0.0,-27.875,311.625,18.96
2026-06-04T12:00:00Z,0.0,-27.625,311.125,NaN
2026-06-04T12:00:00Z,0.0,-27.625,311.375,NaN
2026-06-04T12:00:00Z,0.0,-27.625,311.625,19.21
2026-06-04T12:00:00Z,0.0,-27.375,311.125,NaN
2026-06-04T12:00:00Z,0.0,-27.375,311.375,NaN
2026-06-04T12:00:00Z,0.0,-27.375,311.625,19.34
2026-06-05T12:00:00Z,0.0,-27.875,311.125,NaN
2026-06-05T12:00:00Z,0.0,-27.875,311.375,NaN
2026-06-05T12:00:00Z,0.0,-27.875,311.625,19.1
2026-06-05T12:00:00Z,0.0,-27.625,311.125,NaN
2026-06-05T12:00:00Z,0.0,-27.625,311.375,NaN
2026-06-05T12:00:00Z,0.0,-27.625,311.625,19.32
2026-06-05T12:00:00Z,0.0,-27.375,311.125,NaN
2026-06-05T12:00:00Z,0.0,-27.375,311.375,NaN
2026-06-05T12:00:00Z,0.0,-27.375,311.625,19.43
2026-06-06T12:00:00Z,0.0,-27.875,311.125,NaN
2026-06-06T12:00:00Z,0.0,-27.875,311.375,NaN
2026-06-06T12:00:00Z,0.0,-27.875,311.625,19.25
2026-06-06T12:00:00Z,0.0,-27.625,311.125,NaN
2026-06-06T12:00:00Z,0.0,-27.625,311.375,NaN
2026-06-06T12:00:00Z,0.0,-27.625,311.625,19.43
2026-06-06T12:00:00Z,0.0,-27.375,311.125,NaN
2026-06-06T12:00:00Z,0.0,-27.375,311.375,NaN
2026-06-06T12:00:00Z,0.0,-27.375,311.625,19.57
2026-06-07T12:00:00Z,0.0,-27.875,311.125,NaN
2026-06-07T12:00:00Z,0.0,-27.875,311.375,NaN
2026-06-07T12:00:00Z,0.0,-27.875,311.625,19.17
2026-06-07T12:00:00Z,0.0,-27.625,311.125,NaN
2026-06-07T12:00:00Z,0.0,-27.625,311.375,NaN
2026-06-07T12:00:00Z,0.0,-27.625,311.625,19.39
2026-06-07T12:00:00Z,0.0,-27.375,311.125,NaN
2026-06-07T12:00:00Z,0.0,-27.375,311.375,NaN
2026-06-07T12:00:00Z,0.0,-27.375,311.625,19.57
2026-06-08T12:00:00Z,0.0,-27.875,311.125,NaN
2026-06-08T12:00:00Z,0.0,-27.875,311.375,NaN
2026-06-08T12:00:00Z,0.0,-27.875,311.625,19.13
2026-06-08T12:00:00Z,0.0,-27.625,311.125,NaN
2026-06-08T12:00:00Z,0.0,-27.625,311.375,NaN
2026-06-08T12:00:00Z,0.0,-27.625,311.625,19.33
2026-06-08T12:00:00Z,0.0,-27.375,311.125,NaN
2026-06-08T12:00:00Z,0.0,-27.375,311.375,NaN
2026-06-08T12:00:00Z,0.0,-27.375,311.625,19.57
2026-06-09T12:00:00Z,0.0,-27.875,311.125,NaN
2026-06-09T12:00:00Z,0.0,-27.875,311.375,NaN
2026-06-09T12:00:00Z,0.0,-27.875,311.625,19.25
2026-06-09T12:00:00Z,0.0,-27.625,311.125,NaN
2026-06-09T12:00:00Z,0.0,-27.625,311.375,NaN
2026-06-09T12:00:00Z,0.0,-27.625,311.625,19.449999
2026-06-09T12:00:00Z,0.0,-27.375,311.125,NaN
2026-06-09T12:00:00Z,0.0,-27.375,311.375,NaN
2026-06-09T12:00:00Z,0.0,-27.375,311.625,19.689999
2026-06-10T12:00:00Z,0.0,-27.875,311.125,NaN
2026-06-10T12:00:00Z,0.0,-27.875,311.375,NaN
2026-06-10T12:00:00Z,0.0,-27.875,311.625,19.17
2026-06-10T12:00:00Z,0.0,-27.625,311.125,NaN
2026-06-10T12:00:00Z,0.0,-27.625,311.375,NaN
2026-06-10T12:00:00Z,0.0,-27.625,311.625,19.35
2026-06-10T12:00:00Z,0.0,-27.375,311.125,NaN
2026-06-10T12:00:00Z,0.0,-27.375,311.375,NaN
2026-06-10T12:00:00Z,0.0,-27.375,311.625,19.619999
2026-06-11T12:00:00Z,0.0,-27.875,311.125,NaN
2026-06-11T12:00:00Z,0.0,-27.875,311.375,NaN
2026-06-11T12:00:00Z,0.0,-27.875,311.625,18.98
2026-06-11T12:00:00Z,0.0,-27.625,311.125,NaN
2026-06-11T12:00:00Z,0.0,-27.625,311.375,NaN
2026-06-11T12:00:00Z,0.0,-27.625,311.625,19.199999
2026-06-11T12:00:00Z,0.0,-27.375,311.125,NaN
2026-06-11T12:00:00Z,0.0,-27.375,311.375,NaN
2026-06-11T12:00:00Z,0.0,-27.375,311.625,19.52
2026-06-12T12:00:00Z,0.0,-27.875,311.125,NaN
2026-06-12T12:00:00Z,0.0,-27.875,311.375,NaN
2026-06-12T12:00:00Z,0.0,-27.875,311.625,19.21
2026-06-12T12:00:00Z,0.0,-27.625,311.125,NaN
2026-06-12T12:00:00Z,0.0,-27.625,311.375,NaN
2026-06-12T12:00:00Z,0.0,-27.625,311.625,19.38
2026-06-12T12:00:00Z,0.0,-27.375,311.125,NaN
2026-06-12T12:00:00Z,0.0,-27.375,311.375,NaN
2026-06-12T12:00:00Z,0.0,-27.375,311.625,19.619999
2026-06-13T12:00:00Z,0.0,-27.875,311.125,NaN
2026-06-13T12:00:00Z,0.0,-27.875,311.375,NaN
2026-06-13T12:00:00Z,0.0,-27.875,311.625,19.24
2026-06-13T12:00:00Z,0.0,-27.625,311.125,NaN
2026-06-13T12:00:00Z,0.0,-27.625,311.375,NaN
2026-06-13T12:00:00Z,0.0,-27.625,311.625,19.359999
2026-06-13T12:00:00Z,0.0,-27.375,311.125,NaN
2026-06-13T12:00:00Z,0.0,-27.375,311.375,NaN
2026-06-13T12:00:00Z,0.0,-27.375,311.625,19.59
2026-06-14T12:00:00Z,0.0,-27.875,311.125,NaN
2026-06-14T12:00:00Z,0.0,-27.875,311.375,NaN
2026-06-14T12:00:00Z,0.0,-27.875,311.625,19.24
2026-06-14T12:00:00Z,0.0,-27.625,311.125,NaN
2026-06-14T12:00:00Z,0.0,-27.625,311.375,NaN
2026-06-14T12:00:00Z,0.0,-27.625,311.625,19.289999
2026-06-14T12:00:00Z,0.0,-27.375,311.125,NaN
2026-06-14T12:00:00Z,0.0,-27.375,311.375,NaN
2026-06-14T12:00:00Z,0.0,-27.375,311.625,19.49
2026-06-15T12:00:00Z,0.0,-27.875,311.125,NaN
2026-06-15T12:00:00Z,0.0,-27.875,311.375,NaN
2026-06-15T12:00:00Z,0.0,-27.875,311.625,19.01
2026-06-15T12:00:00Z,0.0,-27.625,311.125,NaN
2026-06-15T12:00:00Z,0.0,-27.625,311.375,NaN
2026-06-15T12:00:00Z,0.0,-27.625,311.625,19.0
2026-06-15T12:00:00Z,0.0,-27.375,311.125,NaN
2026-06-15T12:00:00Z,0.0,-27.375,311.375,NaN
2026-06-15T12:00:00Z,0.0,-27.375,311.625,19.21
2026-06-16T12:00:00Z,0.0,-27.875,311.125,NaN
2026-06-16T12:00:00Z,0.0,-27.875,311.375,NaN
2026-06-16T12:00:00Z,0.0,-27.875,311.625,18.71
2026-06-16T12:00:00Z,0.0,-27.625,311.125,NaN
2026-06-16T12:00:00Z,0.0,-27.625,311.375,NaN
2026-06-16T12:00:00Z,0.0,-27.625,311.625,18.75
2026-06-16T12:00:00Z,0.0,-27.375,311.125,NaN
2026-06-16T12:00:00Z,0.0,-27.375,311.375,NaN
2026-06-16T12:00:00Z,0.0,-27.375,311.625,18.92
2026-06-17T12:00:00Z,0.0,-27.875,311.125,NaN
2026-06-17T12:00:00Z,0.0,-27.875,311.375,NaN
2026-06-17T12:00:00Z,0.0,-27.875,311.625,18.67
2026-06-17T12:00:00Z,0.0,-27.625,311.125,NaN
2026-06-17T12:00:00Z,0.0,-27.625,311.375,NaN
2026-06-17T12:00:00Z,0.0,-27.625,311.625,18.77
2026-06-17T12:00:00Z,0.0,-27.375,311.125,NaN
2026-06-17T12:00:00Z,0.0,-27.375,311.375,NaN
2026-06-17T12:00:00Z,0.0,-27.375,311.625,18.9
2026-06-18T12:00:00Z,0.0,-27.875,311.125,NaN
2026-06-18T12:00:00Z,0.0,-27.875,311.375,NaN
2026-06-18T12:00:00Z,0.0,-27.875,311.625,18.56
2026-06-18T12:00:00Z,0.0,-27.625,311.125,NaN
2026-06-18T12:00:00Z,0.0,-27.625,311.375,NaN
2026-06-18T12:00:00Z,0.0,-27.625,311.625,18.699999
2026-06-18T12:00:00Z,0.0,-27.375,311.125,NaN
2026-06-18T12:00:00Z,0.0,-27.375,311.375,NaN
2026-06-18T12:00:00Z,0.0,-27.375,311.625,18.84
2026-06-19T12:00:00Z,0.0,-27.875,311.125,NaN
2026-06-19T12:00:00Z,0.0,-27.875,311.375,NaN
2026-06-19T12:00:00Z,0.0,-27.875,311.625,18.529999
2026-06-19T12:00:00Z,0.0,-27.625,311.125,NaN
2026-06-19T12:00:00Z,0.0,-27.625,311.375,NaN
2026-06-19T12:00:00Z,0.0,-27.625,311.625,18.699999
2026-06-19T12:00:00Z,0.0,-27.375,311.125,NaN
2026-06-19T12:00:00Z,0.0,-27.375,311.375,NaN
2026-06-19T12:00:00Z,0.0,-27.375,311.625,18.859999
2026-06-20T12:00:00Z,0.0,-27.875,311.125,NaN
2026-06-20T12:00:00Z,0.0,-27.875,311.375,NaN
2026-06-20T12:00:00Z,0.0,-27.875,311.625,18.39
2026-06-20T12:00:00Z,0.0,-27.625,311.125,NaN
2026-06-20T12:00:00Z,0.0,-27.625,311.375,NaN
2026-06-20T12:00:00Z,0.0,-27.625,311.625,18.55
2026-06-20T12:00:00Z,0.0,-27.375,311.125,NaN
2026-06-20T12:00:00Z,0.0,-27.375,311.375,NaN
2026-06-20T12:00:00Z,0.0,-27.375,311.625,18.74
2026-06-21T12:00:00Z,0.0,-27.875,311.125,NaN
2026-06-21T12:00:00Z,0.0,-27.875,311.375,NaN
2026-06-21T12:00:00Z,0.0,-27.875,311.625,18.32
2026-06-21T12:00:00Z,0.0,-27.625,311.125,NaN
2026-06-21T12:00:00Z,0.0,-27.625,311.375,NaN
2026-06-21T12:00:00Z,0.0,-27.625,311.625,18.42
2026-06-21T12:00:00Z,0.0,-27.375,311.125,NaN
2026-06-21T12:00:00Z,0.0,-27.375,311.375,NaN
2026-06-21T12:00:00Z,0.0,-27.375,311.625,18.6
2026-06-22T12:00:00Z,0.0,-27.875,311.125,NaN
2026-06-22T12:00:00Z,0.0,-27.875,311.375,NaN
2026-06-22T12:00:00Z,0.0,-27.875,311.625,18.26
2026-06-22T12:00:00Z,0.0,-27.625,311.125,NaN
2026-06-22T12:00:00Z,0.0,-27.625,311.375,NaN
2026-06-22T12:00:00Z,0.0,-27.625,311.625,18.279999
2026-06-22T12:00:00Z,0.0,-27.375,311.125,NaN
2026-06-22T12:00:00Z,0.0,-27.375,311.375,NaN
2026-06-22T12:00:00Z,0.0,-27.375,311.625,18.449999
2026-06-23T12:00:00Z,0.0,-27.875,311.125,NaN
2026-06-23T12:00:00Z,0.0,-27.875,311.375,NaN
2026-06-23T12:00:00Z,0.0,-27.875,311.625,18.14
2026-06-23T12:00:00Z,0.0,-27.625,311.125,NaN
2026-06-23T12:00:00Z,0.0,-27.625,311.375,NaN
2026-06-23T12:00:00Z,0.0,-27.625,311.625,18.119999
2026-06-23T12:00:00Z,0.0,-27.375,311.125,NaN
2026-06-23T12:00:00Z,0.0,-27.375,311.375,NaN
2026-06-23T12:00:00Z,0.0,-27.375,311.625,18.21
2026-06-24T12:00:00Z,0.0,-27.875,311.125,NaN
2026-06-24T12:00:00Z,0.0,-27.875,311.375,NaN
2026-06-24T12:00:00Z,0.0,-27.875,311.625,17.88
2026-06-24T12:00:00Z,0.0,-27.625,311.125,NaN
2026-06-24T12:00:00Z,0.0,-27.625,311.375,NaN
2026-06-24T12:00:00Z,0.0,-27.625,311.625,17.72
2026-06-24T12:00:00Z,0.0,-27.375,311.125,NaN
2026-06-24T12:00:00Z,0.0,-27.375,311.375,NaN
2026-06-24T12:00:00Z,0.0,-27.375,311.625,17.779999
2026-06-25T12:00:00Z,0.0,-27.875,311.125,NaN
2026-06-25T12:00:00Z,0.0,-27.875,311.375,NaN
2026-06-25T12:00:00Z,0.0,-27.875,311.625,17.85
2026-06-25T12:00:00Z,0.0,-27.625,311.125,NaN
2026-06-25T12:00:00Z,0.0,-27.625,311.375,NaN
2026-06-25T12:00:00Z,0.0,-27.625,311.625,17.72
2026-06-25T12:00:00Z,0.0,-27.375,311.125,NaN
2026-06-25T12:00:00Z,0.0,-27.375,311.375,NaN
2026-06-25T12:00:00Z,0.0,-27.375,311.625,17.789999
2026-06-26T12:00:00Z,0.0,-27.875,311.125,NaN
2026-06-26T12:00:00Z,0.0,-27.875,311.375,NaN
2026-06-26T12:00:00Z,0.0,-27.875,311.625,17.64
2026-06-26T12:00:00Z,0.0,-27.625,311.125,NaN
2026-06-26T12:00:00Z,0.0,-27.625,311.375,NaN
2026-06-26T12:00:00Z,0.0,-27.625,311.625,17.56
2026-06-26T12:00:00Z,0.0,-27.375,311.125,NaN
2026-06-26T12:00:00Z,0.0,-27.375,311.375,NaN
2026-06-26T12:00:00Z,0.0,-27.375,311.625,17.619999
2026-06-27T12:00:00Z,0.0,-27.875,311.125,NaN
2026-06-27T12:00:00Z,0.0,-27.875,311.375,NaN
2026-06-27T12:00:00Z,0.0,-27.875,311.625,17.5
2026-06-27T12:00:00Z,0.0,-27.625,311.125,NaN
2026-06-27T12:00:00Z,0.0,-27.625,311.375,NaN
2026-06-27T12:00:00Z,0.0,-27.625,311.625,17.5
2026-06-27T12:00:00Z,0.0,-27.375,311.125,NaN
2026-06-27T12:00:00Z,0.0,-27.375,311.375,NaN
2026-06-27T12:00:00Z,0.0,-27.375,311.625,17.55
2026-06-28T12:00:00Z,0.0,-27.875,311.125,NaN
2026-06-28T12:00:00Z,0.0,-27.875,311.375,NaN
2026-06-28T12:00:00Z,0.0,-27.875,311.625,17.51
2026-06-28T12:00:00Z,0.0,-27.625,311.125,NaN
2026-06-28T12:00:00Z,0.0,-27.625,311.375,NaN
2026-06-28T12:00:00Z,0.0,-27.625,311.625,17.529999
2026-06-28T12:00:00Z,0.0,-27.375,311.125,NaN
2026-06-28T12:00:00Z,0.0,-27.375,311.375,NaN
2026-06-28T12:00:00Z,0.0,-27.375,311.625,17.58
2026-06-29T12:00:00Z,0.0,-27.875,311.125,NaN
2026-06-29T12:00:00Z,0.0,-27.875,311.375,NaN
2026-06-29T12:00:00Z,0.0,-27.875,311.625,17.94
2026-06-29T12:00:00Z,0.0,-27.625,311.125,NaN
2026-06-29T12:00:00Z,0.0,-27.625,311.375,NaN
2026-06-29T12:00:00Z,0.0,-27.625,311.625,18.05
2026-06-29T12:00:00Z,0.0,-27.375,311.125,NaN
2026-06-29T12:00:00Z,0.0,-27.375,311.375,NaN
2026-06-29T12:00:00Z,0.0,-27.375,311.625,18.02
2026-06-30T12:00:00Z,0.0,-27.875,311.125,NaN
2026-06-30T12:00:00Z,0.0,-27.875,311.375,NaN
2026-06-30T12:00:00Z,0.0,-27.875,311.625,17.97
2026-06-30T12:00:00Z,0.0,-27.625,311.125,NaN
2026-06-30T12:00:00Z,0.0,-27.625,311.375,NaN
2026-06-30T12:00:00Z,0.0,-27.625,311.625,18.06
2026-06-30T12:00:00Z,0.0,-27.375,311.125,NaN
2026-06-30T12:00:00Z,0.0,-27.375,311.375,NaN
2026-06-30T12:00:00Z,0.0,-27.375,311.625,18.029999
2026-07-01T12:00:00Z,0.0,-27.875,311.125,NaN
2026-07-01T12:00:00Z,0.0,-27.875,311.375,NaN
2026-07-01T12:00:00Z,0.0,-27.875,311.625,17.82
2026-07-01T12:00:00Z,0.0,-27.625,311.125,NaN
2026-07-01T12:00:00Z,0.0,-27.625,311.375,NaN
2026-07-01T12:00:00Z,0.0,-27.625,311.625,17.73
2026-07-01T12:00:00Z,0.0,-27.375,311.125,NaN
2026-07-01T12:00:00Z,0.0,-27.375,311.375,NaN
2026-07-01T12:00:00Z,0.0,-27.375,311.625,17.64
2026-07-02T12:00:00Z,0.0,-27.875,311.125,NaN
2026-07-02T12:00:00Z,0.0,-27.875,311.375,NaN
2026-07-02T12:00:00Z,0.0,-27.875,311.625,17.039999
2026-07-02T12:00:00Z,0.0,-27.625,311.125,NaN
2026-07-02T12:00:00Z,0.0,-27.625,311.375,NaN
2026-07-02T12:00:00Z,0.0,-27.625,311.625,17.05
2026-07-02T12:00:00Z,0.0,-27.375,311.125,NaN
2026-07-02T12:00:00Z,0.0,-27.375,311.375,NaN
2026-07-02T12:00:00Z,0.0,-27.375,311.625,17.16
2026-07-03T12:00:00Z,0.0,-27.875,311.125,NaN
2026-07-03T12:00:00Z,0.0,-27.875,311.375,NaN
2026-07-03T12:00:00Z,0.0,-27.875,311.625,16.73
2026-07-03T12:00:00Z,0.0,-27.625,311.125,NaN
2026-07-03T12:00:00Z,0.0,-27.625,311.375,NaN
2026-07-03T12:00:00Z,0.0,-27.625,311.625,16.91
2026-07-03T12:00:00Z,0.0,-27.375,311.125,NaN
2026-07-03T12:00:00Z,0.0,-27.375,311.375,NaN
2026-07-03T12:00:00Z,0.0,-27.375,311.625,17.09
2026-07-04T12:00:00Z,0.0,-27.875,311.125,NaN
2026-07-04T12:00:00Z,0.0,-27.875,311.375,NaN
2026-07-04T12:00:00Z,0.0,-27.875,311.625,16.58
2026-07-04T12:00:00Z,0.0,-27.625,311.125,NaN
2026-07-04T12:00:00Z,0.0,-27.625,311.375,NaN
2026-07-04T12:00:00Z,0.0,-27.625,311.625,16.75
2026-07-04T12:00:00Z,0.0,-27.375,311.125,NaN
2026-07-04T12:00:00Z,0.0,-27.375,311.375,NaN
2026-07-04T12:00:00Z,0.0,-27.375,311.625,16.91
2026-07-05T12:00:00Z,0.0,-27.875,311.125,NaN
2026-07-05T12:00:00Z,0.0,-27.875,311.375,NaN
2026-07-05T12:00:00Z,0.0,-27.875,311.625,16.789999
2026-07-05T12:00:00Z,0.0,-27.625,311.125,NaN
2026-07-05T12:00:00Z,0.0,-27.625,311.375,NaN
2026-07-05T12:00:00Z,0.0,-27.625,311.625,16.93
2026-07-05T12:00:00Z,0.0,-27.375,311.125,NaN
2026-07-05T12:00:00Z,0.0,-27.375,311.375,NaN
2026-07-05T12:00:00Z,0.0,-27.375,311.625,17.14
2026-07-08T12:00:00Z,0.0,-27.875,311.125,NaN
2026-07-08T12:00:00Z,0.0,-27.875,311.375,NaN
2026-07-08T12:00:00Z,0.0,-27.875,311.625,15.809999
2026-07-08T12:00:00Z,0.0,-27.625,311.125,NaN
2026-07-08T12:00:00Z,0.0,-27.625,311.375,NaN
2026-07-08T12:00:00Z,0.0,-27.625,311.625,16.15
2026-07-08T12:00:00Z,0.0,-27.375,311.125,NaN
2026-07-08T12:00:00Z,0.0,-27.375,311.375,NaN
2026-07-08T12:00:00Z,0.0,-27.375,311.625,16.44
2026-07-09T12:00:00Z,0.0,-27.875,311.125,NaN
2026-07-09T12:00:00Z,0.0,-27.875,311.375,NaN
2026-07-09T12:00:00Z,0.0,-27.875,311.625,15.73
2026-07-09T12:00:00Z,0.0,-27.625,311.125,NaN
2026-07-09T12:00:00Z,0.0,-27.625,311.375,NaN
2026-07-09T12:00:00Z,0.0,-27.625,311.625,15.969999
2026-07-09T12:00:00Z,0.0,-27.375,311.125,NaN
2026-07-09T12:00:00Z,0.0,-27.375,311.375,NaN
2026-07-09T12:00:00Z,0.0,-27.375,311.625,16.199999
